ga:productSku,ga:productName,ga:date,ga:itemRevenue,ga:uniquePurchases,ga:itemQuantity
167,Give,20230101,50.0,1,1
B-LPBJP2,Little Pilgrim\'s Big Journey (Part 2),20230101,30.0,1,1
B-TJSB-DE,The Jesus Storybook Bible (Deluxe Edition),20230101,50.0,1,2
D-TMRC,The Most Reluctant Convert (DVD),20230101,130.0,2,2
M-2023HC,2023 Haven Calendar,20230101,30.0,1,1
M-YEGTH,Year End Gift to Haven,20230101,755.0,13,13
167,Give,20230102,20.0,1,1
B-LPBJBS,Little Pilgrim’s Big Journey (Boxed Set),20230102,110.0,1,1
B-MAE,Morning &amp; Evening,20230102,660.0,15,17
B-PARG,Psalms: A Reading Guide,20230102,20.0,1,1
D-TMRC,The Most Reluctant Convert (DVD),20230102,195.0,4,4
M-2023HC,2023 Haven Calendar,20230102,30.0,1,1
M-CB,Cuba Broadcast,20230102,50.0,1,1
M-YEGTH,Year End Gift to Haven,20230102,60.0,2,2
167,Give,20230103,1100.0,2,2
B-AA,Anchor Devotional - One Year Subscription,20230103,60.0,2,2
B-LPBJBS,Little Pilgrim’s Big Journey (Boxed Set),20230103,140.0,1,2
B-LPBJP2,Little Pilgrim\'s Big Journey (Part 2),20230103,50.0,1,1
B-MAE,Morning &amp; Evening,20230103,1034.5,20,22
D-AU,American Underdog (DVD),20230103,175.0,1,1
M-YEGTH,Year End Gift to Haven,20230103,700.0,2,2
167,Give,20230104,148.0,3,3
B-MAE,Morning &amp; Evening,20230104,485.0,15,15
B-OFQ,Our Faithful Queen,20230104,30.0,1,1
C-TBOH-V1,Haven: The Best Of,20230104,30.0,1,1
D-TMRC,The Most Reluctant Convert (DVD),20230104,30.0,1,1
M-2023HC,2023 Haven Calendar,20230104,130.0,6,6
M-YEGTH,Year End Gift to Haven,20230104,75.0,1,1
167,Give,20230105,92.0,2,2
B-LPBJBS,Little Pilgrim’s Big Journey (Boxed Set),20230105,50.0,1,1
B-MAE,Morning &amp; Evening,20230105,1015.0,24,26
B-MTC,Made to Crave,20230105,30.0,1,1
B-WOTW,Warriors of the Word,20230105,30.0,1,1
M-2023HC,2023 Haven Calendar,20230105,70.0,3,3
M-YEGTH,Year End Gift to Haven,20230105,200.0,1,1
167,Give,20230106,350.0,1,1
B-AA,Anchor Devotional - One Year Subscription,20230106,30.0,1,1
B-MAE,Morning &amp; Evening,20230106,780.0,20,22
B-OFQ,Our Faithful Queen,20230106,30.0,1,1
B-SS,Spurgeon’s Sorrows: Realistic Hope for those who Suffer from Depression,20230106,10.0,1,1
M-2023HC,2023 Haven Calendar,20230106,20.0,2,2
167,Give,20230107,50.0,1,1
B-MAE,Morning &amp; Evening,20230107,125.0,4,4
C-TBOH-V1,Haven: The Best Of,20230107,10.0,1,1
D-AU,American Underdog (DVD),20230107,10.0,1,1
M-2023HC,2023 Haven Calendar,20230107,10.0,1,1
167,Give,20230108,850.0,5,5
B-LPBJBS,Little Pilgrim’s Big Journey (Boxed Set),20230108,70.0,1,1
B-MAE,Morning &amp; Evening,20230108,145.0,5,5
B-OFQ,Our Faithful Queen,20230108,30.0,1,1
D-TMRC,The Most Reluctant Convert (DVD),20230108,30.0,1,1
167,Give,20230109,244.0,5,5
B-LPBJBS,Little Pilgrim’s Big Journey (Boxed Set),20230109,140.0,1,2
B-LPBJP2,Little Pilgrim\'s Big Journey (Part 2),20230109,50.0,1,1
B-MAE,Morning &amp; Evening,20230109,380.0,11,12
M-2023HC,2023 Haven Calendar,20230109,25.0,1,1
167,Give,20230110,165.0,5,5
B-MAE,Morning &amp; Evening,20230110,877.0,14,14
D-TMRC,The Most Reluctant Convert (DVD),20230110,10.0,1,1
167,Give,20230111,660.0,7,7
B-AA,Anchor Devotional - One Year Subscription,20230111,25.0,1,1
B-LPBJBS,Little Pilgrim’s Big Journey (Boxed Set),20230111,50.0,1,1
B-MAE,Morning &amp; Evening,20230111,988.0,28,30
167,Give,20230112,165.0,3,3
B-AA,Anchor Devotional - One Year Subscription,20230112,60.0,1,2
B-JAM,Jesus and Money,20230112,30.0,1,1
B-LPBJBS,Little Pilgrim’s Big Journey (Boxed Set),20230112,70.0,1,1
B-MAE,Morning &amp; Evening,20230112,650.0,17,18
B-SS,Spurgeon’s Sorrows: Realistic Hope for those who Suffer from Depression,20230112,25.0,1,1
C-WJTSOHS,We\'re Just The Singers Of His Song,20230112,30.0,1,1
M-2023HC,2023 Haven Calendar,20230112,15.0,1,1
167,Give,20230113,70.0,2,2
B-LPBJP2,Little Pilgrim\'s Big Journey (Part 2),20230113,50.0,1,1
B-MAE,Morning &amp; Evening,20230113,595.0,16,17
B-SOS,Songs of Suffering: 25 Hymns and Devotions for Weary Souls,20230113,50.0,1,1
C-TOP,The Odes Project,20230113,50.0,1,1
167,Give,20230114,110.0,3,3
B-LPBJBS,Little Pilgrim’s Big Journey (Boxed Set),20230114,50.0,1,1
B-MAE,Morning &amp; Evening,20230114,355.0,11,11
B-TJSB-DE,The Jesus Storybook Bible (Deluxe Edition),20230114,50.0,1,1
167,Give,20230115,25.0,1,1
B-LPBJBS,Little Pilgrim’s Big Journey (Boxed Set),20230115,240.0,3,4
B-LPBJP2,Little Pilgrim\'s Big Journey (Part 2),20230115,50.0,1,1
B-MAE,Morning &amp; Evening,20230115,285.0,3,3
C-HM,Handel\'s Messiah,20230115,270.0,3,9
167,Give,20230116,530.0,4,4
B-AA,Anchor Devotional - One Year Subscription,20230116,30.0,1,1
B-JAM,Jesus and Money,20230116,90.0,4,4
B-LPBJBS,Little Pilgrim’s Big Journey (Boxed Set),20230116,50.0,1,1
B-MAE,Morning &amp; Evening,20230116,625.0,11,11
D-TMRC,The Most Reluctant Convert (DVD),20230116,80.0,2,2
M-2023HC,2023 Haven Calendar,20230116,10.0,1,1
167,Give,20230117,151.75,3,3
B-JAM,Jesus and Money,20230117,35.0,3,3
B-LPBJBS,Little Pilgrim’s Big Journey (Boxed Set),20230117,140.0,1,2
B-LPBJP2,Little Pilgrim\'s Big Journey (Part 2),20230117,50.0,1,1
B-MAE,Morning &amp; Evening,20230117,380.0,6,9
167,Give,20230118,206.0,4,4
B-AA,Anchor Devotional - One Year Subscription,20230118,30.0,1,1
B-JAM,Jesus and Money,20230118,220.0,9,9
B-MAE,Morning &amp; Evening,20230118,200.0,4,4
D-TMRC,The Most Reluctant Convert (DVD),20230118,60.0,2,2
167,Give,20230119,10.0,1,1
B-JAM,Jesus and Money,20230119,240.0,8,8
B-LPBJBS,Little Pilgrim’s Big Journey (Boxed Set),20230119,140.0,1,2
B-LPBJP2,Little Pilgrim\'s Big Journey (Part 2),20230119,50.0,1,1
B-MAE,Morning &amp; Evening,20230119,195.0,5,5
167,Give,20230120,85.0,2,2
B-AA,Anchor Devotional - One Year Subscription,20230120,50.0,1,1
B-JAM,Jesus and Money,20230120,120.0,3,3
B-MAE,Morning &amp; Evening,20230120,150.0,2,2
M-2023HC,2023 Haven Calendar,20230120,20.0,1,1
167,Give,20230121,200.0,1,1
B-JAM,Jesus and Money,20230121,200.0,4,5
B-MAE,Morning &amp; Evening,20230121,50.0,1,1
M-CB,Cuba Broadcast,20230121,200.0,1,1
167,Give,20230122,75.0,2,2
B-MAE,Morning &amp; Evening,20230122,90.0,2,3
C-HM,Handel\'s Messiah,20230122,90.0,1,3
C-SG2NBD,So God! #2 Never Bow Down,20230122,30.0,1,1
167,Give,20230123,80.0,2,2
B-5TTPFYK,5 Things to Pray for Your Kids,20230123,20.0,1,2
B-JAM,Jesus and Money,20230123,50.0,3,3
B-TTPFYK,5 Things to Pray for Your Kids,20230123,30.0,1,1
B-5TTPFYK,5 Things to Pray for Your Kids,20230124,275.0,7,7
B-MAE,Morning &amp; Evening,20230124,50.0,1,1
B-NETBGHC,NET Bible (Gray Hardcover),20230124,50.0,1,1
167,Give,20230125,110.0,1,1
B-5TTPFYK,5 Things to Pray for Your Kids,20230125,395.0,9,14
B-LPBJBS,Little Pilgrim’s Big Journey (Boxed Set),20230125,140.0,1,2
B-LPBJP2,Little Pilgrim\'s Big Journey (Part 2),20230125,50.0,1,1
B-MAE,Morning &amp; Evening,20230125,20.0,1,1
M-2023HC,2023 Haven Calendar,20230125,25.0,1,1
M-CB,Cuba Broadcast,20230125,10000.0,1,1
167,Give,20230126,250.0,3,3
B-5TTPFYK,5 Things to Pray for Your Kids,20230126,710.0,17,23
B-JAM,Jesus and Money,20230126,10.0,1,1
B-MAE,Morning &amp; Evening,20230126,115.0,2,2
D-GOL,The Gospel Of Luke,20230126,30.0,1,1
167,Give,20230127,60.0,2,2
B-5TTPFYK,5 Things to Pray for Your Kids,20230127,1011.0,18,31
B-JAM,Jesus and Money,20230127,45.0,2,2
B-LPBJBS,Little Pilgrim’s Big Journey (Boxed Set),20230127,70.0,1,1
M-2023HC,2023 Haven Calendar,20230127,30.0,1,1
M-CB,Cuba Broadcast,20230127,30.0,1,1
167,Give,20230128,58.73,2,2
B-5TTPFYK,5 Things to Pray for Your Kids,20230128,120.0,4,5
B-AA,Anchor Devotional - One Year Subscription,20230128,30.0,1,1
B-JAM,Jesus and Money,20230128,150.0,2,2
B-MAE,Morning &amp; Evening,20230128,90.0,3,4
C-TOP,The Odes Project,20230128,30.0,1,1
167,Give,20230129,200.0,4,4
B-5TTPFYK,5 Things to Pray for Your Kids,20230129,65.0,3,3
B-FIFJ,"Fleeing ISIS, Finding Jesus",20230129,10.0,1,1
B-JAM,Jesus and Money,20230129,25.0,1,1
B-LPBJBS,Little Pilgrim’s Big Journey (Boxed Set),20230129,140.0,1,2
B-LPBJP2,Little Pilgrim\'s Big Journey (Part 2),20230129,50.0,1,1
B-MAE,Morning &amp; Evening,20230129,60.0,2,2
167,Give,20230130,110.0,2,2
B-5TTPFYK,5 Things to Pray for Your Kids,20230130,215.0,5,8
B-LPBJBS,Little Pilgrim’s Big Journey (Boxed Set),20230130,140.0,1,2
B-LPBJP2,Little Pilgrim\'s Big Journey (Part 2),20230130,50.0,1,1
B-MAE,Morning &amp; Evening,20230130,275.0,3,3
D-THPARTTHP,The Hiding Place/Return to the Hiding Place (DVD),20230130,445.0,10,10
167,Give,20230131,322.0,3,3
B-5TTPFYK,5 Things to Pray for Your Kids,20230131,10.0,1,1
B-GGATPG,"God, Greed, and the (Prosperity) Gospel",20230131,10.0,1,1
B-JAM,Jesus and Money,20230131,10.0,1,1
B-MAE,Morning &amp; Evening,20230131,70.0,2,2
C-HIMHV14,Hidden In My Heart Vol 1-4,20230131,50.0,1,1
D-AU,American Underdog (DVD),20230131,110.0,2,2
D-THPARTTHP,The Hiding Place/Return to the Hiding Place (DVD),20230131,265.0,8,8
167,Give,20230201,600.0,10,10
B-5TTPFYK,5 Things to Pray for Your Kids,20230201,210.0,4,7
B-JAM,Jesus and Money,20230201,40.0,2,2
B-MAE,Morning &amp; Evening,20230201,245.0,3,3
D-RTWOG,Revival: The Work of God (DVD),20230201,15.0,1,1
D-THPARTTHP,The Hiding Place/Return to the Hiding Place (DVD),20230201,1905.0,40,43
D-TMRC,The Most Reluctant Convert (DVD),20230201,70.0,2,3
167,Give,20230202,495.0,7,7
B-AA,Anchor Devotional - One Year Subscription,20230202,30.0,1,1
D-THPARTTHP,The Hiding Place/Return to the Hiding Place (DVD),20230202,1530.0,36,37
D-TMRC,The Most Reluctant Convert (DVD),20230202,25.0,1,1
167,Give,20230203,170.0,3,3
B-5TTPFYK,5 Things to Pray for Your Kids,20230203,295.0,4,6
B-MAE,Morning &amp; Evening,20230203,40.0,1,2
C-STBS1234,"Sing the Bible Set (Vol 1, 2, 3, &amp; 4)",20230203,50.0,1,1
D-AU,American Underdog (DVD),20230203,25.0,1,1
D-GOL,The Gospel Of Luke,20230203,25.0,1,1
D-THPARTTHP,The Hiding Place/Return to the Hiding Place (DVD),20230203,825.0,21,21
D-TMRC,The Most Reluctant Convert (DVD),20230203,25.0,1,1
167,Give,20230204,617.07,4,4
B-MAE,Morning &amp; Evening,20230204,50.0,2,2
D-THPARTTHP,The Hiding Place/Return to the Hiding Place (DVD),20230204,510.0,8,8
167,Give,20230205,130.0,2,2
B-AA,Anchor Devotional - One Year Subscription,20230205,30.0,1,1
B-JAM,Jesus and Money,20230205,25.0,1,1
B-MAE,Morning &amp; Evening,20230205,40.0,1,2
D-THPARTTHP,The Hiding Place/Return to the Hiding Place (DVD),20230205,210.0,4,4
167,Give,20230206,150.0,2,2
B-5TTPFYK,5 Things to Pray for Your Kids,20230206,115.0,3,5
B-AHAWAAGW,"A Hobbit, a Wardrobe, and a Great War",20230206,30.0,1,1
B-JAM,Jesus and Money,20230206,150.0,2,2
B-MAE,Morning &amp; Evening,20230206,80.0,2,2
D-THPARTTHP,The Hiding Place/Return to the Hiding Place (DVD),20230206,811.0,22,22
M-2023HC,2023 Haven Calendar,20230206,30.0,1,1
M-CB,Cuba Broadcast,20230206,100.0,1,1
B-5TTPFYK,5 Things to Pray for Your Kids,20230207,20.0,1,1
B-JAM,Jesus and Money,20230207,30.0,1,1
D-THPARTTHP,The Hiding Place/Return to the Hiding Place (DVD),20230207,795.0,16,17
167,Give,20230208,386.0,3,3
D-THPARTTHP,The Hiding Place/Return to the Hiding Place (DVD),20230208,465.0,13,14
167,Give,20230209,265.0,5,5
B-MAE,Morning &amp; Evening,20230209,360.0,6,6
B-NETBGHC,NET Bible (Gray Hardcover),20230209,50.0,1,1
D-THPARTTHP,The Hiding Place/Return to the Hiding Place (DVD),20230209,580.0,15,15
M-CB,Cuba Broadcast,20230209,1000.0,2,2
167,Give,20230210,276.0,5,5
B-5TTPFYK,5 Things to Pray for Your Kids,20230210,30.0,1,1
D-THPARTTHP,The Hiding Place/Return to the Hiding Place (DVD),20230210,965.0,23,25
D-TMRC,The Most Reluctant Convert (DVD),20230210,30.0,1,1
M-2023HC,2023 Haven Calendar,20230210,60.0,2,2
167,Give,20230211,50.0,1,1
D-THPARTTHP,The Hiding Place/Return to the Hiding Place (DVD),20230211,531.0,13,14
M-2023HC,2023 Haven Calendar,20230211,30.0,1,1
167,Give,20230212,175.0,4,4
C-H85B,Haven Quartet: 85th Anniversary Bundle,20230212,85.0,1,1
D-THPARTTHP,The Hiding Place/Return to the Hiding Place (DVD),20230212,250.0,4,4
167,Give,20230213,905.0,8,8
D-THPARTTHP,The Hiding Place/Return to the Hiding Place (DVD),20230213,160.0,4,4
167,Give,20230214,275.0,2,2
B-AA,Anchor Devotional - One Year Subscription,20230214,200.0,2,2
B-WTFIITBATZS,Where To Find It In The Bible (A to Z Series),20230214,140.0,6,6
D-DSITFOSPETER,David Suchet: In the Footsteps of St. Peter,20230214,10.0,1,1
D-R,Resurrection (DVD),20230214,10.0,1,1
D-RTWOG,Revival: The Work of God (DVD),20230214,30.0,1,1
D-THPARTTHP,The Hiding Place/Return to the Hiding Place (DVD),20230214,180.0,7,7
167,Give,20230215,543.0,5,5
ABDD-GAL,Gentle and Lowly: The Heart of Christ for Sinners and Suffers (Download),20230215,15.0,1,1
B-MAE,Morning &amp; Evening,20230215,30.0,1,2
B-WTFIITBATZS,Where To Find It In The Bible (A to Z Series),20230215,160.0,6,6
C-H85B,Haven Quartet: 85th Anniversary Bundle,20230215,105.0,1,1
C-TGSOC,The Glorious Sound Of Christmas,20230215,30.0,1,1
D-THPARTTHP,The Hiding Place/Return to the Hiding Place (DVD),20230215,220.0,6,6
M-CB,Cuba Broadcast,20230215,200.0,1,1
167,Give,20230216,586.0,7,7
B-AA,Anchor Devotional - One Year Subscription,20230216,30.0,1,1
B-MAE,Morning &amp; Evening,20230216,60.0,2,2
B-WTFIITBATZS,Where To Find It In The Bible (A to Z Series),20230216,550.0,13,17
D-THPARTTHP,The Hiding Place/Return to the Hiding Place (DVD),20230216,220.0,5,5
167,Give,20230217,185.0,5,5
B-TJSB-DE,The Jesus Storybook Bible (Deluxe Edition),20230217,50.0,1,1
B-WTFIITBATZS,Where To Find It In The Bible (A to Z Series),20230217,480.0,13,16
D-RTWOG,Revival: The Work of God (DVD),20230217,50.0,1,1
D-THPARTTHP,The Hiding Place/Return to the Hiding Place (DVD),20230217,70.0,2,2
167,Give,20230218,55.0,2,2
B-LPBJBS,Little Pilgrim’s Big Journey (Boxed Set),20230218,50.0,1,1
B-WTFIITBATZS,Where To Find It In The Bible (A to Z Series),20230218,210.0,6,8
C-HM,Handel\'s Messiah,20230218,50.0,1,1
D-THPARTTHP,The Hiding Place/Return to the Hiding Place (DVD),20230218,90.0,2,2
167,Give,20230219,60.0,1,1
B-WTFIITBATZS,Where To Find It In The Bible (A to Z Series),20230219,285.0,8,8
C-HM,Handel\'s Messiah,20230219,30.0,1,1
D-THPARTTHP,The Hiding Place/Return to the Hiding Place (DVD),20230219,110.0,4,4
M-2023HC,2023 Haven Calendar,20230219,10.0,1,1
167,Give,20230220,565.0,12,12
D-RTWOG,Revival: The Work of God (DVD),20230220,30.0,1,1
D-THPARTTHP,The Hiding Place/Return to the Hiding Place (DVD),20230220,158.47,4,4
M-AFU,Aid For Ukraine,20230220,1600.0,14,14
167,Give,20230221,507.0,12,12
B-WTFIITBATZS,Where To Find It In The Bible (A to Z Series),20230221,50.0,1,1
D-THPARTTHP,The Hiding Place/Return to the Hiding Place (DVD),20230221,15.0,1,1
M-AFU,Aid For Ukraine,20230221,3850.0,18,18
167,Give,20230222,1293.83,21,21
B-WTFIITBATZS,Where To Find It In The Bible (A to Z Series),20230222,50.0,2,2
D-THPARTTHP,The Hiding Place/Return to the Hiding Place (DVD),20230222,130.0,2,2
M-AFU,Aid For Ukraine,20230222,6105.0,45,45
167,Give,20230223,3900.0,28,28
B-WTFIITBATZS,Where To Find It In The Bible (A to Z Series),20230223,80.0,2,2
D-RTWOG,Revival: The Work of God (DVD),20230223,105.0,4,4
D-THPARTTHP,The Hiding Place/Return to the Hiding Place (DVD),20230223,30.0,1,1
M-AFU,Aid For Ukraine,20230223,12975.0,40,40
167,Give,20230224,4530.0,33,33
B-WTFIITBATZS,Where To Find It In The Bible (A to Z Series),20230224,130.0,3,3
D-THPARTTHP,The Hiding Place/Return to the Hiding Place (DVD),20230224,95.0,4,4
M-AFU,Aid For Ukraine,20230224,12765.0,41,42
167,Give,20230225,955.0,13,13
M-AFU,Aid For Ukraine,20230225,3150.0,18,18
M-CB,Cuba Broadcast,20230225,28.0,1,1
167,Give,20230226,355.0,10,10
B-TLMP,The Lord My Portion,20230226,50.0,1,2
B-WTFIITBATZS,Where To Find It In The Bible (A to Z Series),20230226,240.0,2,2
D-AU,American Underdog (DVD),20230226,15.0,1,1
M-AFU,Aid For Ukraine,20230226,1750.0,8,8
167,Give,20230227,260.0,6,6
B-AA,Anchor Devotional - One Year Subscription,20230227,55.0,2,2
B-WTFIITBATZS,Where To Find It In The Bible (A to Z Series),20230227,55.0,2,2
D-RTWOG,Revival: The Work of God (DVD),20230227,80.0,3,3
M-AFU,Aid For Ukraine,20230227,1405.0,12,12
167,Give,20230228,350.0,2,2
B-5TTPFYK,5 Things to Pray for Your Kids,20230228,15.0,1,1
B-AA,Anchor Devotional - One Year Subscription,20230228,30.0,1,1
B-JAM,Jesus and Money,20230228,30.0,1,1
B-MAE,Morning &amp; Evening,20230228,30.0,1,1
B-WTFIITBATZS,Where To Find It In The Bible (A to Z Series),20230228,45.0,2,2
D-RTWOG,Revival: The Work of God (DVD),20230228,150.0,6,6
D-THPARTTHP,The Hiding Place/Return to the Hiding Place (DVD),20230228,75.0,3,3
M-AFU,Aid For Ukraine,20230228,785.0,5,5
167,Give,20230301,1052.0,11,11
B-MAE,Morning &amp; Evening,20230301,30.0,1,1
B-TLMP,The Lord My Portion,20230301,30.0,1,1
C-TR,The Revelation,20230301,30.0,1,1
D-RTWOG,Revival: The Work of God (DVD),20230301,260.0,4,4
M-AFU,Aid For Ukraine,20230301,1100.0,7,7
167,Give,20230302,417.0,5,5
B-MAE,Morning &amp; Evening,20230302,30.0,1,2
B-WTFIITBATZS,Where To Find It In The Bible (A to Z Series),20230302,30.0,1,1
C-TR,The Revelation,20230302,30.0,1,1
D-DSITFOSPETER,David Suchet: In the Footsteps of St. Peter,20230302,30.0,1,1
D-RTWOG,Revival: The Work of God (DVD),20230302,490.0,9,13
D-THPARTTHP,The Hiding Place/Return to the Hiding Place (DVD),20230302,15.0,1,1
M-AFU,Aid For Ukraine,20230302,300.0,3,3
167,Give,20230303,1225.0,10,10
B-WTFIITBATZS,Where To Find It In The Bible (A to Z Series),20230303,100.0,1,1
D-RTWOG,Revival: The Work of God (DVD),20230303,830.0,21,21
M-AFU,Aid For Ukraine,20230303,1050.0,2,2
167,Give,20230304,335.0,6,6
ABDD-GAL,Gentle and Lowly: The Heart of Christ for Sinners and Suffers (Download),20230304,50.0,1,1
B-AA,Anchor Devotional - One Year Subscription,20230304,50.0,1,1
B-AG,Amazing Grace: The Life of John Newton and the Surprising Story Behind His Song,20230304,50.0,1,1
B-JAM,Jesus and Money,20230304,20.0,1,1
B-MAE,Morning &amp; Evening,20230304,30.0,1,1
C-HIMHV14,Hidden In My Heart Vol 1-4,20230304,100.0,1,2
D-AU,American Underdog (DVD),20230304,50.0,1,1
D-RTWOG,Revival: The Work of God (DVD),20230304,420.0,9,10
D-THPARTTHP,The Hiding Place/Return to the Hiding Place (DVD),20230304,65.0,2,2
M-AFU,Aid For Ukraine,20230304,675.0,4,4
167,Give,20230305,320.0,5,5
B-5TTPFYK,5 Things to Pray for Your Kids,20230305,10.0,1,1
B-FGIML,Finding God in My Loneliness,20230305,5.0,1,1
B-GGATPG,"God, Greed, and the (Prosperity) Gospel",20230305,10.0,1,1
B-TJSB-DE,The Jesus Storybook Bible (Deluxe Edition),20230305,10.0,1,1
B-WITW,Weakness is the Way,20230305,5.0,1,1
B-WTFIITBATZS,Where To Find It In The Bible (A to Z Series),20230305,200.0,1,1
C-HM,Handel\'s Messiah,20230305,20.0,1,1
C-TR,The Revelation,20230305,50.0,1,1
D-RTWOG,Revival: The Work of God (DVD),20230305,30.0,2,2
D-TMRC,The Most Reluctant Convert (DVD),20230305,10.0,1,1
M-AFU,Aid For Ukraine,20230305,100.0,1,1
M-CB,Cuba Broadcast,20230305,200.0,1,1
167,Give,20230306,225.0,4,4
B-WTFIITBATZS,Where To Find It In The Bible (A to Z Series),20230306,30.0,1,1
D-RTWOG,Revival: The Work of God (DVD),20230306,175.0,5,6
D-THPARTTHP,The Hiding Place/Return to the Hiding Place (DVD),20230306,30.0,1,1
167,Give,20230307,1175.0,6,7
C-STB4,Sing the Bible Vol 4,20230307,250.0,1,1
D-RTWOG,Revival: The Work of God (DVD),20230307,260.0,8,9
D-THPARTTHP,The Hiding Place/Return to the Hiding Place (DVD),20230307,20.0,1,1
167,Give,20230308,650.0,4,4
B-AA,Anchor Devotional - One Year Subscription,20230308,30.0,1,1
D-RTWOG,Revival: The Work of God (DVD),20230308,105.0,4,4
D-TCS2,The Chosen (Season 2),20230308,30.0,1,1
M-AFU,Aid For Ukraine,20230308,50.0,1,1
167,Give,20230309,380.0,5,5
B-LPBJBS,Little Pilgrim’s Big Journey (Boxed Set),20230309,50.0,1,1
D-RTWOG,Revival: The Work of God (DVD),20230309,420.0,12,12
M-AFU,Aid For Ukraine,20230309,600.0,2,2
167,Give,20230310,100.0,2,2
B-GAL,Gentle and Lowly: The Heart of Christ for Sinners and Suffers,20230310,30.0,1,1
B-MAE,Morning &amp; Evening,20230310,50.0,1,1
B-WTFIITBATZS,Where To Find It In The Bible (A to Z Series),20230310,30.0,1,1
D-RTWOG,Revival: The Work of God (DVD),20230310,410.0,10,10
D-THPARTTHP,The Hiding Place/Return to the Hiding Place (DVD),20230310,30.0,1,1
167,Give,20230311,155.0,3,3
B-AG,Amazing Grace: The Life of John Newton and the Surprising Story Behind His Song,20230311,50.0,1,1
D-RTWOG,Revival: The Work of God (DVD),20230311,20.0,1,1
167,Give,20230312,1535.0,4,4
B-AA,Anchor Devotional - One Year Subscription,20230312,80.0,2,2
D-DSITFS,David Suchet: In the Footsteps Set,20230312,110.0,1,1
167,Give,20230313,225.0,3,3
B-AG,Amazing Grace: The Life of John Newton and the Surprising Story Behind His Song,20230313,1401.0,21,25
D-RTWOG,Revival: The Work of God (DVD),20230313,15.0,1,1
D-THPARTTHP,The Hiding Place/Return to the Hiding Place (DVD),20230313,15.0,1,1
M-AFU,Aid For Ukraine,20230313,400.0,2,2
167,Give,20230314,290.0,4,4
B-AG,Amazing Grace: The Life of John Newton and the Surprising Story Behind His Song,20230314,690.0,23,24
B-LPBJP2,Little Pilgrim\'s Big Journey (Part 2),20230314,20.0,1,1
D-RTWOG,Revival: The Work of God (DVD),20230314,65.0,2,2
M-AFU,Aid For Ukraine,20230314,100.0,2,2
M-CB,Cuba Broadcast,20230314,100.0,1,1
167,Give,20230315,869.0,8,8
B-AG,Amazing Grace: The Life of John Newton and the Surprising Story Behind His Song,20230315,3195.0,76,82
B-TJSB-DE,The Jesus Storybook Bible (Deluxe Edition),20230315,50.0,1,1
D-RTWOG,Revival: The Work of God (DVD),20230315,90.0,3,3
M-AFU,Aid For Ukraine,20230315,50.0,1,1
167,Give,20230316,275.0,4,4
B-AG,Amazing Grace: The Life of John Newton and the Surprising Story Behind His Song,20230316,1465.0,34,37
B-MAE,Morning &amp; Evening,20230316,50.0,1,1
B-TJSB-DE,The Jesus Storybook Bible (Deluxe Edition),20230316,100.0,2,2
D-IHI,In His Image (2 DVD set),20230316,10.0,1,1
D-RTWOG,Revival: The Work of God (DVD),20230316,100.0,2,2
D-TCFC,The Case for Christ,20230316,10.0,1,1
D-THPARTTHP,The Hiding Place/Return to the Hiding Place (DVD),20230316,15.0,1,1
D-UP,Unplanned (DVD),20230316,10.0,1,1
M-CB,Cuba Broadcast,20230316,100.0,1,1
167,Give,20230317,170.0,2,2
B-AG,Amazing Grace: The Life of John Newton and the Surprising Story Behind His Song,20230317,1685.0,32,42
D-THPARTTHP,The Hiding Place/Return to the Hiding Place (DVD),20230317,20.0,1,1
D-TMRC,The Most Reluctant Convert (DVD),20230317,30.0,1,1
167,Give,20230318,75.0,2,2
B-AG,Amazing Grace: The Life of John Newton and the Surprising Story Behind His Song,20230318,1195.0,25,28
D-RTWOG,Revival: The Work of God (DVD),20230318,35.0,2,2
167,Give,20230319,760.0,5,5
B-AG,Amazing Grace: The Life of John Newton and the Surprising Story Behind His Song,20230319,500.0,12,12
B-WTFIITBATZS,Where To Find It In The Bible (A to Z Series),20230319,20.0,1,1
D-THPARTTHP,The Hiding Place/Return to the Hiding Place (DVD),20230319,20.0,1,1
M-2023HC,2023 Haven Calendar,20230319,30.0,1,1
167,Give,20230320,127.0,5,5
B-AA,Anchor Devotional - One Year Subscription,20230320,30.0,1,1
B-AG,Amazing Grace: The Life of John Newton and the Surprising Story Behind His Song,20230320,770.0,16,17
D-THPARTTHP,The Hiding Place/Return to the Hiding Place (DVD),20230320,50.0,1,1
M-AFU,Aid For Ukraine,20230320,100.0,1,1
167,Give,20230321,100.0,1,1
B-5TTPFYK,5 Things to Pray for Your Kids,20230321,100.0,1,4
B-AG,Amazing Grace: The Life of John Newton and the Surprising Story Behind His Song,20230321,585.0,13,15
B-WTFIITBATZS,Where To Find It In The Bible (A to Z Series),20230321,130.0,2,3
D-THPARTTHP,The Hiding Place/Return to the Hiding Place (DVD),20230321,30.0,1,1
167,Give,20230322,281.0,3,3
B-5TTPFYK,5 Things to Pray for Your Kids,20230322,25.0,1,1
B-AG,Amazing Grace: The Life of John Newton and the Surprising Story Behind His Song,20230322,1055.0,21,24
B-WTFIITBATZS,Where To Find It In The Bible (A to Z Series),20230322,55.0,2,2
D-RTWOG,Revival: The Work of God (DVD),20230322,50.0,1,1
M-AFU,Aid For Ukraine,20230322,50.0,1,1
167,Give,20230323,180.0,2,2
B-5TTPFYK,5 Things to Pray for Your Kids,20230323,30.0,1,1
B-AG,Amazing Grace: The Life of John Newton and the Surprising Story Behind His Song,20230323,6415.0,25,40
B-TJSB-DE,The Jesus Storybook Bible (Deluxe Edition),20230323,15.0,1,1
B-WTFIITBATZS,Where To Find It In The Bible (A to Z Series),20230323,10.0,1,1
M-AFU,Aid For Ukraine,20230323,50.0,1,1
167,Give,20230324,50.0,1,1
B-AG,Amazing Grace: The Life of John Newton and the Surprising Story Behind His Song,20230324,455.0,12,12
D-THPARTTHP,The Hiding Place/Return to the Hiding Place (DVD),20230324,30.0,1,1
167,Give,20230325,280.0,2,2
B-AG,Amazing Grace: The Life of John Newton and the Surprising Story Behind His Song,20230325,527.0,7,7
C-HIMHV14,Hidden In My Heart Vol 1-4,20230325,70.0,1,1
D-RTWOG,Revival: The Work of God (DVD),20230325,80.0,2,2
167,Give,20230326,115.0,3,3
B-AG,Amazing Grace: The Life of John Newton and the Surprising Story Behind His Song,20230326,175.0,7,7
D-AGCA5PK,American Gospel: Christ Alone (5 Pack),20230326,180.0,1,3
D-RTWOG,Revival: The Work of God (DVD),20230326,30.0,1,1
167,Give,20230327,225.0,4,4
B-AG,Amazing Grace: The Life of John Newton and the Surprising Story Behind His Song,20230327,170.0,5,5
B-DNBD,Darkest Night Brightest Day,20230327,495.0,11,13
M-AFU,Aid For Ukraine,20230327,60.0,1,1
167,Give,20230328,100.0,1,1
B-AG,Amazing Grace: The Life of John Newton and the Surprising Story Behind His Song,20230328,180.0,6,6
B-DNBD,Darkest Night Brightest Day,20230328,240.0,6,11
B-WTFIITBATZS,Where To Find It In The Bible (A to Z Series),20230328,100.0,2,2
D-RTWOG,Revival: The Work of God (DVD),20230328,50.0,1,1
M-AFU,Aid For Ukraine,20230328,50.0,1,1
M-CB,Cuba Broadcast,20230328,50.0,1,1
167,Give,20230329,164.71,3,3
B-AG,Amazing Grace: The Life of John Newton and the Surprising Story Behind His Song,20230329,245.0,6,6
B-DNBD,Darkest Night Brightest Day,20230329,400.0,11,17
C-HIMHV4,Hidden In My Heart Vol 4,20230329,20.0,1,2
167,Give,20230330,100.0,1,1
B-AG,Amazing Grace: The Life of John Newton and the Surprising Story Behind His Song,20230330,115.0,3,3
B-DNBD,Darkest Night Brightest Day,20230330,1755.0,19,30
B-WTFIITBATZS,Where To Find It In The Bible (A to Z Series),20230330,30.0,1,1
M-AFU,Aid For Ukraine,20230330,250.0,4,4
M-CB,Cuba Broadcast,20230330,100.0,1,1
167,Give,20230331,180.0,3,3
B-AG,Amazing Grace: The Life of John Newton and the Surprising Story Behind His Song,20230331,220.0,4,4
B-DNBD,Darkest Night Brightest Day,20230331,1220.0,26,32
B-MAE,Morning &amp; Evening,20230331,100.0,1,2
M-AFU,Aid For Ukraine,20230331,50.0,1,1
167,Give,20230401,175.0,3,3
B-AG,Amazing Grace: The Life of John Newton and the Surprising Story Behind His Song,20230401,30.0,1,1
B-DNBD,Darkest Night Brightest Day,20230401,475.0,7,12
B-MAE,Morning &amp; Evening,20230401,25.0,1,1
M-AFU,Aid For Ukraine,20230401,100.0,2,2
167,Give,20230402,200.0,4,4
B-DNBD,Darkest Night Brightest Day,20230402,220.0,6,6
C-AC,A Cappella,20230402,20.0,1,1
C-ACH,A Cappella Hymns,20230402,20.0,1,1
C-AG,Awesome God,20230402,20.0,1,1
C-DOE,Days of Elijah,20230402,20.0,1,1
C-HM,Handel\'s Messiah,20230402,30.0,1,1
C-TSOLAM,Together: Songs of Love &amp; Marriage,20230402,20.0,1,1
167,Give,20230403,1520.0,6,6
B-AAR,Anchor Devotional - Subscription Renewal,20230403,130.0,2,2
B-AG,Amazing Grace: The Life of John Newton and the Surprising Story Behind His Song,20230403,30.0,1,1
B-DNBD,Darkest Night Brightest Day,20230403,140.0,3,4
C-RLV1,"Resurrection Letters, Vol. 1",20230403,60.0,2,2
M-AA,Anchor Devotional - One Year Subscription &amp; Sponsor,20230403,25.0,1,1
M-SAIAS,Anchor Sponsor,20230403,5.0,1,1
167,Give,20230404,75.0,2,2
B-AAR,Anchor Devotional - Subscription Renewal,20230404,80.0,2,2
B-AG,Amazing Grace: The Life of John Newton and the Surprising Story Behind His Song,20230404,50.0,2,2
B-DNBD,Darkest Night Brightest Day,20230404,60.0,2,2
C-RLV1,"Resurrection Letters, Vol. 1",20230404,340.0,8,8
167,Give,20230405,262.0,4,4
B-AA,Anchor Devotional - One Year Subscription,20230405,240.0,6,6
B-AAR,Anchor Devotional - Subscription Renewal,20230405,160.0,4,4
B-AG,Amazing Grace: The Life of John Newton and the Surprising Story Behind His Song,20230405,15.0,1,1
B-DNBD,Darkest Night Brightest Day,20230405,215.0,2,3
C-RLV1,"Resurrection Letters, Vol. 1",20230405,310.0,10,12
D-AU,American Underdog (DVD),20230405,15.0,1,1
D-DSITFS,David Suchet: In the Footsteps Set,20230405,35.0,1,1
D-RTWOG,Revival: The Work of God (DVD),20230405,15.0,1,1
D-THPARTTHP,The Hiding Place/Return to the Hiding Place (DVD),20230405,15.0,1,1
D-TMRC,The Most Reluctant Convert (DVD),20230405,10.0,1,1
M-AA,"Anchor Devotional - Receive the Word, Share the Word",20230405,140.0,4,4
M-SAIAS,Anchor Sponsor,20230405,130.0,4,4
167,Give,20230406,315.0,3,3
B-AA,Anchor Devotional - One Year Subscription,20230406,80.0,2,2
B-AAR,Anchor Devotional - Subscription Renewal,20230406,565.0,11,12
B-AG,Amazing Grace: The Life of John Newton and the Surprising Story Behind His Song,20230406,130.0,2,3
B-DNBD,Darkest Night Brightest Day,20230406,150.0,3,5
C-RLV1,"Resurrection Letters, Vol. 1",20230406,450.0,13,15
M-AA,"Anchor Devotional - Receive the Word, Share the Word",20230406,230.0,2,2
M-AFU,Aid For Ukraine,20230406,50.0,1,1
M-CB,Cuba Broadcast,20230406,3000.0,1,1
M-SAIAS,Anchor Sponsor,20230406,50.0,2,2
167,Give,20230407,1125.0,7,7
B-AA,Anchor Devotional - One Year Subscription,20230407,260.0,4,4
B-AAR,Anchor Devotional - Subscription Renewal,20230407,510.0,6,6
B-AG,Amazing Grace: The Life of John Newton and the Surprising Story Behind His Song,20230407,50.0,2,2
B-DNBD,Darkest Night Brightest Day,20230407,20.0,1,1
C-RLV1,"Resurrection Letters, Vol. 1",20230407,332.0,8,8
M-AA,"Anchor Devotional - Receive the Word, Share the Word",20230407,50.0,1,1
M-SAIAS,Anchor Sponsor,20230407,50.0,1,1
167,Give,20230408,300.0,5,5
B-AA,Anchor Devotional - One Year Subscription,20230408,60.0,2,2
B-AAR,Anchor Devotional - Subscription Renewal,20230408,30.0,1,1
C-RLV1,"Resurrection Letters, Vol. 1",20230408,70.0,3,3
M-AFU,Aid For Ukraine,20230408,50.0,1,1
167,Give,20230409,30.0,2,2
B-AAR,Anchor Devotional - Subscription Renewal,20230409,525.0,2,2
B-AG,Amazing Grace: The Life of John Newton and the Surprising Story Behind His Song,20230409,90.0,3,3
B-DNBD,Darkest Night Brightest Day,20230409,30.0,1,1
C-RLV1,"Resurrection Letters, Vol. 1",20230409,70.0,2,2
167,Give,20230410,370.0,4,4
B-AAR,Anchor Devotional - Subscription Renewal,20230410,100.0,1,1
B-AG,Amazing Grace: The Life of John Newton and the Surprising Story Behind His Song,20230410,268.0,2,2
C-RLV1,"Resurrection Letters, Vol. 1",20230410,30.0,1,1
M-CB,Cuba Broadcast,20230410,360.0,7,7
167,Give,20230411,450.0,4,4
B-AAR,Anchor Devotional - Subscription Renewal,20230411,50.0,1,1
B-AG,Amazing Grace: The Life of John Newton and the Surprising Story Behind His Song,20230411,60.0,2,2
B-DNBD,Darkest Night Brightest Day,20230411,30.0,1,1
C-HIMHV14,Hidden In My Heart Vol 1-4,20230411,50.0,1,1
C-RLV1,"Resurrection Letters, Vol. 1",20230411,30.0,1,1
C-STBS1234,"Sing the Bible Set (Vol 1, 2, 3, &amp; 4)",20230411,50.0,1,1
M-CB,Cuba Broadcast,20230411,2750.0,7,7
167,Give,20230412,325.0,4,4
B-AA,Anchor Devotional - One Year Subscription,20230412,30.0,1,1
B-AG,Amazing Grace: The Life of John Newton and the Surprising Story Behind His Song,20230412,30.0,1,1
M-AA,"Anchor Devotional - Receive the Word, Share the Word",20230412,25.0,1,1
M-AFU,Aid For Ukraine,20230412,50.0,1,1
M-CB,Cuba Broadcast,20230412,3790.0,17,17
M-SAIAS,Anchor Sponsor,20230412,25.0,1,1
167,Give,20230413,225.0,4,4
B-AAR,Anchor Devotional - Subscription Renewal,20230413,105.0,3,3
M-AFU,Aid For Ukraine,20230413,50.0,1,1
M-CB,Cuba Broadcast,20230413,835.0,12,12
167,Give,20230414,195.0,3,3
B-AG,Amazing Grace: The Life of John Newton and the Surprising Story Behind His Song,20230414,30.0,1,1
M-CB,Cuba Broadcast,20230414,1605.0,6,6
167,Give,20230415,50.0,1,1
B-DNBD,Darkest Night Brightest Day,20230415,25.0,1,1
B-HWIMH,His Word in My Heart,20230415,15.0,1,1
M-CB,Cuba Broadcast,20230415,450.0,2,2
167,Give,20230416,35.0,1,1
C-RLV1,"Resurrection Letters, Vol. 1",20230416,54.0,1,1
M-AFU,Aid For Ukraine,20230416,100.0,1,1
M-CB,Cuba Broadcast,20230416,550.0,2,2
167,Give,20230417,150.0,4,4
B-AAR,Anchor Devotional - Subscription Renewal,20230417,205.0,4,4
B-WECSKAP,What Every Child Should Know About Prayer,20230417,567.0,17,19
M-CB,Cuba Broadcast,20230417,1130.0,3,3
167,Give,20230418,295.0,4,4
B-AA,Anchor Devotional - One Year Subscription,20230418,60.0,2,2
B-AAR,Anchor Devotional - Subscription Renewal,20230418,240.0,7,7
B-AG,Amazing Grace: The Life of John Newton and the Surprising Story Behind His Song,20230418,60.0,2,2
B-DNBD,Darkest Night Brightest Day,20230418,30.0,1,1
B-LPBJBS,Little Pilgrim’s Big Journey (Boxed Set),20230418,50.0,1,1
B-TJSB-DE,The Jesus Storybook Bible (Deluxe Edition),20230418,30.0,1,1
B-WECSKAP,What Every Child Should Know About Prayer,20230418,465.0,12,13
D-AGCA,American Gospel: Christ Alone,20230418,30.0,1,1
D-TMRC,The Most Reluctant Convert (DVD),20230418,30.0,1,1
M-CB,Cuba Broadcast,20230418,700.0,2,2
167,Give,20230419,411.0,4,4
B-5TTPFYK,5 Things to Pray for Your Kids,20230419,75.0,1,1
B-AA,Anchor Devotional - One Year Subscription,20230419,385.0,6,7
B-AAR,Anchor Devotional - Subscription Renewal,20230419,110.0,3,3
B-AG,Amazing Grace: The Life of John Newton and the Surprising Story Behind His Song,20230419,30.0,1,1
B-LPBJBS,Little Pilgrim’s Big Journey (Boxed Set),20230419,50.0,1,1
B-WECSKAP,What Every Child Should Know About Prayer,20230419,555.0,18,18
C-HIMHV14,Hidden In My Heart Vol 1-4,20230419,125.0,1,1
C-RLV1,"Resurrection Letters, Vol. 1",20230419,75.0,1,1
C-TR,The Revelation,20230419,100.0,1,1
D-AGCA,American Gospel: Christ Alone,20230419,30.0,1,1
D-AU,American Underdog (DVD),20230419,50.0,1,1
D-TMRC,The Most Reluctant Convert (DVD),20230419,30.0,1,1
M-AA,"Anchor Devotional - Receive the Word, Share the Word",20230419,100.0,1,1
M-CB,Cuba Broadcast,20230419,1250.0,1,1
167,Give,20230420,170.0,5,5
B-AA,Anchor Devotional - One Year Subscription,20230420,210.0,4,4
B-AAR,Anchor Devotional - Subscription Renewal,20230420,160.0,3,3
B-WECSKAP,What Every Child Should Know About Prayer,20230420,930.0,20,27
C-RLV1,"Resurrection Letters, Vol. 1",20230420,50.0,1,1
M-AA,"Anchor Devotional - Receive the Word, Share the Word",20230420,50.0,1,1
M-AFU,Aid For Ukraine,20230420,50.0,1,1
M-SAIAS,Anchor Sponsor,20230420,50.0,1,1
167,Give,20230421,50.0,1,1
B-AA,Anchor Devotional - One Year Subscription,20230421,30.0,1,1
B-AAR,Anchor Devotional - Subscription Renewal,20230421,130.0,3,3
B-AG,Amazing Grace: The Life of John Newton and the Surprising Story Behind His Song,20230421,30.0,1,1
B-WECSKAP,What Every Child Should Know About Prayer,20230421,665.0,18,21
C-HIMHV14,Hidden In My Heart Vol 1-4,20230421,50.0,1,1
M-CB,Cuba Broadcast,20230421,110.0,1,1
167,Give,20230422,195.0,3,3
B-HWIMH,His Word in My Heart,20230422,30.0,1,1
B-WECSKAP,What Every Child Should Know About Prayer,20230422,295.0,4,5
167,Give,20230423,130.0,2,2
B-AA,Anchor Devotional - One Year Subscription,20230423,80.0,2,2
B-AAR,Anchor Devotional - Subscription Renewal,20230423,150.0,2,2
B-WECSKAP,What Every Child Should Know About Prayer,20230423,250.0,6,7
M-AA,"Anchor Devotional - Receive the Word, Share the Word",20230423,25.0,1,1
M-SAIAS,Anchor Sponsor,20230423,25.0,1,1
167,Give,20230424,170.0,4,4
B-AAR,Anchor Devotional - Subscription Renewal,20230424,100.0,2,2
B-WECSKAP,What Every Child Should Know About Prayer,20230424,530.0,11,12
M-CB,Cuba Broadcast,20230424,150.0,2,2
167,Give,20230425,10.0,1,1
B-5TTPFYK,5 Things to Pray for Your Kids,20230425,30.0,1,1
B-AA,Anchor Devotional - One Year Subscription,20230425,50.0,1,1
B-AG,Amazing Grace: The Life of John Newton and the Surprising Story Behind His Song,20230425,115.0,2,2
B-DNBD,Darkest Night Brightest Day,20230425,30.0,1,1
B-LPBJBS,Little Pilgrim’s Big Journey (Boxed Set),20230425,50.0,1,1
B-WECSKAP,What Every Child Should Know About Prayer,20230425,910.0,23,27
M-CB,Cuba Broadcast,20230425,30.0,1,1
167,Give,20230426,335.0,4,4
B-AAR,Anchor Devotional - Subscription Renewal,20230426,50.0,1,1
B-LPBJBS,Little Pilgrim’s Big Journey (Boxed Set),20230426,50.0,1,1
B-WECSKAP,What Every Child Should Know About Prayer,20230426,1045.0,28,34
B-WTFIITBATZS,Where To Find It In The Bible (A to Z Series),20230426,30.0,1,1
C-RLV1,"Resurrection Letters, Vol. 1",20230426,30.0,1,1
167,Give,20230427,25.0,1,1
B-AAR,Anchor Devotional - Subscription Renewal,20230427,200.0,1,2
B-AG,Amazing Grace: The Life of John Newton and the Surprising Story Behind His Song,20230427,30.0,1,1
B-WECSKAP,What Every Child Should Know About Prayer,20230427,712.0,19,22
M-CB,Cuba Broadcast,20230427,200.0,1,1
167,Give,20230428,290.19,6,6
B-AA,Anchor Devotional - One Year Subscription,20230428,30.0,1,1
B-AAR,Anchor Devotional - Subscription Renewal,20230428,50.0,1,1
B-AG,Amazing Grace: The Life of John Newton and the Surprising Story Behind His Song,20230428,45.0,2,2
B-WECSKAP,What Every Child Should Know About Prayer,20230428,859.0,23,29
C-ACH,A Cappella Hymns,20230428,5.0,1,1
C-CH,Coming Home,20230428,5.0,1,1
D-THPARTTHP,The Hiding Place/Return to the Hiding Place (DVD),20230428,15.0,1,1
D-UP,Unplanned (DVD),20230428,30.0,1,1
M-2023HC,2023 Haven Calendar,20230428,10.0,1,1
M-CB,Cuba Broadcast,20230428,200.0,1,1
167,Give,20230429,330.0,3,3
B-AAR,Anchor Devotional - Subscription Renewal,20230429,125.0,3,3
B-AG,Amazing Grace: The Life of John Newton and the Surprising Story Behind His Song,20230429,40.0,1,1
B-WECSKAP,What Every Child Should Know About Prayer,20230429,150.0,4,5
B-WTFIITBATZS,Where To Find It In The Bible (A to Z Series),20230429,30.0,1,1
M-CB,Cuba Broadcast,20230429,215.0,1,1
167,Give,20230430,535.0,5,5
B-AAR,Anchor Devotional - Subscription Renewal,20230430,80.0,2,2
B-AG,Amazing Grace: The Life of John Newton and the Surprising Story Behind His Song,20230430,30.0,1,2
B-DNBD,Darkest Night Brightest Day,20230430,210.0,1,1
B-LPBJBS,Little Pilgrim’s Big Journey (Boxed Set),20230430,100.0,2,2
B-WECSKAP,What Every Child Should Know About Prayer,20230430,600.0,12,21
D-TCS3,The Chosen (Season 3),20230430,15.0,1,1
M-CB,Cuba Broadcast,20230430,300.0,1,1
167,Give,20230501,75.0,2,2
B-WECSKAP,What Every Child Should Know About Prayer,20230501,280.0,8,10
B-WTFIITBATZS,Where To Find It In The Bible (A to Z Series),20230501,10.0,1,1
D-TCS123,The Chosen (Season 1-3),20230501,1445.0,20,20
D-TCS3,The Chosen (Season 3),20230501,345.0,10,10
167,Give,20230502,660.0,4,4
B-AA,Anchor Devotional - One Year Subscription,20230502,60.0,2,2
B-DNBD,Darkest Night Brightest Day,20230502,30.0,1,1
B-WECSKAP,What Every Child Should Know About Prayer,20230502,210.0,5,5
D-TCS123,The Chosen (Season 1-3),20230502,1515.0,18,18
D-TCS3,The Chosen (Season 3),20230502,350.0,10,11
M-CB,Cuba Broadcast,20230502,700.0,3,3
167,Give,20230503,410.0,6,6
B-AAR,Anchor Devotional - Subscription Renewal,20230503,25.0,1,1
B-WECSKAP,What Every Child Should Know About Prayer,20230503,80.0,2,2
D-TCS123,The Chosen (Season 1-3),20230503,1460.0,17,18
D-TCS3,The Chosen (Season 3),20230503,410.0,12,12
M-CB,Cuba Broadcast,20230503,150.0,1,1
167,Give,20230504,850.0,5,5
B-AA,Anchor Devotional - One Year Subscription,20230504,25.0,1,1
B-AAR,Anchor Devotional - Subscription Renewal,20230504,50.0,1,1
B-DNBD,Darkest Night Brightest Day,20230504,15.0,1,1
B-LPBJP2,Little Pilgrim\'s Big Journey (Part 2),20230504,30.0,1,1
B-WECSKAP,What Every Child Should Know About Prayer,20230504,70.0,3,3
D-TCS123,The Chosen (Season 1-3),20230504,1420.0,19,20
D-TCS3,The Chosen (Season 3),20230504,342.0,10,10
167,Give,20230505,1415.0,7,7
B-AAR,Anchor Devotional - Subscription Renewal,20230505,125.0,2,2
B-DNBD,Darkest Night Brightest Day,20230505,50.0,1,1
B-WECSKAP,What Every Child Should Know About Prayer,20230505,150.0,5,5
D-TCS123,The Chosen (Season 1-3),20230505,1655.0,19,19
D-TCS3,The Chosen (Season 3),20230505,220.0,7,7
M-CB,Cuba Broadcast,20230505,100.0,1,1
167,Give,20230506,77.0,3,3
B-WECSKAP,What Every Child Should Know About Prayer,20230506,110.0,2,2
C-RLV1,"Resurrection Letters, Vol. 1",20230506,30.0,1,1
D-TCS123,The Chosen (Season 1-3),20230506,1185.0,9,10
D-TCS3,The Chosen (Season 3),20230506,160.0,3,3
167,Give,20230507,518.0,8,8
B-WECSKAP,What Every Child Should Know About Prayer,20230507,90.0,2,3
D-TCS123,The Chosen (Season 1-3),20230507,1030.0,10,10
D-TCS3,The Chosen (Season 3),20230507,285.0,5,5
167,Give,20230508,1530.0,4,4
B-AA,Anchor Devotional - One Year Subscription,20230508,50.0,1,1
B-AG,Amazing Grace: The Life of John Newton and the Surprising Story Behind His Song,20230508,50.0,1,1
B-HWIMH,His Word in My Heart,20230508,5.0,1,1
B-WECSKAP,What Every Child Should Know About Prayer,20230508,80.0,2,2
C-RUA,Revive Us Again,20230508,20.0,1,1
C-WJTSOHS,We\'re Just The Singers Of His Song,20230508,20.0,1,1
D-TCS123,The Chosen (Season 1-3),20230508,720.0,9,9
D-TCS3,The Chosen (Season 3),20230508,205.0,7,7
M-CB,Cuba Broadcast,20230508,200.0,1,1
167,Give,20230509,105.0,2,2
B-WECSKAP,What Every Child Should Know About Prayer,20230509,515.0,9,12
D-TCS123,The Chosen (Season 1-3),20230509,880.0,11,11
D-TCS3,The Chosen (Season 3),20230509,80.0,3,3
167,Give,20230510,560.0,8,8
B-WECSKAP,What Every Child Should Know About Prayer,20230510,80.0,2,2
D-TCS123,The Chosen (Season 1-3),20230510,1251.0,16,16
D-TCS3,The Chosen (Season 3),20230510,90.0,3,3
167,Give,20230511,215.0,4,4
B-WECSKAP,What Every Child Should Know About Prayer,20230511,20.0,1,1
D-TCS123,The Chosen (Season 1-3),20230511,1405.0,17,18
D-TCS3,The Chosen (Season 3),20230511,90.0,4,4
167,Give,20230512,250.0,5,5
B-WECSKAP,What Every Child Should Know About Prayer,20230512,135.0,4,4
C-HM,Handel\'s Messiah,20230512,30.0,1,1
C-TR,The Revelation,20230512,25.0,1,1
D-TCS123,The Chosen (Season 1-3),20230512,905.0,12,12
D-TCS3,The Chosen (Season 3),20230512,270.0,6,6
167,Give,20230513,450.0,6,6
B-AA,Anchor Devotional - One Year Subscription,20230513,25.0,1,1
B-WECSKAP,What Every Child Should Know About Prayer,20230513,125.0,2,2
D-TCS123,The Chosen (Season 1-3),20230513,507.58,4,4
D-TCS3,The Chosen (Season 3),20230513,305.0,6,6
167,Give,20230514,195.0,4,4
B-WECSKAP,What Every Child Should Know About Prayer,20230514,115.0,2,2
D-TCS123,The Chosen (Season 1-3),20230514,345.0,5,5
D-TCS3,The Chosen (Season 3),20230514,140.0,3,4
167,Give,20230515,100.0,1,1
B-AG,Amazing Grace: The Life of John Newton and the Surprising Story Behind His Song,20230515,250.0,1,1
B-WECSKAP,What Every Child Should Know About Prayer,20230515,30.0,1,1
D-TCS123,The Chosen (Season 1-3),20230515,765.0,10,10
D-TCS3,The Chosen (Season 3),20230515,215.0,5,5
M-CB,Cuba Broadcast,20230515,200.0,1,1
167,Give,20230516,482.0,5,5
B-WECSKAP,What Every Child Should Know About Prayer,20230516,30.0,1,1
D-TCS123,The Chosen (Season 1-3),20230516,1525.0,17,17
D-TCS3,The Chosen (Season 3),20230516,490.0,11,19
167,Give,20230517,516.0,5,5
B-AA,Anchor Devotional - One Year Subscription,20230517,50.0,1,1
D-TCS123,The Chosen (Season 1-3),20230517,795.0,10,10
D-TCS3,The Chosen (Season 3),20230517,170.0,3,5
167,Give,20230518,543.0,5,5
AB-AHAWAAGW,"A Hobbit, a Wardrobe, and a Great War (Audiobook)",20230518,30.0,1,1
B-WECSKAP,What Every Child Should Know About Prayer,20230518,50.0,1,1
D-TCS123,The Chosen (Season 1-3),20230518,905.0,10,10
D-TCS3,The Chosen (Season 3),20230518,150.0,2,2
167,Give,20230519,245.0,6,6
B-AAR,Anchor Devotional - Subscription Renewal,20230519,30.0,1,1
C-TR,The Revelation,20230519,30.0,1,1
D-JR,Jesus Revolution,20230519,50.0,1,1
D-TCS123,The Chosen (Season 1-3),20230519,1095.0,12,12
D-TCS3,The Chosen (Season 3),20230519,260.0,8,8
167,Give,20230520,133.0,4,4
B-WECSKAP,What Every Child Should Know About Prayer,20230520,60.0,2,2
D-TCS123,The Chosen (Season 1-3),20230520,345.0,4,4
D-TCS3,The Chosen (Season 3),20230520,80.0,2,2
167,Give,20230521,176.0,4,4
B-AA,Anchor Devotional - One Year Subscription,20230521,50.0,1,1
B-WECSKAP,What Every Child Should Know About Prayer,20230521,150.0,1,5
D-TCS123,The Chosen (Season 1-3),20230521,740.0,7,10
D-TCS3,The Chosen (Season 3),20230521,80.0,2,2
167,Give,20230522,65.0,2,2
AB-TCON-CE,The Chronicles of Narnia (Collector’s Edition),20230522,1030.0,12,14
B-AA,Anchor Devotional - One Year Subscription,20230522,30.0,1,1
D-TCS123,The Chosen (Season 1-3),20230522,390.0,6,6
D-TCS3,The Chosen (Season 3),20230522,180.0,6,6
M-CB,Cuba Broadcast,20230522,300.0,1,1
167,Give,20230523,110.0,4,4
AB-TCON-CE,The Chronicles of Narnia (Collector’s Edition),20230523,960.0,15,15
D-TCS123,The Chosen (Season 1-3),20230523,130.0,2,2
D-TCS3,The Chosen (Season 3),20230523,50.0,1,1
167,Give,20230524,696.0,8,8
AB-CSLAW2CDS,C.S. Lewis at War Audio Drama (2-Disc Set),20230524,30.0,1,1
AB-TCON-CE,The Chronicles of Narnia (Collector’s Edition),20230524,1370.0,15,17
B-WECSKAP,What Every Child Should Know About Prayer,20230524,200.0,2,2
D-JR,Jesus Revolution,20230524,30.0,1,1
D-TCS123,The Chosen (Season 1-3),20230524,65.0,1,1
D-TCS3,The Chosen (Season 3),20230524,145.0,5,5
167,Give,20230525,125.0,3,3
AB-TCON-CE,The Chronicles of Narnia (Collector’s Edition),20230525,1915.0,25,26
B-WECSKAP,What Every Child Should Know About Prayer,20230525,400.0,1,4
B-WTFIITBATZS,Where To Find It In The Bible (A to Z Series),20230525,100.0,1,1
D-TCS123,The Chosen (Season 1-3),20230525,505.0,5,5
D-THPARTTHP,The Hiding Place/Return to the Hiding Place (DVD),20230525,30.0,1,1
D-TMRC,The Most Reluctant Convert (DVD),20230525,30.0,1,1
M-FYEGTH,Fiscal Year End Gift to Haven,20230525,25.0,1,1
167,Give,20230526,250.0,4,4
AB-TCON-CE,The Chronicles of Narnia (Collector’s Edition),20230526,1555.0,19,19
B-PARG,Psalms: A Reading Guide,20230526,50.0,1,1
B-WECSKAP,What Every Child Should Know About Prayer,20230526,80.0,2,2
D-JR,Jesus Revolution,20230526,30.0,1,1
D-TCS123,The Chosen (Season 1-3),20230526,65.0,1,1
D-TCS3,The Chosen (Season 3),20230526,80.0,2,2
167,Give,20230527,211.03,4,4
AB-TCON-CE,The Chronicles of Narnia (Collector’s Edition),20230527,635.0,9,9
B-AG,Amazing Grace: The Life of John Newton and the Surprising Story Behind His Song,20230527,30.0,1,1
D-TCS123,The Chosen (Season 1-3),20230527,65.0,1,1
167,Give,20230528,175.0,2,2
AB-TCON-CE,The Chronicles of Narnia (Collector’s Edition),20230528,200.0,3,3
D-TCS123,The Chosen (Season 1-3),20230528,215.0,2,2
D-TCS3,The Chosen (Season 3),20230528,50.0,1,1
167,Give,20230529,197.0,4,4
AB-TCON-CE,The Chronicles of Narnia (Collector’s Edition),20230529,1220.0,15,15
D-TCS3,The Chosen (Season 3),20230529,30.0,1,1
167,Give,20230530,90.0,3,3
AB-TCON-CE,The Chronicles of Narnia (Collector’s Edition),20230530,2685.0,34,36
D-TCS123,The Chosen (Season 1-3),20230530,510.0,5,5
M-CB,Cuba Broadcast,20230530,75.0,1,1
167,Give,20230531,834.0,7,7
AB-TCON-CE,The Chronicles of Narnia (Collector’s Edition),20230531,2270.0,21,24
B-CBB,"Come Back, Barbara",20230531,30.0,1,1
B-PARG,Psalms: A Reading Guide,20230531,25.0,1,1
B-WECSKAP,What Every Child Should Know About Prayer,20230531,30.0,1,1
D-TCS123,The Chosen (Season 1-3),20230531,65.0,1,1
D-TCS3,The Chosen (Season 3),20230531,50.0,1,1
M-FYEGTH,Fiscal Year End Gift to Haven,20230531,315.0,4,4
167,Give,20230601,368.0,4,4
AB-TCON-CE,The Chronicles of Narnia (Collector’s Edition),20230601,1905.0,22,23
B-AAR,Anchor Devotional - Subscription Renewal,20230601,100.0,1,1
B-PARG,Psalms: A Reading Guide,20230601,5.0,1,1
B-WECSKAP,What Every Child Should Know About Prayer,20230601,30.0,1,1
C-STBS1234,"Sing the Bible Set (Vol 1, 2, 3, &amp; 4)",20230601,50.0,1,1
D-AU,American Underdog (DVD),20230601,50.0,1,1
D-TCS123,The Chosen (Season 1-3),20230601,130.0,2,2
M-FYEGTH,Fiscal Year End Gift to Haven,20230601,655.0,8,8
167,Give,20230602,1806.07,14,14
AB-TCON-CE,The Chronicles of Narnia (Collector’s Edition),20230602,3555.0,33,33
B-AG,Amazing Grace: The Life of John Newton and the Surprising Story Behind His Song,20230602,50.0,1,1
B-WECSKAP,What Every Child Should Know About Prayer,20230602,50.0,1,1
D-TCS123,The Chosen (Season 1-3),20230602,215.0,3,3
M-CB,Cuba Broadcast,20230602,30.0,1,1
M-FYEGTH,Fiscal Year End Gift to Haven,20230602,300.0,4,4
167,Give,20230603,326.0,7,7
AB-TCON-CE,The Chronicles of Narnia (Collector’s Edition),20230603,1140.0,13,14
B-AG,Amazing Grace: The Life of John Newton and the Surprising Story Behind His Song,20230603,30.0,1,1
B-WECSKAP,What Every Child Should Know About Prayer,20230603,50.0,1,1
C-RF,Reflections by The Haven Quartet,20230603,50.0,1,1
D-TCS3,The Chosen (Season 3),20230603,30.0,1,1
M-FYEGTH,Fiscal Year End Gift to Haven,20230603,750.0,4,4
167,Give,20230604,85.0,3,3
AB-TCON-CE,The Chronicles of Narnia (Collector’s Edition),20230604,100.0,1,1
D-TCS123,The Chosen (Season 1-3),20230604,165.0,2,2
167,Give,20230605,950.0,6,6
AB-TCON-CE,The Chronicles of Narnia (Collector’s Edition),20230605,856.0,11,11
B-AAR,Anchor Devotional - Subscription Renewal,20230605,30.0,1,1
B-WTFIITBATZS,Where To Find It In The Bible (A to Z Series),20230605,10.0,1,1
C-RUA,Revive Us Again,20230605,70.0,3,3
D-JR,Jesus Revolution,20230605,410.0,11,12
D-TCS123,The Chosen (Season 1-3),20230605,130.0,2,2
D-TCS3,The Chosen (Season 3),20230605,30.0,1,1
M-FYEGTH,Fiscal Year End Gift to Haven,20230605,250.0,4,4
167,Give,20230606,875.0,7,7
AB-TCON-CE,The Chronicles of Narnia (Collector’s Edition),20230606,580.0,9,9
D-JR,Jesus Revolution,20230606,540.0,15,15
D-TCS123,The Chosen (Season 1-3),20230606,130.0,2,2
M-FYEGTH,Fiscal Year End Gift to Haven,20230606,400.0,6,6
167,Give,20230607,1045.0,10,10
AB-TCON-CE,The Chronicles of Narnia (Collector’s Edition),20230607,1008.0,8,11
B-AA,Anchor Devotional - One Year Subscription,20230607,25.0,1,1
B-WECSKAP,What Every Child Should Know About Prayer,20230607,130.0,2,2
C-RUA,Revive Us Again,20230607,30.0,1,1
D-JR,Jesus Revolution,20230607,1316.0,19,19
M-FYEGTH,Fiscal Year End Gift to Haven,20230607,960.0,8,8
167,Give,20230608,310.0,3,3
AB-TCON-CE,The Chronicles of Narnia (Collector’s Edition),20230608,1030.0,15,15
B-AA,Anchor Devotional - One Year Subscription,20230608,100.0,1,1
B-AG,Amazing Grace: The Life of John Newton and the Surprising Story Behind His Song,20230608,30.0,1,1
B-WECSKAP,What Every Child Should Know About Prayer,20230608,15.0,1,1
C-RLV1,"Resurrection Letters, Vol. 1",20230608,10.0,1,1
C-RUA,Revive Us Again,20230608,15.0,1,1
D-JR,Jesus Revolution,20230608,955.0,21,22
M-FYEGTH,Fiscal Year End Gift to Haven,20230608,745.0,9,9
167,Give,20230609,697.0,8,9
AB-TCON-CE,The Chronicles of Narnia (Collector’s Edition),20230609,425.0,7,7
B-WECSKAP,What Every Child Should Know About Prayer,20230609,30.0,1,1
C-H85B,Haven Quartet: 85th Anniversary Bundle,20230609,500.0,1,1
C-RUA,Revive Us Again,20230609,100.0,1,1
D-JR,Jesus Revolution,20230609,940.0,21,21
D-TCS123,The Chosen (Season 1-3),20230609,85.0,1,1
M-FYEGTH,Fiscal Year End Gift to Haven,20230609,320.0,8,8
167,Give,20230610,210.0,3,3
AB-TCON-CE,The Chronicles of Narnia (Collector’s Edition),20230610,560.0,8,8
B-WECSKAP,What Every Child Should Know About Prayer,20230610,100.0,1,1
C-RLV1,"Resurrection Letters, Vol. 1",20230610,30.0,1,1
C-RUA,Revive Us Again,20230610,250.0,4,4
D-JR,Jesus Revolution,20230610,505.0,13,13
M-FYEGTH,Fiscal Year End Gift to Haven,20230610,350.0,2,2
167,Give,20230611,820.0,4,4
AB-TCON-CE,The Chronicles of Narnia (Collector’s Edition),20230611,600.0,10,10
C-RLV1,"Resurrection Letters, Vol. 1",20230611,30.0,1,1
D-JR,Jesus Revolution,20230611,420.0,12,12
D-TCS123,The Chosen (Season 1-3),20230611,65.0,1,1
M-FYEGTH,Fiscal Year End Gift to Haven,20230611,75.0,2,2
167,Give,20230612,630.0,7,7
AB-TCON-CE,The Chronicles of Narnia (Collector’s Edition),20230612,60.0,1,1
C-RUA,Revive Us Again,20230612,55.0,2,2
D-JR,Jesus Revolution,20230612,250.0,7,7
D-TCS123,The Chosen (Season 1-3),20230612,85.0,1,1
D-TCS3,The Chosen (Season 3),20230612,30.0,1,1
M-FYEGTH,Fiscal Year End Gift to Haven,20230612,50.0,2,2
167,Give,20230613,750.0,6,6
AB-TCON-CE,The Chronicles of Narnia (Collector’s Edition),20230613,300.0,5,5
B-GGATPG,"God, Greed, and the (Prosperity) Gospel",20230613,10.0,1,1
C-RUA,Revive Us Again,20230613,200.0,2,2
D-ISB,I Still Believe,20230613,15.0,1,1
D-JR,Jesus Revolution,20230613,1330.0,26,27
D-TCS123,The Chosen (Season 1-3),20230613,140.0,1,1
D-TCS3,The Chosen (Season 3),20230613,45.0,2,2
M-FYEGTH,Fiscal Year End Gift to Haven,20230613,245.0,2,2
167,Give,20230614,351.0,4,4
AB-TCON-CE,The Chronicles of Narnia (Collector’s Edition),20230614,420.0,5,6
B-BI90D-SC,The Bible in 90 Days (Softcover),20230614,30.0,1,1
C-TR,The Revelation,20230614,30.0,1,1
D-DSITFS,David Suchet: In the Footsteps Set,20230614,35.0,1,1
D-JR,Jesus Revolution,20230614,380.0,9,9
167,Give,20230615,875.0,6,6
AB-TCON-CE,The Chronicles of Narnia (Collector’s Edition),20230615,410.0,5,6
B-AAR,Anchor Devotional - Subscription Renewal,20230615,50.0,1,1
D-JR,Jesus Revolution,20230615,550.0,15,15
D-TCS123,The Chosen (Season 1-3),20230615,65.0,1,1
D-TCS3,The Chosen (Season 3),20230615,30.0,1,1
M-FYEGTH,Fiscal Year End Gift to Haven,20230615,290.0,5,5
167,Give,20230616,100.0,2,2
AB-TCON-CE,The Chronicles of Narnia (Collector’s Edition),20230616,60.0,1,1
B-AG,Amazing Grace: The Life of John Newton and the Surprising Story Behind His Song,20230616,50.0,1,1
B-WECSKAP,What Every Child Should Know About Prayer,20230616,60.0,1,2
D-JR,Jesus Revolution,20230616,475.0,10,10
D-TCS123,The Chosen (Season 1-3),20230616,65.0,1,1
M-FYEGTH,Fiscal Year End Gift to Haven,20230616,460.0,8,8
167,Give,20230617,300.0,2,2
AB-TCON-CE,The Chronicles of Narnia (Collector’s Edition),20230617,120.0,2,2
B-AAR,Anchor Devotional - Subscription Renewal,20230617,120.0,2,2
B-LPBJBS,Little Pilgrim’s Big Journey (Boxed Set),20230617,100.0,1,2
D-JR,Jesus Revolution,20230617,150.0,4,5
D-TCS123,The Chosen (Season 1-3),20230617,115.0,1,1
D-TCS3,The Chosen (Season 3),20230617,30.0,1,1
M-FYEGTH,Fiscal Year End Gift to Haven,20230617,1330.0,5,5
167,Give,20230618,92.0,2,2
C-RUA,Revive Us Again,20230618,100.0,1,2
D-JR,Jesus Revolution,20230618,155.0,2,2
D-TCS123,The Chosen (Season 1-3),20230618,65.0,1,1
D-TCS3,The Chosen (Season 3),20230618,30.0,1,1
M-FYEGTH,Fiscal Year End Gift to Haven,20230618,200.0,3,3
167,Give,20230619,905.0,5,5
AB-TCON-CE,The Chronicles of Narnia (Collector’s Edition),20230619,195.0,3,3
B-WECSKAP,What Every Child Should Know About Prayer,20230619,100.0,1,1
C-RUA,Revive Us Again,20230619,10.0,1,1
D-JR,Jesus Revolution,20230619,150.0,4,5
D-TCS123,The Chosen (Season 1-3),20230619,115.0,1,1
D-THPARTTHP,The Hiding Place/Return to the Hiding Place (DVD),20230619,30.0,1,1
M-CB,Cuba Broadcast,20230619,432.5,2,2
M-FYEGTH,Fiscal Year End Gift to Haven,20230619,722.5,5,5
167,Give,20230620,145.0,4,4
AB-TCON-CE,The Chronicles of Narnia (Collector’s Edition),20230620,540.0,4,5
B-AAR,Anchor Devotional - Subscription Renewal,20230620,25.0,1,1
C-RUA,Revive Us Again,20230620,220.0,4,4
C-WJTSOHS,We\'re Just The Singers Of His Song,20230620,5.0,1,1
D-AU,American Underdog (DVD),20230620,30.0,1,1
D-ISB,I Still Believe,20230620,30.0,1,1
D-JR,Jesus Revolution,20230620,185.0,3,3
D-TCS123,The Chosen (Season 1-3),20230620,250.0,1,1
M-FYEGTH,Fiscal Year End Gift to Haven,20230620,90.0,2,2
167,Give,20230621,577.0,9,9
AB-TCON-CE,The Chronicles of Narnia (Collector’s Edition),20230621,180.0,2,3
B-AA,Anchor Devotional - One Year Subscription,20230621,55.0,2,2
B-LPBJBS,Little Pilgrim’s Big Journey (Boxed Set),20230621,50.0,1,1
B-LPBJP2,Little Pilgrim\'s Big Journey (Part 2),20230621,20.0,1,1
C-RUA,Revive Us Again,20230621,235.0,7,7
CTHP,The Hiding Place,20230621,50.0,1,1
D-JR,Jesus Revolution,20230621,270.0,6,6
D-TCS123,The Chosen (Season 1-3),20230621,65.0,1,1
M-FYEGTH,Fiscal Year End Gift to Haven,20230621,255.0,5,5
167,Give,20230622,900.0,9,9
AB-TCON-CE,The Chronicles of Narnia (Collector’s Edition),20230622,60.0,1,1
C-AAC-OC,An Acappella Christmas-Original Cover ($5.00),20230622,5.0,1,1
C-BOCBH,The Best of Christmas by Haven,20230622,15.0,1,1
C-RUA,Revive Us Again,20230622,630.0,11,11
D-JR,Jesus Revolution,20230622,255.0,4,4
M-2023HC,2023 Haven Calendar,20230622,10.0,1,1
M-FYEGTH,Fiscal Year End Gift to Haven,20230622,330.0,8,8
167,Give,20230623,975.0,12,12
AB-TCON-CE,The Chronicles of Narnia (Collector’s Edition),20230623,60.0,1,1
C-ACH,A Cappella Hymns,20230623,20.0,2,2
C-RUA,Revive Us Again,20230623,205.0,6,6
D-JR,Jesus Revolution,20230623,525.0,11,11
D-TCS123,The Chosen (Season 1-3),20230623,300.0,3,3
M-FYEGTH,Fiscal Year End Gift to Haven,20230623,3005.0,11,11
167,Give,20230624,650.0,2,2
B-PARG,Psalms: A Reading Guide,20230624,30.0,1,1
C-RUA,Revive Us Again,20230624,315.0,8,8
D-JR,Jesus Revolution,20230624,30.0,1,1
D-TCS3,The Chosen (Season 3),20230624,30.0,1,1
M-FYEGTH,Fiscal Year End Gift to Haven,20230624,1250.0,3,3
167,Give,20230625,150.0,2,2
B-AG,Amazing Grace: The Life of John Newton and the Surprising Story Behind His Song,20230625,210.0,2,2
B-AHAWAAGW,"A Hobbit, a Wardrobe, and a Great War",20230625,50.0,1,1
C-RUA,Revive Us Again,20230625,70.0,3,3
D-JR,Jesus Revolution,20230625,30.0,1,1
D-TCS3,The Chosen (Season 3),20230625,30.0,1,1
M-FYEGTH,Fiscal Year End Gift to Haven,20230625,60.0,2,2
167,Give,20230626,495.0,6,6
B-MAE,Morning &amp; Evening,20230626,50.0,1,1
B-TJSB-DE,The Jesus Storybook Bible (Deluxe Edition),20230626,50.0,1,1
C-RUA,Revive Us Again,20230626,135.0,5,5
D-DSITFOSP,David Suchet: In The Footsteps of St. Paul (DVD),20230626,305.0,8,9
D-JR,Jesus Revolution,20230626,235.0,4,4
D-THPARTTHP,The Hiding Place/Return to the Hiding Place (DVD),20230626,30.0,1,1
M-FYEGTH,Fiscal Year End Gift to Haven,20230626,910.0,8,8
167,Give,20230627,700.0,7,7
AB-TCON-CE,The Chronicles of Narnia (Collector’s Edition),20230627,60.0,1,1
B-WECSKAP,What Every Child Should Know About Prayer,20230627,30.0,1,1
C-RUA,Revive Us Again,20230627,370.0,7,7
C-TBOH-V1,Haven: The Best Of,20230627,75.0,1,1
D-AGCA,American Gospel: Christ Alone,20230627,30.0,1,1
D-DSITFOSP,David Suchet: In The Footsteps of St. Paul (DVD),20230627,210.0,4,4
D-DSITFOSPETER,David Suchet: In the Footsteps of St. Peter,20230627,30.0,1,1
D-JR,Jesus Revolution,20230627,130.0,3,3
D-TCS123,The Chosen (Season 1-3),20230627,300.0,2,2
M-FYEGTH,Fiscal Year End Gift to Haven,20230627,4760.0,25,25
167,Give,20230628,50.0,1,1
CTHP,The Hiding Place,20230628,50.0,1,1
167,Give,20230629,2325.0,14,14
AB-TCON-CE,The Chronicles of Narnia (Collector’s Edition),20230629,260.0,2,2
B-AHAWAAGW,"A Hobbit, a Wardrobe, and a Great War",20230629,50.0,1,1
C-AC,A Cappella,20230629,10.0,1,1
C-ACH,A Cappella Hymns,20230629,10.0,1,1
C-BSMS,Be Still My Soul - CD,20230629,10.0,1,1
C-CH,Coming Home,20230629,20.0,1,2
C-HOH,Heritage Of Hymns,20230629,10.0,1,1
C-RUA,Revive Us Again,20230629,75.0,2,2
C-TBOH-V1,Haven: The Best Of,20230629,30.0,1,1
D-DSITFOSP,David Suchet: In The Footsteps of St. Paul (DVD),20230629,750.0,6,6
D-DSITFOSPETER,David Suchet: In the Footsteps of St. Peter,20230629,30.0,1,1
D-JR,Jesus Revolution,20230629,60.0,2,2
D-TCS3,The Chosen (Season 3),20230629,50.0,1,1
M-CB,Cuba Broadcast,20230629,450.0,3,3
M-FYEGTH,Fiscal Year End Gift to Haven,20230629,7775.0,37,37
151531,Fiscal Year End Gift to Haven,20230630,5.0,1,1
151762,Give,20230630,10.0,2,2
167,Give,20230630,10892.5,68,68
AB-GAL,Gentle and Lowly: The Heart of Christ for Sinners and Suffers (Audiobook),20230630,30.0,1,1
AB-TCON-CE,The Chronicles of Narnia (Collector’s Edition),20230630,830.0,9,10
B-5TTPFYK,5 Things to Pray for Your Kids,20230630,30.0,1,1
B-AA,Anchor Devotional - One Year Subscription,20230630,30.0,1,1
B-AAR,Anchor Devotional - Subscription Renewal,20230630,80.0,2,2
B-AG,Amazing Grace: The Life of John Newton and the Surprising Story Behind His Song,20230630,135.0,4,4
B-DNBD,Darkest Night Brightest Day,20230630,15.0,1,1
B-LPBJBS,Little Pilgrim’s Big Journey (Boxed Set),20230630,50.0,1,1
B-LPBJP2,Little Pilgrim\'s Big Journey (Part 2),20230630,30.0,1,1
B-NETBGHC,NET Bible (Gray Hardcover),20230630,125.0,1,1
B-TJSB-DE,The Jesus Storybook Bible (Deluxe Edition),20230630,100.0,2,2
B-WECSKAP,What Every Child Should Know About Prayer,20230630,95.0,3,3
B-WTFIITBATZS,Where To Find It In The Bible (A to Z Series),20230630,50.0,1,1
C-CH,Coming Home,20230630,10.0,1,1
C-HM,Handel\'s Messiah,20230630,30.0,1,1
C-RUA,Revive Us Again,20230630,815.0,14,15
C-STB4,Sing the Bible Vol 4,20230630,10.0,1,1
C-TBOH-V1,Haven: The Best Of,20230630,10.0,1,1
D-COF,Chariots of Fire,20230630,50.0,1,1
D-DSITFOSP,David Suchet: In The Footsteps of St. Paul (DVD),20230630,2375.0,48,48
D-DSITFOSPETER,David Suchet: In the Footsteps of St. Peter,20230630,430.0,11,11
D-JR,Jesus Revolution,20230630,795.0,16,16
D-LTLATLOTGRD,Luther: The Life and Legacy of the German Reformer (Documentary),20230630,30.0,1,1
D-RTWOG,Revival: The Work of God (DVD),20230630,30.0,1,1
D-TCS123,The Chosen (Season 1-3),20230630,690.0,7,7
D-TCS3,The Chosen (Season 3),20230630,60.0,2,2
D-THPARTTHP,The Hiding Place/Return to the Hiding Place (DVD),20230630,125.0,4,4
D-TMRC,The Most Reluctant Convert (DVD),20230630,25.0,1,1
D-UP,Unplanned (DVD),20230630,30.0,1,1
M-CB,Cuba Broadcast,20230630,245.0,6,6
M-FYEGTH,Fiscal Year End Gift to Haven,20230630,44762.03,327,327
151531,Fiscal Year End Gift to Haven,20230701,5.0,1,1
151762,Give,20230701,5.0,1,1
167,Give,20230701,805.0,15,15
AB-TCON-CE,The Chronicles of Narnia (Collector’s Edition),20230701,100.0,1,1
B-5TTPFYK,5 Things to Pray for Your Kids,20230701,30.0,1,1
B-AA,Anchor Devotional - One Year Subscription,20230701,130.0,2,2
B-AG,Amazing Grace: The Life of John Newton and the Surprising Story Behind His Song,20230701,25.0,1,1
B-TJSB-DE,The Jesus Storybook Bible (Deluxe Edition),20230701,50.0,1,1
C-RUA,Revive Us Again,20230701,30.0,1,1
D-DSITFOSP,David Suchet: In The Footsteps of St. Paul (DVD),20230701,30.0,1,1
D-TCS3,The Chosen (Season 3),20230701,50.0,1,1
D-THPARTTHP,The Hiding Place/Return to the Hiding Place (DVD),20230701,30.0,1,1
M-CB,Cuba Broadcast,20230701,40.0,2,2
M-FYEGTH,Fiscal Year End Gift to Haven,20230701,1750.0,23,23
151531,Fiscal Year End Gift to Haven,20230702,5.0,1,1
167,Give,20230702,100.0,1,1
AB-TCON-CE,The Chronicles of Narnia (Collector’s Edition),20230702,60.0,1,1
C-RUA,Revive Us Again,20230702,45.0,2,2
C-TBOH-V1,Haven: The Best Of,20230702,10.0,1,1
D-DSITFOSP,David Suchet: In The Footsteps of St. Paul (DVD),20230702,65.0,3,3
D-DSITFOSPETER,David Suchet: In the Footsteps of St. Peter,20230702,80.0,2,2
D-JR,Jesus Revolution,20230702,230.0,2,2
D-TCS123,The Chosen (Season 1-3),20230702,65.0,1,1
D-THPARTTHP,The Hiding Place/Return to the Hiding Place (DVD),20230702,50.0,1,1
M-FYEGTH,Fiscal Year End Gift to Haven,20230702,500.0,4,4
167,Give,20230703,250.0,2,2
AB-TCON-CE,The Chronicles of Narnia (Collector’s Edition),20230703,180.0,3,3
C-RUA,Revive Us Again,20230703,15.0,1,1
D-DSITFOSP,David Suchet: In The Footsteps of St. Paul (DVD),20230703,145.0,5,5
M-FYEGTH,Fiscal Year End Gift to Haven,20230703,890.0,6,6
167,Give,20230704,740.0,7,7
AB-TCON-CE,The Chronicles of Narnia (Collector’s Edition),20230704,180.0,3,3
D-DSITFOSP,David Suchet: In The Footsteps of St. Paul (DVD),20230704,150.0,4,4
D-DSITFOSPETER,David Suchet: In the Footsteps of St. Peter,20230704,50.0,1,1
M-CB,Cuba Broadcast,20230704,80.0,1,1
151503,Cuba Broadcast,20230705,5.0,1,1
167,Give,20230705,760.0,5,5
AB-TCON-CE,The Chronicles of Narnia (Collector’s Edition),20230705,60.0,1,1
B-AHAWAAGW,"A Hobbit, a Wardrobe, and a Great War",20230705,30.0,1,1
B-LPBJBS,Little Pilgrim’s Big Journey (Boxed Set),20230705,50.0,1,1
C-HM,Handel\'s Messiah,20230705,20.0,1,1
C-RUA,Revive Us Again,20230705,100.0,1,1
D-DSITFOSP,David Suchet: In The Footsteps of St. Paul (DVD),20230705,170.0,4,4
D-DSITFOSPETER,David Suchet: In the Footsteps of St. Peter,20230705,20.0,1,1
167,Give,20230706,876.0,7,7
B-AAR,Anchor Devotional - Subscription Renewal,20230706,30.0,1,1
C-RUA,Revive Us Again,20230706,125.0,2,2
D-DSITFOSP,David Suchet: In The Footsteps of St. Paul (DVD),20230706,167.0,7,7
D-DSITFOSPETER,David Suchet: In the Footsteps of St. Peter,20230706,50.0,1,1
D-TCS123,The Chosen (Season 1-3),20230706,65.0,1,1
M-FYEGTH,Fiscal Year End Gift to Haven,20230706,100.0,1,1
167,Give,20230707,50.0,1,1
B-AAR,Anchor Devotional - Subscription Renewal,20230707,30.0,1,1
D-DSITFOSP,David Suchet: In The Footsteps of St. Paul (DVD),20230707,130.0,2,2
167,Give,20230708,450.0,3,3
AB-TCON-CE,The Chronicles of Narnia (Collector’s Edition),20230708,120.0,2,2
D-DSITFOSP,David Suchet: In The Footsteps of St. Paul (DVD),20230708,50.0,1,1
D-TCS123,The Chosen (Season 1-3),20230708,85.0,1,1
M-FYEGTH,Fiscal Year End Gift to Haven,20230708,200.0,1,1
167,Give,20230709,160.0,2,2
D-DSITFOSP,David Suchet: In The Footsteps of St. Paul (DVD),20230709,230.0,4,5
D-DSITFOSPETER,David Suchet: In the Footsteps of St. Peter,20230709,110.0,2,3
167,Give,20230710,1130.0,6,6
167761,David Suchet: In The Footsteps of St. Paul (DVD),20230710,10.0,1,1
185610,David Suchet: In the Footsteps of St. Peter,20230710,10.0,1,1
B-AA,Anchor Devotional - One Year Subscription,20230710,30.0,1,1
C-RUA,Revive Us Again,20230710,30.0,1,1
D-DSITFOSP,David Suchet: In The Footsteps of St. Paul (DVD),20230710,230.0,5,5
D-DSITFOSPETER,David Suchet: In the Footsteps of St. Peter,20230710,70.0,2,2
M-FYEGTH,Fiscal Year End Gift to Haven,20230710,500.0,1,1
167,Give,20230711,100.0,1,1
B-TSMS,Then Sings My Soul,20230711,40.0,2,2
B-WTFIITBATZS,Where To Find It In The Bible (A to Z Series),20230711,60.0,1,2
C-RUA,Revive Us Again,20230711,30.0,1,1
D-DSITFOSP,David Suchet: In The Footsteps of St. Paul (DVD),20230711,230.0,4,4
D-DSITFOSPETER,David Suchet: In the Footsteps of St. Peter,20230711,30.0,1,1
167,Give,20230712,310.0,3,3
B-DNBD,Darkest Night Brightest Day,20230712,30.0,1,1
B-TSMS,Then Sings My Soul,20230712,110.0,3,4
C-AAC-OC,An Acappella Christmas-Original Cover ($5.00),20230712,30.0,1,1
C-BSMS,Be Still My Soul - CD,20230712,30.0,1,1
C-HM,Handel\'s Messiah,20230712,30.0,1,1
C-RUA,Revive Us Again,20230712,25.0,1,1
D-DSITFOSP,David Suchet: In The Footsteps of St. Paul (DVD),20230712,365.0,9,10
D-DSITFOSPETER,David Suchet: In the Footsteps of St. Peter,20230712,90.0,2,3
D-JR,Jesus Revolution,20230712,65.0,2,2
D-TCS123,The Chosen (Season 1-3),20230712,115.0,1,1
D-THPARTTHP,The Hiding Place/Return to the Hiding Place (DVD),20230712,30.0,1,1
D-TMRC,The Most Reluctant Convert (DVD),20230712,30.0,1,1
151308,Then Sings My Soul,20230713,10.0,1,1
167,Give,20230713,490.0,4,4
B-TSMS,Then Sings My Soul,20230713,30.0,1,1
D-DSITFOSP,David Suchet: In The Footsteps of St. Paul (DVD),20230713,395.0,11,11
D-DSITFOSPETER,David Suchet: In the Footsteps of St. Peter,20230713,20.0,1,1
D-JR,Jesus Revolution,20230713,30.0,1,1
M-FYEGTH,Fiscal Year End Gift to Haven,20230713,200.0,1,1
167,Give,20230714,20.0,1,1
D-DSITFOSP,David Suchet: In The Footsteps of St. Paul (DVD),20230714,220.0,5,5
D-DSITFOSPETER,David Suchet: In the Footsteps of St. Peter,20230714,30.0,1,1
151531,Fiscal Year End Gift to Haven,20230715,5.0,1,1
167761,David Suchet: In The Footsteps of St. Paul (DVD),20230715,10.0,1,1
D-DSITFOSP,David Suchet: In The Footsteps of St. Paul (DVD),20230715,100.0,2,2
D-DSITFOSPETER,David Suchet: In the Footsteps of St. Peter,20230715,50.0,1,1
M-FYEGTH,Fiscal Year End Gift to Haven,20230715,200.0,1,1
167,Give,20230716,225.0,3,3
AB-TCON-CE,The Chronicles of Narnia (Collector’s Edition),20230716,180.0,3,3
B-BI90D-SC,The Bible in 90 Days (Softcover),20230716,15.0,1,1
D-DSITFOSP,David Suchet: In The Footsteps of St. Paul (DVD),20230716,100.0,3,3
D-DSITFOSPETER,David Suchet: In the Footsteps of St. Peter,20230716,30.0,1,1
167,Give,20230717,265.0,2,2
221833,Daniel (MP3),20230717,10.0,1,1
AB-TCON-CE,The Chronicles of Narnia (Collector’s Edition),20230717,60.0,1,1
B-TSMS,Then Sings My Soul,20230717,436.0,8,9
C-HM,Handel\'s Messiah,20230717,30.0,1,1
C-TR,The Revelation,20230717,60.0,1,2
D-DSITFOSP,David Suchet: In The Footsteps of St. Paul (DVD),20230717,180.0,3,3
D-DSITFOSPETER,David Suchet: In the Footsteps of St. Peter,20230717,90.0,3,3
167,Give,20230718,30.0,1,1
B-TSMS,Then Sings My Soul,20230718,970.0,18,21
B-WECSKAP,What Every Child Should Know About Prayer,20230718,30.0,1,2
D-DSITFOSP,David Suchet: In The Footsteps of St. Paul (DVD),20230718,590.0,5,6
D-DSITFOSPETER,David Suchet: In the Footsteps of St. Peter,20230718,280.0,2,2
D-THPARTTHP,The Hiding Place/Return to the Hiding Place (DVD),20230718,30.0,1,1
167,Give,20230719,241.0,3,3
B-TSMS,Then Sings My Soul,20230719,503.0,15,15
D-DSITFOSP,David Suchet: In The Footsteps of St. Paul (DVD),20230719,120.0,4,4
D-DSITFOSPETER,David Suchet: In the Footsteps of St. Peter,20230719,47.0,1,1
D-TMRC,The Most Reluctant Convert (DVD),20230719,30.0,1,1
167,Give,20230720,183.0,2,2
AB-TCON-CE,The Chronicles of Narnia (Collector’s Edition),20230720,60.0,1,1
B-AA,Anchor Devotional - One Year Subscription,20230720,60.0,2,2
B-LPBJBS,Little Pilgrim’s Big Journey (Boxed Set),20230720,50.0,1,1
B-TSMS,Then Sings My Soul,20230720,1385.0,23,26
C-RUA,Revive Us Again,20230720,50.0,1,1
D-DSITFOSP,David Suchet: In The Footsteps of St. Paul (DVD),20230720,40.0,1,1
151762,Give,20230721,5.0,1,1
167,Give,20230721,220.0,6,6
AB-TCON-CE,The Chronicles of Narnia (Collector’s Edition),20230721,60.0,1,1
B-AAR,Anchor Devotional - Subscription Renewal,20230721,50.0,1,1
B-TSMS,Then Sings My Soul,20230721,915.0,20,23
C-BSMS,Be Still My Soul - CD,20230721,10.0,1,1
C-H85B,Haven Quartet: 85th Anniversary Bundle,20230721,85.0,1,1
C-RUA,Revive Us Again,20230721,15.0,1,1
C-TBOH-V1,Haven: The Best Of,20230721,30.0,1,1
D-DSITFOSP,David Suchet: In The Footsteps of St. Paul (DVD),20230721,100.0,1,1
AB-TCON-CE,The Chronicles of Narnia (Collector’s Edition),20230722,60.0,1,1
B-TSMS,Then Sings My Soul,20230722,275.0,8,10
C-H85B,Haven Quartet: 85th Anniversary Bundle,20230722,170.0,2,2
167,Give,20230723,75.0,2,2
B-AG,Amazing Grace: The Life of John Newton and the Surprising Story Behind His Song,20230723,15.0,1,1
B-TSMS,Then Sings My Soul,20230723,210.0,7,8
D-THPARTTHP,The Hiding Place/Return to the Hiding Place (DVD),20230723,15.0,1,1
167,Give,20230724,480.0,4,4
AB-TCON-CE,The Chronicles of Narnia (Collector’s Edition),20230724,60.0,1,1
B-TJSB-DE,The Jesus Storybook Bible (Deluxe Edition),20230724,75.0,1,1
B-TSMS,Then Sings My Soul,20230724,415.0,12,14
C-AC,A Cappella,20230724,10.0,1,1
C-ACH,A Cappella Hymns,20230724,10.0,1,1
C-BOCBH,The Best of Christmas by Haven,20230724,10.0,1,1
C-BYH,Be Ye Holy,20230724,10.0,1,1
D-DSITFOSP,David Suchet: In The Footsteps of St. Paul (DVD),20230724,40.0,1,2
D-DSITFOSPETER,David Suchet: In the Footsteps of St. Peter,20230724,40.0,1,2
151308,Then Sings My Soul,20230725,15.0,1,1
167,Give,20230725,300.0,2,2
B-TSMS,Then Sings My Soul,20230725,2349.0,52,57
D-DSITFOSP,David Suchet: In The Footsteps of St. Paul (DVD),20230725,60.0,2,2
167,Give,20230726,393.0,3,3
B-TSMS,Then Sings My Soul,20230726,1350.0,31,37
C-HIMHV14,Hidden In My Heart Vol 1-4,20230726,100.0,1,2
C-RUA,Revive Us Again,20230726,30.0,1,1
D-DSITFOSP,David Suchet: In The Footsteps of St. Paul (DVD),20230726,20.0,1,1
D-LTLATLOTGRD,Luther: The Life and Legacy of the German Reformer (Documentary),20230726,10.0,1,1
151308,Then Sings My Soul,20230727,15.0,1,1
151531,Fiscal Year End Gift to Haven,20230727,5.0,1,1
167,Give,20230727,236.65,3,3
167761,David Suchet: In The Footsteps of St. Paul (DVD),20230727,10.0,1,1
B-GAL,Gentle and Lowly: The Heart of Christ for Sinners and Suffers,20230727,50.0,1,1
B-TSMS,Then Sings My Soul,20230727,1575.0,32,36
B-WECSKAP,What Every Child Should Know About Prayer,20230727,30.0,1,1
B-WTFIITBATZS,Where To Find It In The Bible (A to Z Series),20230727,30.0,1,1
C-RUA,Revive Us Again,20230727,90.0,4,4
C-TBOH-V1,Haven: The Best Of,20230727,10.0,1,1
D-DSITFOSP,David Suchet: In The Footsteps of St. Paul (DVD),20230727,120.0,4,4
D-DSITFOSPETER,David Suchet: In the Footsteps of St. Peter,20230727,60.0,3,3
D-TCS123,The Chosen (Season 1-3),20230727,115.0,1,1
167,Give,20230728,50.0,1,1
B-TSMS,Then Sings My Soul,20230728,1830.0,33,38
C-RUA,Revive Us Again,20230728,130.0,1,1
167,Give,20230729,284.0,3,3
B-AA,Anchor Devotional - One Year Subscription,20230729,25.0,1,1
B-TSMS,Then Sings My Soul,20230729,840.0,15,20
C-RUA,Revive Us Again,20230729,10.0,1,1
D-DSITFOSP,David Suchet: In The Footsteps of St. Paul (DVD),20230729,30.0,1,1
D-TMRC,The Most Reluctant Convert (DVD),20230729,30.0,1,1
D-UP,Unplanned (DVD),20230729,30.0,1,1
151531,Fiscal Year End Gift to Haven,20230730,10.0,2,2
167,Give,20230730,180.0,1,1
167761,David Suchet: In The Footsteps of St. Paul (DVD),20230730,20.0,2,2
B-AA,Anchor Devotional - One Year Subscription,20230730,30.0,1,1
B-TSMS,Then Sings My Soul,20230730,510.0,11,11
C-RUA,Revive Us Again,20230730,10.0,1,1
167,Give,20230731,35.0,2,2
B-AG,Amazing Grace: The Life of John Newton and the Surprising Story Behind His Song,20230731,50.0,1,1
B-TSMS,Then Sings My Soul,20230731,1505.0,29,40
C-TBOH-V1,Haven: The Best Of,20230731,75.0,1,1
D-DSITFOSP,David Suchet: In The Footsteps of St. Paul (DVD),20230731,80.0,2,2
D-TCS123,The Chosen (Season 1-3),20230731,65.0,1,1
167,Give,20230801,750.0,3,3
B-TSMS,Then Sings My Soul,20230801,445.0,8,10
D-AU,American Underdog (DVD),20230801,100.0,1,1
D-DSITFOSP,David Suchet: In The Footsteps of St. Paul (DVD),20230801,30.0,1,1
D-DSITFOSPETER,David Suchet: In the Footsteps of St. Peter,20230801,30.0,1,1
167,Give,20230802,165.0,3,3
B-TSMS,Then Sings My Soul,20230802,410.0,11,13
151308,Then Sings My Soul,20230803,15.0,1,1
167,Give,20230803,200.0,3,3
B-TSMS,Then Sings My Soul,20230803,1320.0,22,43
D-TCS3,The Chosen (Season 3),20230803,50.0,1,1
167,Give,20230804,350.0,2,2
B-TSMS,Then Sings My Soul,20230804,930.0,16,21
167,Give,20230805,420.0,4,4
B-TSMS,Then Sings My Soul,20230805,185.0,4,4
151531,Fiscal Year End Gift to Haven,20230806,5.0,1,1
167,Give,20230806,281.0,5,5
167761,David Suchet: In The Footsteps of St. Paul (DVD),20230806,10.0,1,1
B-AA,Anchor Devotional - One Year Subscription,20230806,30.0,1,1
B-TSMS,Then Sings My Soul,20230806,430.0,9,10
167,Give,20230807,25.0,1,1
B-SAL,Saving a Life,20230807,100.0,4,4
B-TSMS,Then Sings My Soul,20230807,425.0,8,11
C-RUA,Revive Us Again,20230807,20.0,1,1
AB-TCON-CE,The Chronicles of Narnia (Collector’s Edition),20230808,60.0,1,1
B-SAL,Saving a Life,20230808,430.0,10,13
B-TSMS,Then Sings My Soul,20230808,610.0,10,13
C-RUA,Revive Us Again,20230808,30.0,1,1
D-DSITFOSP,David Suchet: In The Footsteps of St. Paul (DVD),20230808,50.0,1,1
D-DSITFOSPETER,David Suchet: In the Footsteps of St. Peter,20230808,100.0,2,2
167,Give,20230809,423.0,4,4
B-SAL,Saving a Life,20230809,173.0,6,7
B-TSMS,Then Sings My Soul,20230809,304.99,5,8
C-RUA,Revive Us Again,20230809,10.0,1,1
D-DSITFOSP,David Suchet: In The Footsteps of St. Paul (DVD),20230809,50.0,1,1
151762,Give,20230810,5.0,1,1
167,Give,20230810,300.0,2,2
B-SAL,Saving a Life,20230810,375.0,13,13
B-TSMS,Then Sings My Soul,20230810,505.0,12,19
C-ACH,A Cappella Hymns,20230810,30.0,1,1
C-HM,Handel\'s Messiah,20230810,30.0,1,1
C-RUA,Revive Us Again,20230810,120.0,2,4
C-TR,The Revelation,20230810,30.0,1,1
D-DSITFOSPETER,David Suchet: In the Footsteps of St. Peter,20230810,30.0,1,1
D-RTWOG,Revival: The Work of God (DVD),20230810,30.0,1,1
D-TMRC,The Most Reluctant Convert (DVD),20230810,30.0,1,1
