ga:interestAffinityCategory,ga:date,ga:users,ga:newUsers,ga:sessions,ga:bounces,ga:transactions,ga:transactionRevenue
Banking & Finance/Avid Investors,20210107,10,5,10,6,0,0.0
Banking & Finance/Avid Investors,20210129,12,6,12,6,0,0.0
Beauty & Wellness/Beauty Mavens,20210104,10,7,11,10,0,0.0
Beauty & Wellness/Beauty Mavens,20210105,10,5,11,4,0,0.0
Beauty & Wellness/Beauty Mavens,20210115,10,3,10,5,0,0.0
Beauty & Wellness/Beauty Mavens,20210118,13,2,16,8,0,0.0
Beauty & Wellness/Beauty Mavens,20210119,11,1,12,6,0,0.0
Beauty & Wellness/Beauty Mavens,20210120,10,5,13,6,0,0.0
Beauty & Wellness/Beauty Mavens,20210127,17,12,18,17,0,0.0
Beauty & Wellness/Beauty Mavens,20210129,14,4,14,9,0,0.0
Beauty & Wellness/Frequently Visits Salons,20210101,11,3,13,7,0,0.0
Beauty & Wellness/Frequently Visits Salons,20210104,10,6,10,7,0,0.0
Beauty & Wellness/Frequently Visits Salons,20210113,10,7,16,8,0,0.0
Beauty & Wellness/Frequently Visits Salons,20210118,12,3,22,11,0,0.0
Beauty & Wellness/Frequently Visits Salons,20210120,13,4,19,12,0,0.0
Beauty & Wellness/Frequently Visits Salons,20210125,10,6,11,5,0,0.0
Beauty & Wellness/Frequently Visits Salons,20210129,15,7,17,13,0,0.0
Food & Dining/Cooking Enthusiasts/30 Minute Chefs,20210101,14,2,16,9,0,0.0
Food & Dining/Cooking Enthusiasts/30 Minute Chefs,20210102,12,5,12,6,0,0.0
Food & Dining/Cooking Enthusiasts/30 Minute Chefs,20210103,11,7,13,5,0,0.0
Food & Dining/Cooking Enthusiasts/30 Minute Chefs,20210104,15,6,16,9,0,0.0
Food & Dining/Cooking Enthusiasts/30 Minute Chefs,20210105,10,2,14,6,0,0.0
Food & Dining/Cooking Enthusiasts/30 Minute Chefs,20210106,13,6,15,4,0,0.0
Food & Dining/Cooking Enthusiasts/30 Minute Chefs,20210107,13,6,14,10,0,0.0
Food & Dining/Cooking Enthusiasts/30 Minute Chefs,20210108,10,3,12,6,0,0.0
Food & Dining/Cooking Enthusiasts/30 Minute Chefs,20210111,15,6,17,6,0,0.0
Food & Dining/Cooking Enthusiasts/30 Minute Chefs,20210112,10,5,12,5,0,0.0
Food & Dining/Cooking Enthusiasts/30 Minute Chefs,20210113,25,11,33,15,0,0.0
Food & Dining/Cooking Enthusiasts/30 Minute Chefs,20210114,17,8,19,11,0,0.0
Food & Dining/Cooking Enthusiasts/30 Minute Chefs,20210115,18,8,22,8,0,0.0
Food & Dining/Cooking Enthusiasts/30 Minute Chefs,20210116,12,5,12,8,0,0.0
Food & Dining/Cooking Enthusiasts/30 Minute Chefs,20210118,22,5,28,12,0,0.0
Food & Dining/Cooking Enthusiasts/30 Minute Chefs,20210119,13,1,15,5,0,0.0
Food & Dining/Cooking Enthusiasts/30 Minute Chefs,20210120,18,7,24,9,0,0.0
Food & Dining/Cooking Enthusiasts/30 Minute Chefs,20210121,17,6,19,13,0,0.0
Food & Dining/Cooking Enthusiasts/30 Minute Chefs,20210122,13,7,14,8,0,0.0
Food & Dining/Cooking Enthusiasts/30 Minute Chefs,20210123,10,4,11,7,0,0.0
Food & Dining/Cooking Enthusiasts/30 Minute Chefs,20210125,20,8,21,8,0,0.0
Food & Dining/Cooking Enthusiasts/30 Minute Chefs,20210126,15,3,15,5,0,0.0
Food & Dining/Cooking Enthusiasts/30 Minute Chefs,20210127,30,22,34,28,0,0.0
Food & Dining/Cooking Enthusiasts/30 Minute Chefs,20210128,20,10,21,12,0,0.0
Food & Dining/Cooking Enthusiasts/30 Minute Chefs,20210129,24,7,24,13,0,0.0
Food & Dining/Foodies,20210107,11,8,12,9,0,0.0
Food & Dining/Foodies,20210129,12,7,15,14,0,0.0
Home & Garden/Do-It-Yourselfers,20210101,13,3,16,8,0,0.0
Home & Garden/Do-It-Yourselfers,20210108,10,2,10,6,0,0.0
Home & Garden/Do-It-Yourselfers,20210113,11,5,13,7,0,0.0
Home & Garden/Do-It-Yourselfers,20210118,11,4,14,4,0,0.0
Home & Garden/Do-It-Yourselfers,20210129,12,5,14,10,0,0.0
Lifestyles & Hobbies/Business Professionals,20210101,16,7,19,6,0,0.0
Lifestyles & Hobbies/Business Professionals,20210104,11,4,11,9,0,0.0
Lifestyles & Hobbies/Business Professionals,20210106,11,4,11,7,0,0.0
Lifestyles & Hobbies/Business Professionals,20210107,11,7,11,7,0,0.0
Lifestyles & Hobbies/Business Professionals,20210115,11,4,15,9,0,0.0
Lifestyles & Hobbies/Business Professionals,20210120,14,4,20,10,0,0.0
Lifestyles & Hobbies/Business Professionals,20210121,11,2,13,10,0,0.0
Lifestyles & Hobbies/Business Professionals,20210125,11,5,11,5,0,0.0
Lifestyles & Hobbies/Business Professionals,20210129,13,7,15,11,0,0.0
Lifestyles & Hobbies/Family-Focused,20210101,12,3,13,6,0,0.0
Lifestyles & Hobbies/Family-Focused,20210103,10,6,12,5,0,0.0
Lifestyles & Hobbies/Family-Focused,20210107,12,8,13,8,0,0.0
Lifestyles & Hobbies/Family-Focused,20210118,13,3,19,8,0,0.0
Lifestyles & Hobbies/Family-Focused,20210121,13,6,14,12,0,0.0
Lifestyles & Hobbies/Family-Focused,20210127,17,14,17,15,0,0.0
Lifestyles & Hobbies/Family-Focused,20210129,14,7,16,12,0,0.0
Lifestyles & Hobbies/Fashionistas,20210118,10,1,16,8,0,0.0
Lifestyles & Hobbies/Fashionistas,20210127,11,9,11,9,0,0.0
Lifestyles & Hobbies/Fashionistas,20210129,15,6,17,13,0,0.0
Lifestyles & Hobbies/Green Living Enthusiasts,20210101,16,6,18,8,0,0.0
Lifestyles & Hobbies/Green Living Enthusiasts,20210102,10,6,10,2,0,0.0
Lifestyles & Hobbies/Green Living Enthusiasts,20210103,11,7,12,5,0,0.0
Lifestyles & Hobbies/Green Living Enthusiasts,20210104,13,5,14,7,0,0.0
Lifestyles & Hobbies/Green Living Enthusiasts,20210105,13,4,14,5,0,0.0
Lifestyles & Hobbies/Green Living Enthusiasts,20210107,16,8,16,8,0,0.0
Lifestyles & Hobbies/Green Living Enthusiasts,20210108,13,2,17,8,0,0.0
Lifestyles & Hobbies/Green Living Enthusiasts,20210111,19,7,20,9,0,0.0
Lifestyles & Hobbies/Green Living Enthusiasts,20210112,15,7,17,6,0,0.0
Lifestyles & Hobbies/Green Living Enthusiasts,20210113,22,8,22,10,0,0.0
Lifestyles & Hobbies/Green Living Enthusiasts,20210114,15,6,15,10,0,0.0
Lifestyles & Hobbies/Green Living Enthusiasts,20210115,13,4,13,4,0,0.0
Lifestyles & Hobbies/Green Living Enthusiasts,20210118,15,4,17,9,0,0.0
Lifestyles & Hobbies/Green Living Enthusiasts,20210119,12,3,14,5,0,0.0
Lifestyles & Hobbies/Green Living Enthusiasts,20210120,15,6,19,9,0,0.0
Lifestyles & Hobbies/Green Living Enthusiasts,20210121,14,3,15,9,0,0.0
Lifestyles & Hobbies/Green Living Enthusiasts,20210122,14,5,16,8,0,0.0
Lifestyles & Hobbies/Green Living Enthusiasts,20210125,11,2,11,3,0,0.0
Lifestyles & Hobbies/Green Living Enthusiasts,20210126,14,4,14,5,0,0.0
Lifestyles & Hobbies/Green Living Enthusiasts,20210127,22,15,22,14,0,0.0
Lifestyles & Hobbies/Green Living Enthusiasts,20210128,14,5,15,7,0,0.0
Lifestyles & Hobbies/Green Living Enthusiasts,20210129,15,5,16,9,0,0.0
Lifestyles & Hobbies/Green Living Enthusiasts,20210130,10,3,10,3,0,0.0
Lifestyles & Hobbies/Outdoor Enthusiasts,20210101,15,5,17,5,0,0.0
Lifestyles & Hobbies/Outdoor Enthusiasts,20210106,10,5,12,3,0,0.0
Lifestyles & Hobbies/Outdoor Enthusiasts,20210107,13,7,13,8,0,0.0
Lifestyles & Hobbies/Outdoor Enthusiasts,20210108,12,1,16,8,0,0.0
Lifestyles & Hobbies/Outdoor Enthusiasts,20210111,10,2,12,5,0,0.0
Lifestyles & Hobbies/Outdoor Enthusiasts,20210113,12,5,12,8,0,0.0
Lifestyles & Hobbies/Outdoor Enthusiasts,20210129,11,6,12,7,0,0.0
Lifestyles & Hobbies/Pet Lovers,20210127,10,5,14,9,0,0.0
Lifestyles & Hobbies/Shutterbugs,20210101,11,4,13,7,0,0.0
Lifestyles & Hobbies/Shutterbugs,20210104,14,5,14,9,0,0.0
Lifestyles & Hobbies/Shutterbugs,20210107,10,5,10,7,0,0.0
Lifestyles & Hobbies/Shutterbugs,20210113,11,5,11,9,0,0.0
Media & Entertainment/Book Lovers,20210104,15,9,16,8,0,0.0
Media & Entertainment/Book Lovers,20210108,10,1,11,4,0,0.0
Media & Entertainment/Book Lovers,20210111,13,6,13,6,0,0.0
Media & Entertainment/Book Lovers,20210113,16,8,16,9,0,0.0
Media & Entertainment/Book Lovers,20210114,11,5,11,5,0,0.0
Media & Entertainment/Book Lovers,20210121,11,3,12,9,0,0.0
Media & Entertainment/Book Lovers,20210126,10,3,10,4,0,0.0
Media & Entertainment/Book Lovers,20210127,21,15,21,17,0,0.0
Media & Entertainment/TV Lovers,20210101,19,4,23,12,0,0.0
Media & Entertainment/TV Lovers,20210102,13,4,13,6,0,0.0
Media & Entertainment/TV Lovers,20210103,10,4,10,4,0,0.0
Media & Entertainment/TV Lovers,20210104,15,8,16,8,0,0.0
Media & Entertainment/TV Lovers,20210106,11,3,12,7,0,0.0
Media & Entertainment/TV Lovers,20210108,12,3,14,7,0,0.0
Media & Entertainment/TV Lovers,20210109,11,3,11,6,0,0.0
Media & Entertainment/TV Lovers,20210111,15,8,16,7,0,0.0
Media & Entertainment/TV Lovers,20210113,14,6,14,4,0,0.0
Media & Entertainment/TV Lovers,20210114,10,1,12,6,0,0.0
Media & Entertainment/TV Lovers,20210115,10,3,12,2,0,0.0
Media & Entertainment/TV Lovers,20210118,12,2,19,8,0,0.0
Media & Entertainment/TV Lovers,20210120,10,7,10,3,0,0.0
Media & Entertainment/TV Lovers,20210121,12,2,13,10,0,0.0
Media & Entertainment/TV Lovers,20210122,11,5,15,9,0,0.0
Media & Entertainment/TV Lovers,20210125,15,7,18,5,0,0.0
Media & Entertainment/TV Lovers,20210126,12,2,13,5,0,0.0
Media & Entertainment/TV Lovers,20210127,17,11,17,12,0,0.0
Media & Entertainment/TV Lovers,20210129,11,3,12,9,0,0.0
News & Politics/Avid News Readers,20210101,19,6,22,9,0,0.0
News & Politics/Avid News Readers,20210102,17,8,18,7,0,0.0
News & Politics/Avid News Readers,20210103,12,6,13,9,0,0.0
News & Politics/Avid News Readers,20210104,18,6,19,12,0,0.0
News & Politics/Avid News Readers,20210105,15,7,17,6,0,0.0
News & Politics/Avid News Readers,20210106,17,5,17,9,0,0.0
News & Politics/Avid News Readers,20210107,19,10,19,11,0,0.0
News & Politics/Avid News Readers,20210108,16,2,19,10,0,0.0
News & Politics/Avid News Readers,20210109,16,6,17,10,0,0.0
News & Politics/Avid News Readers,20210111,22,8,24,13,0,0.0
News & Politics/Avid News Readers,20210112,12,5,13,6,0,0.0
News & Politics/Avid News Readers,20210113,22,9,28,13,0,0.0
News & Politics/Avid News Readers,20210114,16,5,20,12,0,0.0
News & Politics/Avid News Readers,20210115,22,8,27,12,0,0.0
News & Politics/Avid News Readers,20210118,19,3,26,13,0,0.0
News & Politics/Avid News Readers,20210120,20,7,22,9,0,0.0
News & Politics/Avid News Readers,20210121,18,4,20,15,0,0.0
News & Politics/Avid News Readers,20210122,12,3,16,10,0,0.0
News & Politics/Avid News Readers,20210123,14,5,16,12,0,0.0
News & Politics/Avid News Readers,20210125,21,9,22,8,0,0.0
News & Politics/Avid News Readers,20210126,13,3,13,4,0,0.0
News & Politics/Avid News Readers,20210127,23,13,27,21,0,0.0
News & Politics/Avid News Readers,20210128,13,4,13,5,0,0.0
News & Politics/Avid News Readers,20210129,22,8,22,13,0,0.0
News & Politics/Avid News Readers/Avid Local News Readers,20210127,12,8,12,10,0,0.0
News & Politics/Avid News Readers/Avid Political News Readers,20210105,10,4,12,3,0,0.0
News & Politics/Avid News Readers/Avid Political News Readers,20210107,11,6,11,5,0,0.0
News & Politics/Avid News Readers/Avid Political News Readers,20210127,11,6,11,7,0,0.0
News & Politics/Avid News Readers/Avid Political News Readers,20210129,10,5,10,5,0,0.0
News & Politics/Avid News Readers/Entertainment News Enthusiasts,20210120,12,5,14,4,0,0.0
News & Politics/Avid News Readers/Entertainment News Enthusiasts,20210127,10,8,10,9,0,0.0
Shoppers/Bargain Hunters,20210113,11,4,17,3,0,0.0
Shoppers/Bargain Hunters,20210118,11,4,15,8,0,0.0
Shoppers/Bargain Hunters,20210127,14,11,14,12,0,0.0
Shoppers/Luxury Shoppers,20210101,14,6,17,9,0,0.0
Shoppers/Luxury Shoppers,20210104,12,5,12,9,0,0.0
Shoppers/Luxury Shoppers,20210106,12,6,12,8,0,0.0
Shoppers/Luxury Shoppers,20210107,11,7,11,6,0,0.0
Shoppers/Luxury Shoppers,20210114,10,3,13,8,0,0.0
Shoppers/Luxury Shoppers,20210115,11,3,13,8,0,0.0
Shoppers/Luxury Shoppers,20210118,10,1,16,10,0,0.0
Shoppers/Luxury Shoppers,20210120,15,5,19,10,0,0.0
Shoppers/Luxury Shoppers,20210121,12,1,15,11,0,0.0
Shoppers/Luxury Shoppers,20210125,10,3,10,5,0,0.0
Shoppers/Luxury Shoppers,20210129,12,6,15,13,0,0.0
Shoppers/Shoppers by Store Type/Department Store Shoppers,20210129,13,5,15,12,0,0.0
Shoppers/Shopping Enthusiasts,20210118,10,4,12,5,0,0.0
Shoppers/Value Shoppers,20210101,13,6,16,7,0,0.0
Shoppers/Value Shoppers,20210107,11,7,12,8,0,0.0
Shoppers/Value Shoppers,20210118,11,5,14,4,0,0.0
Shoppers/Value Shoppers,20210129,12,5,14,10,0,0.0
Sports & Fitness/Health & Fitness Buffs,20210107,11,7,12,9,0,0.0
Sports & Fitness/Health & Fitness Buffs,20210113,11,4,17,9,0,0.0
Sports & Fitness/Health & Fitness Buffs,20210114,10,6,12,6,0,0.0
Sports & Fitness/Health & Fitness Buffs,20210115,10,5,12,3,0,0.0
Sports & Fitness/Health & Fitness Buffs,20210118,11,2,16,5,0,0.0
Sports & Fitness/Health & Fitness Buffs,20210127,10,7,10,8,0,0.0
Sports & Fitness/Health & Fitness Buffs,20210129,18,8,21,13,0,0.0
Sports & Fitness/Sports Fans,20210101,10,3,12,3,0,0.0
Sports & Fitness/Sports Fans,20210102,13,8,14,7,0,0.0
Sports & Fitness/Sports Fans,20210107,12,9,12,6,0,0.0
Sports & Fitness/Sports Fans,20210114,11,6,15,9,0,0.0
Sports & Fitness/Sports Fans,20210115,11,4,13,7,0,0.0
Sports & Fitness/Sports Fans,20210120,12,5,17,10,0,0.0
Sports & Fitness/Sports Fans,20210121,11,4,13,9,0,0.0
Sports & Fitness/Sports Fans,20210125,10,5,10,3,0,0.0
Sports & Fitness/Sports Fans,20210129,16,10,17,13,0,0.0
Travel/Travel Buffs,20210107,10,6,11,9,0,0.0
Travel/Travel Buffs,20210113,12,6,12,6,0,0.0
Travel/Travel Buffs,20210129,13,7,15,10,0,0.0
Vehicles & Transportation/Auto Enthusiasts,20210101,13,5,15,6,0,0.0
Beauty & Wellness/Beauty Mavens,20210201,11,3,13,6,0,0.0
Beauty & Wellness/Beauty Mavens,20210202,12,5,13,9,0,0.0
Beauty & Wellness/Frequently Visits Salons,20210222,12,4,14,5,0,0.0
Beauty & Wellness/Frequently Visits Salons,20210223,10,3,13,2,0,0.0
Food & Dining/Cooking Enthusiasts/30 Minute Chefs,20210201,24,12,26,14,0,0.0
Food & Dining/Cooking Enthusiasts/30 Minute Chefs,20210202,25,11,30,14,0,0.0
Food & Dining/Cooking Enthusiasts/30 Minute Chefs,20210203,23,10,25,16,0,0.0
Food & Dining/Cooking Enthusiasts/30 Minute Chefs,20210204,19,7,21,15,0,0.0
Food & Dining/Cooking Enthusiasts/30 Minute Chefs,20210205,17,0,21,8,0,0.0
Food & Dining/Cooking Enthusiasts/30 Minute Chefs,20210209,16,4,16,7,0,0.0
Food & Dining/Cooking Enthusiasts/30 Minute Chefs,20210210,12,5,16,8,0,0.0
Food & Dining/Cooking Enthusiasts/30 Minute Chefs,20210211,11,2,13,8,0,0.0
Food & Dining/Cooking Enthusiasts/30 Minute Chefs,20210212,11,4,13,6,0,0.0
Food & Dining/Cooking Enthusiasts/30 Minute Chefs,20210214,12,5,14,4,0,0.0
Food & Dining/Cooking Enthusiasts/30 Minute Chefs,20210215,13,6,14,4,0,0.0
Food & Dining/Cooking Enthusiasts/30 Minute Chefs,20210216,11,1,11,4,0,0.0
Food & Dining/Cooking Enthusiasts/30 Minute Chefs,20210217,13,5,16,5,0,0.0
Food & Dining/Cooking Enthusiasts/30 Minute Chefs,20210218,16,3,21,7,0,0.0
Food & Dining/Cooking Enthusiasts/30 Minute Chefs,20210219,16,4,23,8,0,0.0
Food & Dining/Cooking Enthusiasts/30 Minute Chefs,20210222,17,4,18,6,0,0.0
Food & Dining/Cooking Enthusiasts/30 Minute Chefs,20210223,10,3,10,3,0,0.0
Food & Dining/Cooking Enthusiasts/30 Minute Chefs,20210225,16,3,18,10,0,0.0
Food & Dining/Cooking Enthusiasts/30 Minute Chefs,20210226,11,3,13,3,0,0.0
Food & Dining/Foodies,20210218,10,1,14,6,0,0.0
Home & Garden/Do-It-Yourselfers,20210203,10,4,10,7,0,0.0
Home & Garden/Home Decor Enthusiasts,20210202,10,4,12,8,0,0.0
Lifestyles & Hobbies/Business Professionals,20210202,10,4,10,8,0,0.0
Lifestyles & Hobbies/Business Professionals,20210203,12,5,12,8,0,0.0
Lifestyles & Hobbies/Family-Focused,20210201,11,6,12,5,0,0.0
Lifestyles & Hobbies/Family-Focused,20210202,14,5,15,7,0,0.0
Lifestyles & Hobbies/Family-Focused,20210203,14,5,15,9,0,0.0
Lifestyles & Hobbies/Family-Focused,20210211,10,4,12,7,0,0.0
Lifestyles & Hobbies/Family-Focused,20210222,15,6,16,6,0,0.0
Lifestyles & Hobbies/Fashionistas,20210202,13,6,14,10,0,0.0
Lifestyles & Hobbies/Green Living Enthusiasts,20210201,17,8,19,10,0,0.0
Lifestyles & Hobbies/Green Living Enthusiasts,20210202,19,5,23,14,0,0.0
Lifestyles & Hobbies/Green Living Enthusiasts,20210203,15,6,17,8,0,0.0
Lifestyles & Hobbies/Green Living Enthusiasts,20210204,18,6,20,11,0,0.0
Lifestyles & Hobbies/Green Living Enthusiasts,20210205,11,1,12,7,0,0.0
Lifestyles & Hobbies/Green Living Enthusiasts,20210209,15,4,16,9,0,0.0
Lifestyles & Hobbies/Green Living Enthusiasts,20210211,10,5,12,7,0,0.0
Lifestyles & Hobbies/Green Living Enthusiasts,20210219,12,2,17,8,0,0.0
Lifestyles & Hobbies/Green Living Enthusiasts,20210222,13,5,13,3,0,0.0
Lifestyles & Hobbies/Outdoor Enthusiasts,20210205,10,0,10,4,0,0.0
Lifestyles & Hobbies/Outdoor Enthusiasts,20210222,10,3,12,6,0,0.0
Lifestyles & Hobbies/Outdoor Enthusiasts,20210225,10,1,11,5,0,0.0
Lifestyles & Hobbies/Pet Lovers,20210201,14,7,15,7,0,0.0
Lifestyles & Hobbies/Pet Lovers,20210202,11,3,13,11,0,0.0
Lifestyles & Hobbies/Pet Lovers,20210203,10,2,13,10,0,0.0
Media & Entertainment/Book Lovers,20210201,13,8,15,9,0,0.0
Media & Entertainment/Book Lovers,20210202,13,5,16,6,0,0.0
Media & Entertainment/Book Lovers,20210203,11,4,11,6,0,0.0
Media & Entertainment/Book Lovers,20210204,12,5,13,8,0,0.0
Media & Entertainment/Book Lovers,20210209,12,3,12,5,0,0.0
Media & Entertainment/Book Lovers,20210219,10,1,13,4,0,0.0
Media & Entertainment/Book Lovers,20210222,11,3,11,2,0,0.0
Media & Entertainment/Book Lovers,20210225,11,2,13,6,0,0.0
Media & Entertainment/TV Lovers,20210201,16,6,17,8,0,0.0
Media & Entertainment/TV Lovers,20210202,17,5,21,10,0,0.0
Media & Entertainment/TV Lovers,20210203,16,5,17,9,0,0.0
Media & Entertainment/TV Lovers,20210204,13,2,16,10,0,0.0
Media & Entertainment/TV Lovers,20210209,16,3,17,7,0,0.0
Media & Entertainment/TV Lovers,20210215,11,6,11,4,0,0.0
Media & Entertainment/TV Lovers,20210225,11,2,12,5,0,0.0
News & Politics/Avid News Readers,20210201,20,8,22,12,0,0.0
News & Politics/Avid News Readers,20210202,21,6,25,13,0,0.0
News & Politics/Avid News Readers,20210203,23,6,24,16,0,0.0
News & Politics/Avid News Readers,20210204,20,9,22,11,0,0.0
News & Politics/Avid News Readers,20210205,12,1,13,6,0,0.0
News & Politics/Avid News Readers,20210208,10,2,13,7,0,0.0
News & Politics/Avid News Readers,20210209,14,5,14,6,0,0.0
News & Politics/Avid News Readers,20210210,12,4,19,10,0,0.0
News & Politics/Avid News Readers,20210211,12,4,19,12,0,0.0
News & Politics/Avid News Readers,20210215,16,9,18,7,0,0.0
News & Politics/Avid News Readers,20210217,11,4,13,7,0,0.0
News & Politics/Avid News Readers,20210218,11,3,16,10,0,0.0
News & Politics/Avid News Readers,20210219,10,3,17,10,0,0.0
News & Politics/Avid News Readers,20210222,13,5,15,8,0,0.0
News & Politics/Avid News Readers,20210225,10,3,11,6,0,0.0
News & Politics/Avid News Readers,20210226,10,2,12,1,0,0.0
News & Politics/Avid News Readers/Avid Political News Readers,20210202,10,2,11,4,0,0.0
News & Politics/Avid News Readers/Avid Political News Readers,20210203,13,3,13,6,0,0.0
News & Politics/Avid News Readers/Avid Political News Readers,20210204,11,5,11,4,0,0.0
News & Politics/Avid News Readers/Entertainment News Enthusiasts,20210201,10,5,12,6,0,0.0
News & Politics/Avid News Readers/Entertainment News Enthusiasts,20210202,10,4,13,5,0,0.0
Shoppers/Bargain Hunters,20210201,12,4,13,7,0,0.0
Shoppers/Bargain Hunters,20210202,10,3,13,8,0,0.0
Shoppers/Shopping Enthusiasts,20210202,10,5,11,7,0,0.0
Shoppers/Value Shoppers,20210201,11,5,12,7,0,0.0
Shoppers/Value Shoppers,20210204,10,5,11,6,0,0.0
Sports & Fitness/Health & Fitness Buffs,20210203,11,4,11,9,0,0.0
Sports & Fitness/Health & Fitness Buffs,20210219,10,2,17,8,0,0.0
Sports & Fitness/Health & Fitness Buffs,20210222,12,5,14,5,0,0.0
Sports & Fitness/Health & Fitness Buffs,20210225,10,2,11,4,0,0.0
Beauty & Wellness/Beauty Mavens,20210319,16,11,18,8,0,0.0
Beauty & Wellness/Beauty Mavens,20210324,16,6,20,11,0,0.0
Beauty & Wellness/Frequently Visits Salons,20210301,10,3,11,4,0,0.0
Beauty & Wellness/Frequently Visits Salons,20210312,16,9,16,9,0,0.0
Beauty & Wellness/Frequently Visits Salons,20210315,12,6,12,3,0,0.0
Beauty & Wellness/Frequently Visits Salons,20210324,18,7,20,11,0,0.0
Beauty & Wellness/Frequently Visits Salons,20210331,10,2,10,3,0,0.0
Food & Dining/Cooking Enthusiasts/30 Minute Chefs,20210301,20,7,26,12,0,0.0
Food & Dining/Cooking Enthusiasts/30 Minute Chefs,20210302,16,6,17,5,0,0.0
Food & Dining/Cooking Enthusiasts/30 Minute Chefs,20210303,18,7,21,11,0,0.0
Food & Dining/Cooking Enthusiasts/30 Minute Chefs,20210304,22,5,28,12,0,0.0
Food & Dining/Cooking Enthusiasts/30 Minute Chefs,20210306,10,0,11,7,0,0.0
Food & Dining/Cooking Enthusiasts/30 Minute Chefs,20210308,11,2,11,4,0,0.0
Food & Dining/Cooking Enthusiasts/30 Minute Chefs,20210311,15,7,17,10,0,0.0
Food & Dining/Cooking Enthusiasts/30 Minute Chefs,20210312,17,7,19,8,0,0.0
Food & Dining/Cooking Enthusiasts/30 Minute Chefs,20210314,12,8,14,4,0,0.0
Food & Dining/Cooking Enthusiasts/30 Minute Chefs,20210315,13,5,16,7,0,0.0
Food & Dining/Cooking Enthusiasts/30 Minute Chefs,20210316,11,2,13,4,0,0.0
Food & Dining/Cooking Enthusiasts/30 Minute Chefs,20210318,16,4,18,9,0,0.0
Food & Dining/Cooking Enthusiasts/30 Minute Chefs,20210319,20,12,22,12,0,0.0
Food & Dining/Cooking Enthusiasts/30 Minute Chefs,20210320,11,1,11,2,0,0.0
Food & Dining/Cooking Enthusiasts/30 Minute Chefs,20210321,12,5,16,9,0,0.0
Food & Dining/Cooking Enthusiasts/30 Minute Chefs,20210322,13,4,13,3,0,0.0
Food & Dining/Cooking Enthusiasts/30 Minute Chefs,20210324,26,7,33,18,0,0.0
Food & Dining/Cooking Enthusiasts/30 Minute Chefs,20210325,17,8,21,9,0,0.0
Food & Dining/Cooking Enthusiasts/30 Minute Chefs,20210326,16,7,19,8,0,0.0
Food & Dining/Cooking Enthusiasts/30 Minute Chefs,20210327,12,4,13,5,0,0.0
Food & Dining/Cooking Enthusiasts/30 Minute Chefs,20210328,10,2,11,3,0,0.0
Food & Dining/Cooking Enthusiasts/30 Minute Chefs,20210329,13,3,16,4,0,0.0
Food & Dining/Cooking Enthusiasts/30 Minute Chefs,20210330,15,4,16,6,0,0.0
Food & Dining/Cooking Enthusiasts/30 Minute Chefs,20210331,13,2,15,1,0,0.0
Food & Dining/Cooking Enthusiasts/Aspiring Chefs,20210324,10,3,15,8,0,0.0
Food & Dining/Foodies,20210302,11,4,12,6,0,0.0
Home & Garden/Home Decor Enthusiasts,20210311,11,5,13,6,0,0.0
Lifestyles & Hobbies/Business Professionals,20210315,13,7,16,5,0,0.0
Lifestyles & Hobbies/Family-Focused,20210304,14,4,18,9,0,0.0
Lifestyles & Hobbies/Family-Focused,20210312,11,3,12,3,0,0.0
Lifestyles & Hobbies/Family-Focused,20210315,10,4,12,5,0,0.0
Lifestyles & Hobbies/Family-Focused,20210319,13,9,15,9,0,0.0
Lifestyles & Hobbies/Family-Focused,20210324,15,5,16,9,0,0.0
Lifestyles & Hobbies/Family-Focused,20210325,10,6,15,6,0,0.0
Lifestyles & Hobbies/Fashionistas,20210301,10,3,13,8,0,0.0
Lifestyles & Hobbies/Fashionistas,20210311,12,5,14,7,0,0.0
Lifestyles & Hobbies/Fashionistas,20210319,13,11,14,6,0,0.0
Lifestyles & Hobbies/Fashionistas,20210324,15,5,17,12,0,0.0
Lifestyles & Hobbies/Green Living Enthusiasts,20210301,16,4,21,10,0,0.0
Lifestyles & Hobbies/Green Living Enthusiasts,20210302,10,2,11,4,0,0.0
Lifestyles & Hobbies/Green Living Enthusiasts,20210303,12,6,14,5,0,0.0
Lifestyles & Hobbies/Green Living Enthusiasts,20210304,16,4,20,11,0,0.0
Lifestyles & Hobbies/Green Living Enthusiasts,20210306,11,4,11,2,0,0.0
Lifestyles & Hobbies/Green Living Enthusiasts,20210308,11,1,11,4,0,0.0
Lifestyles & Hobbies/Green Living Enthusiasts,20210310,11,4,11,2,0,0.0
Lifestyles & Hobbies/Green Living Enthusiasts,20210311,13,7,14,6,0,0.0
Lifestyles & Hobbies/Green Living Enthusiasts,20210312,22,9,24,11,0,0.0
Lifestyles & Hobbies/Green Living Enthusiasts,20210314,10,4,11,2,0,0.0
Lifestyles & Hobbies/Green Living Enthusiasts,20210315,13,5,14,7,0,0.0
Lifestyles & Hobbies/Green Living Enthusiasts,20210316,11,3,13,5,0,0.0
Lifestyles & Hobbies/Green Living Enthusiasts,20210318,11,4,13,7,0,0.0
Lifestyles & Hobbies/Green Living Enthusiasts,20210319,14,9,15,6,0,0.0
Lifestyles & Hobbies/Green Living Enthusiasts,20210320,11,2,13,2,0,0.0
Lifestyles & Hobbies/Green Living Enthusiasts,20210324,22,6,27,13,0,0.0
Lifestyles & Hobbies/Green Living Enthusiasts,20210325,12,5,17,5,0,0.0
Lifestyles & Hobbies/Green Living Enthusiasts,20210326,13,4,18,7,0,0.0
Lifestyles & Hobbies/Green Living Enthusiasts,20210329,10,4,14,3,0,0.0
Lifestyles & Hobbies/Green Living Enthusiasts,20210330,11,6,12,4,0,0.0
Lifestyles & Hobbies/Green Living Enthusiasts,20210331,11,3,14,4,0,0.0
Lifestyles & Hobbies/Outdoor Enthusiasts,20210303,11,4,13,7,0,0.0
Lifestyles & Hobbies/Outdoor Enthusiasts,20210304,13,2,15,6,0,0.0
Lifestyles & Hobbies/Outdoor Enthusiasts,20210306,10,1,11,5,0,0.0
Lifestyles & Hobbies/Outdoor Enthusiasts,20210315,10,5,12,7,0,0.0
Media & Entertainment/Book Lovers,20210301,14,4,18,9,0,0.0
Media & Entertainment/Book Lovers,20210302,12,4,12,4,0,0.0
Media & Entertainment/Book Lovers,20210304,13,3,18,7,0,0.0
Media & Entertainment/Book Lovers,20210311,12,5,13,5,0,0.0
Media & Entertainment/Book Lovers,20210312,16,6,17,6,0,0.0
Media & Entertainment/Book Lovers,20210314,11,3,13,3,0,0.0
Media & Entertainment/Book Lovers,20210315,14,4,16,9,0,0.0
Media & Entertainment/Book Lovers,20210318,13,2,15,6,0,0.0
Media & Entertainment/Book Lovers,20210319,15,8,16,5,0,0.0
Media & Entertainment/Book Lovers,20210320,11,1,13,3,0,0.0
Media & Entertainment/Book Lovers,20210321,10,2,14,9,0,0.0
Media & Entertainment/Book Lovers,20210324,20,8,25,11,0,0.0
Media & Entertainment/Book Lovers,20210325,11,4,14,6,0,0.0
Media & Entertainment/Book Lovers,20210326,13,4,17,9,0,0.0
Media & Entertainment/Book Lovers,20210329,10,2,12,5,0,0.0
Media & Entertainment/Book Lovers,20210330,11,5,13,5,0,0.0
Media & Entertainment/TV Lovers,20210301,10,3,11,2,0,0.0
Media & Entertainment/TV Lovers,20210303,11,5,13,8,0,0.0
Media & Entertainment/TV Lovers,20210304,12,2,14,8,0,0.0
Media & Entertainment/TV Lovers,20210311,11,6,13,9,0,0.0
Media & Entertainment/TV Lovers,20210312,14,8,16,7,0,0.0
Media & Entertainment/TV Lovers,20210315,14,5,17,8,0,0.0
Media & Entertainment/TV Lovers,20210318,13,4,14,8,0,0.0
Media & Entertainment/TV Lovers,20210320,10,2,10,2,0,0.0
Media & Entertainment/TV Lovers,20210324,12,2,15,8,0,0.0
Media & Entertainment/TV Lovers,20210325,12,6,16,8,0,0.0
Media & Entertainment/TV Lovers,20210326,15,6,18,10,0,0.0
Media & Entertainment/TV Lovers,20210330,10,3,11,3,0,0.0
Media & Entertainment/TV Lovers,20210331,10,3,12,1,0,0.0
News & Politics/Avid News Readers,20210301,11,3,13,5,0,0.0
News & Politics/Avid News Readers,20210303,14,6,15,8,0,0.0
News & Politics/Avid News Readers,20210304,16,6,20,9,0,0.0
News & Politics/Avid News Readers,20210305,10,4,11,6,0,0.0
News & Politics/Avid News Readers,20210306,10,1,10,5,0,0.0
News & Politics/Avid News Readers,20210308,10,2,10,5,0,0.0
News & Politics/Avid News Readers,20210311,15,8,16,8,0,0.0
News & Politics/Avid News Readers,20210312,23,9,25,12,0,0.0
News & Politics/Avid News Readers,20210314,13,5,14,3,0,0.0
News & Politics/Avid News Readers,20210315,16,6,18,9,0,0.0
News & Politics/Avid News Readers,20210316,10,1,13,7,0,0.0
News & Politics/Avid News Readers,20210317,12,7,14,4,0,0.0
News & Politics/Avid News Readers,20210318,15,5,16,7,0,0.0
News & Politics/Avid News Readers,20210319,13,7,13,6,0,0.0
News & Politics/Avid News Readers,20210320,15,2,15,4,0,0.0
News & Politics/Avid News Readers,20210322,11,0,11,4,0,0.0
News & Politics/Avid News Readers,20210324,20,6,25,13,0,0.0
News & Politics/Avid News Readers,20210325,17,5,21,12,0,0.0
News & Politics/Avid News Readers,20210326,12,4,15,8,0,0.0
News & Politics/Avid News Readers,20210327,11,2,15,8,0,0.0
News & Politics/Avid News Readers,20210329,11,3,12,4,0,0.0
News & Politics/Avid News Readers/Entertainment News Enthusiasts,20210312,11,4,13,4,0,0.0
News & Politics/Avid News Readers/Entertainment News Enthusiasts,20210324,10,3,13,7,0,0.0
News & Politics/Avid News Readers/Entertainment News Enthusiasts,20210325,10,4,13,7,0,0.0
News & Politics/Avid News Readers/Entertainment News Enthusiasts,20210326,10,4,13,8,0,0.0
Shoppers/Bargain Hunters,20210318,12,4,12,7,0,0.0
Shoppers/Bargain Hunters,20210319,10,5,12,9,0,0.0
Shoppers/Bargain Hunters,20210324,12,5,16,8,0,0.0
Shoppers/Bargain Hunters,20210326,10,5,12,5,0,0.0
Shoppers/Shoppers by Store Type/Department Store Shoppers,20210324,13,4,15,11,0,0.0
Shoppers/Value Shoppers,20210310,11,7,12,4,0,0.0
Shoppers/Value Shoppers,20210311,11,5,12,7,0,0.0
Shoppers/Value Shoppers,20210318,15,4,16,8,0,0.0
Shoppers/Value Shoppers,20210319,14,8,16,7,0,0.0
Shoppers/Value Shoppers,20210324,19,4,25,15,0,0.0
Shoppers/Value Shoppers,20210329,11,5,14,5,0,0.0
Shoppers/Value Shoppers,20210330,14,8,16,5,0,0.0
Sports & Fitness/Health & Fitness Buffs,20210304,13,3,16,6,0,0.0
Sports & Fitness/Health & Fitness Buffs,20210311,10,6,12,6,0,0.0
Sports & Fitness/Health & Fitness Buffs,20210325,10,6,15,9,0,0.0
Sports & Fitness/Health & Fitness Buffs,20210331,10,1,12,3,0,0.0
Travel/Business Travelers,20210312,10,4,10,5,0,0.0
Travel/Travel Buffs,20210312,12,6,12,6,0,0.0
Travel/Travel Buffs,20210324,16,5,17,12,0,0.0
Beauty & Wellness/Beauty Mavens,20210420,10,7,12,3,0,0.0
Beauty & Wellness/Beauty Mavens,20210423,12,9,15,7,0,0.0
Beauty & Wellness/Beauty Mavens,20210426,11,6,11,4,0,0.0
Beauty & Wellness/Beauty Mavens,20210428,11,5,11,6,0,0.0
Beauty & Wellness/Beauty Mavens,20210429,10,3,13,4,0,0.0
Beauty & Wellness/Frequently Visits Salons,20210401,10,5,14,6,0,0.0
Beauty & Wellness/Frequently Visits Salons,20210405,12,5,12,3,0,0.0
Beauty & Wellness/Frequently Visits Salons,20210407,15,2,16,11,0,0.0
Beauty & Wellness/Frequently Visits Salons,20210420,10,7,12,1,0,0.0
Beauty & Wellness/Frequently Visits Salons,20210426,14,6,14,6,0,0.0
Food & Dining/Cooking Enthusiasts/30 Minute Chefs,20210401,20,8,24,8,0,0.0
Food & Dining/Cooking Enthusiasts/30 Minute Chefs,20210404,11,8,12,5,0,0.0
Food & Dining/Cooking Enthusiasts/30 Minute Chefs,20210405,12,5,14,1,0,0.0
Food & Dining/Cooking Enthusiasts/30 Minute Chefs,20210407,14,3,16,8,0,0.0
Food & Dining/Cooking Enthusiasts/30 Minute Chefs,20210408,12,2,13,5,0,0.0
Food & Dining/Cooking Enthusiasts/30 Minute Chefs,20210409,12,5,15,10,0,0.0
Food & Dining/Cooking Enthusiasts/30 Minute Chefs,20210413,12,4,14,8,0,0.0
Food & Dining/Cooking Enthusiasts/30 Minute Chefs,20210414,15,8,20,9,0,0.0
Food & Dining/Cooking Enthusiasts/30 Minute Chefs,20210415,19,5,26,11,0,0.0
Food & Dining/Cooking Enthusiasts/30 Minute Chefs,20210416,12,3,16,10,0,0.0
Food & Dining/Cooking Enthusiasts/30 Minute Chefs,20210419,15,5,20,7,0,0.0
Food & Dining/Cooking Enthusiasts/30 Minute Chefs,20210420,15,7,19,3,0,0.0
Food & Dining/Cooking Enthusiasts/30 Minute Chefs,20210421,14,3,22,9,0,0.0
Food & Dining/Cooking Enthusiasts/30 Minute Chefs,20210423,19,9,21,8,0,0.0
Food & Dining/Cooking Enthusiasts/30 Minute Chefs,20210425,11,4,12,6,0,0.0
Food & Dining/Cooking Enthusiasts/30 Minute Chefs,20210426,17,5,19,10,0,0.0
Food & Dining/Cooking Enthusiasts/30 Minute Chefs,20210427,13,6,14,6,0,0.0
Food & Dining/Cooking Enthusiasts/30 Minute Chefs,20210428,13,4,17,9,0,0.0
Food & Dining/Cooking Enthusiasts/30 Minute Chefs,20210429,13,4,19,5,0,0.0
Food & Dining/Cooking Enthusiasts/30 Minute Chefs,20210430,12,6,13,4,0,0.0
Food & Dining/Foodies,20210426,11,5,12,7,0,0.0
Food & Dining/Foodies,20210429,10,4,16,8,0,0.0
Lifestyles & Hobbies/Family-Focused,20210401,10,5,10,5,0,0.0
Lifestyles & Hobbies/Family-Focused,20210420,10,6,11,1,0,0.0
Lifestyles & Hobbies/Family-Focused,20210426,13,6,14,5,0,0.0
Lifestyles & Hobbies/Family-Focused,20210429,10,4,14,3,0,0.0
Lifestyles & Hobbies/Fashionistas,20210426,10,6,10,5,0,0.0
Lifestyles & Hobbies/Fashionistas,20210429,10,3,14,4,0,0.0
Lifestyles & Hobbies/Green Living Enthusiasts,20210401,14,5,15,8,0,0.0
Lifestyles & Hobbies/Green Living Enthusiasts,20210415,10,3,12,4,0,0.0
Lifestyles & Hobbies/Green Living Enthusiasts,20210420,12,7,14,2,0,0.0
Lifestyles & Hobbies/Green Living Enthusiasts,20210426,14,4,16,5,0,0.0
Lifestyles & Hobbies/Green Living Enthusiasts,20210427,12,5,14,5,0,0.0
Lifestyles & Hobbies/Green Living Enthusiasts,20210428,10,4,14,7,0,0.0
Lifestyles & Hobbies/Green Living Enthusiasts,20210429,11,4,17,4,0,0.0
Lifestyles & Hobbies/Green Living Enthusiasts,20210430,11,5,12,6,0,0.0
Lifestyles & Hobbies/Outdoor Enthusiasts,20210428,10,4,11,8,0,0.0
Media & Entertainment/Book Lovers,20210401,13,5,13,4,0,0.0
Media & Entertainment/Book Lovers,20210408,10,2,13,4,0,0.0
Media & Entertainment/Book Lovers,20210423,13,5,14,5,0,0.0
Media & Entertainment/TV Lovers,20210401,14,8,17,6,0,0.0
Media & Entertainment/TV Lovers,20210405,11,1,13,0,0,0.0
Media & Entertainment/TV Lovers,20210407,10,1,12,6,0,0.0
Media & Entertainment/TV Lovers,20210415,13,3,16,5,0,0.0
Media & Entertainment/TV Lovers,20210421,10,5,14,3,0,0.0
Media & Entertainment/TV Lovers,20210426,15,6,17,8,0,0.0
Media & Entertainment/TV Lovers,20210429,11,4,16,3,0,0.0
Media & Entertainment/TV Lovers,20210430,12,4,13,4,0,0.0
News & Politics/Avid News Readers,20210401,17,7,21,6,0,0.0
News & Politics/Avid News Readers,20210407,13,2,14,8,0,0.0
News & Politics/Avid News Readers,20210408,12,3,13,4,0,0.0
News & Politics/Avid News Readers,20210414,12,7,14,7,0,0.0
News & Politics/Avid News Readers,20210415,16,4,22,10,0,0.0
News & Politics/Avid News Readers,20210419,13,3,17,3,0,0.0
News & Politics/Avid News Readers,20210420,12,5,15,2,0,0.0
News & Politics/Avid News Readers,20210421,15,5,21,8,0,0.0
News & Politics/Avid News Readers,20210423,10,3,13,4,0,0.0
News & Politics/Avid News Readers,20210426,14,3,16,7,0,0.0
News & Politics/Avid News Readers,20210427,12,5,14,5,0,0.0
News & Politics/Avid News Readers,20210430,12,7,14,4,0,0.0
Shoppers/Shoppers by Store Type/Department Store Shoppers,20210426,13,5,14,6,0,0.0
Shoppers/Value Shoppers,20210401,12,4,13,7,0,0.0
Shoppers/Value Shoppers,20210423,12,7,16,4,0,0.0
Shoppers/Value Shoppers,20210426,11,5,12,5,0,0.0
Sports & Fitness/Health & Fitness Buffs,20210401,10,4,14,5,0,0.0
Sports & Fitness/Health & Fitness Buffs,20210407,13,3,13,7,0,0.0
Sports & Fitness/Health & Fitness Buffs,20210419,10,3,13,5,0,0.0
Sports & Fitness/Sports Fans,20210428,10,4,11,5,0,0.0
Beauty & Wellness/Beauty Mavens,20210507,10,4,11,4,0,0.0
Beauty & Wellness/Beauty Mavens,20210517,13,7,17,5,0,0.0
Beauty & Wellness/Frequently Visits Salons,20210504,10,5,11,4,0,0.0
Beauty & Wellness/Frequently Visits Salons,20210505,12,5,12,4,0,0.0
Beauty & Wellness/Frequently Visits Salons,20210507,10,2,11,5,0,0.0
Beauty & Wellness/Frequently Visits Salons,20210512,13,5,13,5,0,0.0
Beauty & Wellness/Frequently Visits Salons,20210517,14,8,17,5,0,0.0
Beauty & Wellness/Frequently Visits Salons,20210520,11,7,15,4,0,0.0
Food & Dining/Cooking Enthusiasts/30 Minute Chefs,20210503,11,2,16,2,0,0.0
Food & Dining/Cooking Enthusiasts/30 Minute Chefs,20210504,19,9,22,9,0,0.0
Food & Dining/Cooking Enthusiasts/30 Minute Chefs,20210505,12,8,12,3,0,0.0
Food & Dining/Cooking Enthusiasts/30 Minute Chefs,20210506,10,4,12,7,0,0.0
Food & Dining/Cooking Enthusiasts/30 Minute Chefs,20210507,15,8,16,6,0,0.0
Food & Dining/Cooking Enthusiasts/30 Minute Chefs,20210517,12,5,16,3,0,0.0
Food & Dining/Cooking Enthusiasts/30 Minute Chefs,20210520,11,4,13,4,0,0.0
Food & Dining/Cooking Enthusiasts/30 Minute Chefs,20210524,10,6,14,8,0,0.0
Food & Dining/Cooking Enthusiasts/30 Minute Chefs,20210526,13,7,20,7,0,0.0
Food & Dining/Cooking Enthusiasts/30 Minute Chefs,20210527,14,5,17,8,0,0.0
Food & Dining/Cooking Enthusiasts/30 Minute Chefs,20210528,15,7,19,3,0,0.0
Food & Dining/Cooking Enthusiasts/30 Minute Chefs,20210531,14,6,14,4,0,0.0
Lifestyles & Hobbies/Family-Focused,20210504,13,6,14,6,0,0.0
Lifestyles & Hobbies/Family-Focused,20210505,11,6,11,4,0,0.0
Lifestyles & Hobbies/Fashionistas,20210517,11,6,16,6,0,0.0
Lifestyles & Hobbies/Fashionistas,20210531,10,6,11,4,0,0.0
Lifestyles & Hobbies/Green Living Enthusiasts,20210503,11,2,14,1,0,0.0
Lifestyles & Hobbies/Green Living Enthusiasts,20210504,18,9,19,9,0,0.0
Lifestyles & Hobbies/Green Living Enthusiasts,20210505,11,5,11,3,0,0.0
Lifestyles & Hobbies/Green Living Enthusiasts,20210506,16,6,21,7,0,0.0
Lifestyles & Hobbies/Green Living Enthusiasts,20210507,15,7,15,3,0,0.0
Lifestyles & Hobbies/Green Living Enthusiasts,20210512,11,3,12,5,0,0.0
Lifestyles & Hobbies/Green Living Enthusiasts,20210516,10,8,10,2,0,0.0
Lifestyles & Hobbies/Green Living Enthusiasts,20210517,10,3,14,4,0,0.0
Lifestyles & Hobbies/Green Living Enthusiasts,20210520,11,6,13,3,0,0.0
Lifestyles & Hobbies/Green Living Enthusiasts,20210526,10,6,11,3,0,0.0
Lifestyles & Hobbies/Green Living Enthusiasts,20210531,10,5,10,3,0,0.0
Lifestyles & Hobbies/Outdoor Enthusiasts,20210504,10,6,11,6,0,0.0
Media & Entertainment/Book Lovers,20210504,11,6,13,7,0,0.0
Media & Entertainment/Book Lovers,20210506,10,2,13,2,0,0.0
Media & Entertainment/Book Lovers,20210507,11,2,16,5,0,0.0
Media & Entertainment/Book Lovers,20210512,10,2,10,3,0,0.0
Media & Entertainment/Book Lovers,20210520,11,4,13,5,0,0.0
Media & Entertainment/Book Lovers,20210528,11,5,15,3,0,0.0
Media & Entertainment/TV Lovers,20210503,10,3,12,2,0,0.0
Media & Entertainment/TV Lovers,20210504,15,6,15,7,0,0.0
Media & Entertainment/TV Lovers,20210505,11,5,11,6,0,0.0
Media & Entertainment/TV Lovers,20210512,12,3,12,4,0,0.0
Media & Entertainment/TV Lovers,20210517,13,4,16,6,0,0.0
News & Politics/Avid News Readers,20210503,11,2,13,3,0,0.0
News & Politics/Avid News Readers,20210504,22,11,24,12,0,0.0
News & Politics/Avid News Readers,20210505,12,5,12,5,0,0.0
News & Politics/Avid News Readers,20210506,10,2,12,6,0,0.0
News & Politics/Avid News Readers,20210507,12,3,13,3,0,0.0
News & Politics/Avid News Readers,20210512,12,5,12,7,0,0.0
News & Politics/Avid News Readers,20210517,12,6,14,4,0,0.0
News & Politics/Avid News Readers,20210520,11,6,11,4,0,0.0
News & Politics/Avid News Readers,20210528,13,5,13,2,0,0.0
News & Politics/Avid News Readers,20210531,11,5,12,5,0,0.0
News & Politics/Avid News Readers/Entertainment News Enthusiasts,20210504,10,8,11,6,0,0.0
Shoppers/Bargain Hunters,20210517,10,4,14,3,0,0.0
Shoppers/Shoppers by Store Type/Department Store Shoppers,20210512,10,4,11,5,0,0.0
Shoppers/Shoppers by Store Type/Department Store Shoppers,20210517,10,5,13,4,0,0.0
Shoppers/Value Shoppers,20210504,14,7,16,7,0,0.0
Shoppers/Value Shoppers,20210505,12,6,12,4,0,0.0
Sports & Fitness/Health & Fitness Buffs,20210512,11,5,11,6,0,0.0
Travel/Travel Buffs,20210531,11,4,12,4,0,0.0
Beauty & Wellness/Beauty Mavens,20210614,11,5,12,7,0,0.0
Beauty & Wellness/Beauty Mavens,20210623,13,5,13,11,0,0.0
Beauty & Wellness/Beauty Mavens,20210629,13,6,17,6,0,0.0
Beauty & Wellness/Beauty Mavens,20210630,12,7,13,5,0,0.0
Beauty & Wellness/Frequently Visits Salons,20210609,10,5,12,9,0,0.0
Food & Dining/Cooking Enthusiasts/30 Minute Chefs,20210601,12,3,15,4,0,0.0
Food & Dining/Cooking Enthusiasts/30 Minute Chefs,20210602,15,8,16,5,0,0.0
Food & Dining/Cooking Enthusiasts/30 Minute Chefs,20210603,14,4,14,2,0,0.0
Food & Dining/Cooking Enthusiasts/30 Minute Chefs,20210604,11,3,14,5,0,0.0
Food & Dining/Cooking Enthusiasts/30 Minute Chefs,20210605,10,5,11,5,0,0.0
Food & Dining/Cooking Enthusiasts/30 Minute Chefs,20210606,13,6,14,9,0,0.0
Food & Dining/Cooking Enthusiasts/30 Minute Chefs,20210609,10,5,11,8,0,0.0
Food & Dining/Cooking Enthusiasts/30 Minute Chefs,20210610,13,6,16,10,0,0.0
Food & Dining/Cooking Enthusiasts/30 Minute Chefs,20210611,13,5,15,9,0,0.0
Food & Dining/Cooking Enthusiasts/30 Minute Chefs,20210614,14,7,15,7,0,0.0
Food & Dining/Cooking Enthusiasts/30 Minute Chefs,20210616,11,4,13,6,0,0.0
Food & Dining/Cooking Enthusiasts/30 Minute Chefs,20210623,11,3,12,6,0,0.0
Food & Dining/Cooking Enthusiasts/30 Minute Chefs,20210628,11,4,11,2,0,0.0
Food & Dining/Cooking Enthusiasts/30 Minute Chefs,20210629,23,10,27,9,0,0.0
Food & Dining/Cooking Enthusiasts/30 Minute Chefs,20210630,14,8,15,5,0,0.0
Lifestyles & Hobbies/Business Professionals,20210611,10,5,12,6,0,0.0
Lifestyles & Hobbies/Family-Focused,20210602,12,6,13,4,0,0.0
Lifestyles & Hobbies/Family-Focused,20210605,10,5,11,6,0,0.0
Lifestyles & Hobbies/Family-Focused,20210614,11,8,12,4,0,0.0
Lifestyles & Hobbies/Family-Focused,20210629,13,7,15,6,0,0.0
Lifestyles & Hobbies/Fashionistas,20210614,10,5,11,5,0,0.0
Lifestyles & Hobbies/Green Living Enthusiasts,20210601,10,4,10,2,0,0.0
Lifestyles & Hobbies/Green Living Enthusiasts,20210609,11,5,13,12,0,0.0
Lifestyles & Hobbies/Green Living Enthusiasts,20210611,10,2,12,7,0,0.0
Lifestyles & Hobbies/Green Living Enthusiasts,20210614,14,8,16,6,0,0.0
Lifestyles & Hobbies/Green Living Enthusiasts,20210616,10,3,11,6,0,0.0
Lifestyles & Hobbies/Green Living Enthusiasts,20210622,10,1,13,6,0,0.0
Lifestyles & Hobbies/Green Living Enthusiasts,20210629,15,5,19,6,0,0.0
Lifestyles & Hobbies/Green Living Enthusiasts,20210630,11,4,11,5,0,0.0
Lifestyles & Hobbies/Outdoor Enthusiasts,20210629,10,3,11,2,0,0.0
Media & Entertainment/Book Lovers,20210614,11,8,13,5,0,0.0
Media & Entertainment/Book Lovers,20210629,11,4,13,4,0,0.0
Media & Entertainment/TV Lovers,20210601,10,4,11,3,0,0.0
Media & Entertainment/TV Lovers,20210602,13,6,15,6,0,0.0
Media & Entertainment/TV Lovers,20210610,10,6,14,6,0,0.0
Media & Entertainment/TV Lovers,20210629,10,3,12,4,0,0.0
Media & Entertainment/TV Lovers,20210630,10,5,10,3,0,0.0
News & Politics/Avid News Readers,20210601,11,5,11,4,0,0.0
News & Politics/Avid News Readers,20210602,16,7,18,10,0,0.0
News & Politics/Avid News Readers,20210604,11,5,12,3,0,0.0
News & Politics/Avid News Readers,20210611,10,2,13,8,0,0.0
News & Politics/Avid News Readers,20210614,11,6,12,5,0,0.0
News & Politics/Avid News Readers,20210629,13,7,15,3,0,0.0
Shoppers/Value Shoppers,20210602,11,5,13,5,0,0.0
Shoppers/Value Shoppers,20210609,11,5,15,13,0,0.0
Shoppers/Value Shoppers,20210610,11,5,13,9,0,0.0
Shoppers/Value Shoppers,20210614,12,6,13,4,0,0.0
Sports & Fitness/Health & Fitness Buffs,20210614,12,6,13,3,0,0.0
Sports & Fitness/Sports Fans,20210629,11,3,14,4,0,0.0
Beauty & Wellness/Frequently Visits Salons,20210728,10,7,13,5,0,0.0
Food & Dining/Cooking Enthusiasts/30 Minute Chefs,20210707,15,7,16,5,0,0.0
Food & Dining/Cooking Enthusiasts/30 Minute Chefs,20210708,11,4,14,7,0,0.0
Food & Dining/Cooking Enthusiasts/30 Minute Chefs,20210712,10,2,12,6,0,0.0
Food & Dining/Cooking Enthusiasts/30 Minute Chefs,20210713,10,6,11,5,0,0.0
Food & Dining/Cooking Enthusiasts/30 Minute Chefs,20210714,10,4,11,6,0,0.0
Food & Dining/Cooking Enthusiasts/30 Minute Chefs,20210719,10,5,14,3,0,0.0
Food & Dining/Cooking Enthusiasts/30 Minute Chefs,20210720,11,7,13,7,0,0.0
Food & Dining/Cooking Enthusiasts/30 Minute Chefs,20210722,12,5,12,6,0,0.0
Food & Dining/Cooking Enthusiasts/30 Minute Chefs,20210727,10,6,13,4,0,0.0
Food & Dining/Cooking Enthusiasts/30 Minute Chefs,20210728,14,8,15,4,0,0.0
Food & Dining/Cooking Enthusiasts/30 Minute Chefs,20210729,11,3,15,7,0,0.0
Food & Dining/Cooking Enthusiasts/30 Minute Chefs,20210730,16,8,26,11,0,0.0
Home & Garden/Do-It-Yourselfers,20210707,12,5,13,6,0,0.0
Lifestyles & Hobbies/Family-Focused,20210707,13,9,14,6,0,0.0
Lifestyles & Hobbies/Green Living Enthusiasts,20210709,14,4,20,5,0,0.0
Lifestyles & Hobbies/Green Living Enthusiasts,20210720,11,6,12,4,0,0.0
Lifestyles & Hobbies/Green Living Enthusiasts,20210722,11,6,11,6,0,0.0
Lifestyles & Hobbies/Green Living Enthusiasts,20210728,11,6,15,6,0,0.0
Lifestyles & Hobbies/Green Living Enthusiasts,20210729,11,3,16,9,0,0.0
Lifestyles & Hobbies/Green Living Enthusiasts,20210730,11,6,16,8,0,0.0
Lifestyles & Hobbies/Outdoor Enthusiasts,20210707,14,5,16,7,0,0.0
Media & Entertainment/Book Lovers,20210730,10,6,17,8,0,0.0
Media & Entertainment/TV Lovers,20210713,10,7,11,4,0,0.0
Media & Entertainment/TV Lovers,20210728,13,5,14,4,0,0.0
Media & Entertainment/TV Lovers,20210729,11,4,14,5,0,0.0
Media & Entertainment/TV Lovers,20210730,17,8,27,14,0,0.0
News & Politics/Avid News Readers,20210707,15,7,16,4,0,0.0
News & Politics/Avid News Readers,20210709,11,2,17,4,0,0.0
News & Politics/Avid News Readers,20210712,11,2,12,6,0,0.0
News & Politics/Avid News Readers,20210714,11,5,16,8,0,0.0
News & Politics/Avid News Readers,20210720,11,6,12,5,0,0.0
News & Politics/Avid News Readers,20210722,11,5,12,5,0,0.0
News & Politics/Avid News Readers,20210728,11,6,13,3,0,0.0
News & Politics/Avid News Readers,20210729,15,7,16,6,0,0.0
News & Politics/Avid News Readers,20210730,10,4,14,9,0,0.0
News & Politics/Avid News Readers/Entertainment News Enthusiasts,20210707,10,6,11,4,0,0.0
Shoppers/Luxury Shoppers,20210722,10,3,12,6,0,0.0
Shoppers/Value Shoppers,20210730,10,7,14,7,0,0.0
Sports & Fitness/Health & Fitness Buffs,20210708,10,4,13,5,0,0.0
Sports & Fitness/Health & Fitness Buffs,20210727,12,7,16,6,0,0.0
Sports & Fitness/Sports Fans,20210728,11,6,14,3,0,0.0
Sports & Fitness/Sports Fans,20210729,15,7,19,10,0,0.0
Banking & Finance/Avid Investors,20210818,10,5,14,7,0,0.0
Beauty & Wellness/Beauty Mavens,20210811,11,4,12,8,0,0.0
Beauty & Wellness/Beauty Mavens,20210825,11,5,13,5,0,0.0
Beauty & Wellness/Frequently Visits Salons,20210811,10,4,10,4,0,0.0
Beauty & Wellness/Frequently Visits Salons,20210818,12,5,14,5,0,0.0
Beauty & Wellness/Frequently Visits Salons,20210819,11,4,11,6,0,0.0
Food & Dining/Cooking Enthusiasts/30 Minute Chefs,20210802,11,5,12,7,0,0.0
Food & Dining/Cooking Enthusiasts/30 Minute Chefs,20210805,15,4,17,9,0,0.0
Food & Dining/Cooking Enthusiasts/30 Minute Chefs,20210809,10,4,12,6,0,0.0
Food & Dining/Cooking Enthusiasts/30 Minute Chefs,20210810,18,12,22,11,0,0.0
Food & Dining/Cooking Enthusiasts/30 Minute Chefs,20210811,18,7,19,10,0,0.0
Food & Dining/Cooking Enthusiasts/30 Minute Chefs,20210812,14,7,18,11,0,0.0
Food & Dining/Cooking Enthusiasts/30 Minute Chefs,20210813,16,7,23,16,0,0.0
Food & Dining/Cooking Enthusiasts/30 Minute Chefs,20210815,10,3,13,9,0,0.0
Food & Dining/Cooking Enthusiasts/30 Minute Chefs,20210816,19,9,23,11,0,0.0
Food & Dining/Cooking Enthusiasts/30 Minute Chefs,20210817,14,10,16,10,0,0.0
Food & Dining/Cooking Enthusiasts/30 Minute Chefs,20210818,18,6,24,11,0,0.0
Food & Dining/Cooking Enthusiasts/30 Minute Chefs,20210819,14,6,17,12,0,0.0
Food & Dining/Cooking Enthusiasts/30 Minute Chefs,20210820,11,4,15,10,0,0.0
Food & Dining/Cooking Enthusiasts/30 Minute Chefs,20210824,10,7,12,6,0,0.0
Food & Dining/Cooking Enthusiasts/30 Minute Chefs,20210825,13,3,15,4,0,0.0
Food & Dining/Cooking Enthusiasts/30 Minute Chefs,20210826,12,6,12,7,0,0.0
Lifestyles & Hobbies/Business Professionals,20210816,10,1,11,4,0,0.0
Lifestyles & Hobbies/Business Professionals,20210817,10,4,13,6,0,0.0
Lifestyles & Hobbies/Business Professionals,20210818,15,3,17,6,0,0.0
Lifestyles & Hobbies/Business Professionals,20210819,13,4,16,6,0,0.0
Lifestyles & Hobbies/Business Professionals,20210824,11,6,13,6,0,0.0
Lifestyles & Hobbies/Business Professionals,20210825,10,3,11,2,0,0.0
Lifestyles & Hobbies/Fashionistas,20210811,11,5,11,5,0,0.0
Lifestyles & Hobbies/Green Living Enthusiasts,20210810,13,8,16,8,0,0.0
Lifestyles & Hobbies/Green Living Enthusiasts,20210812,12,6,13,4,0,0.0
Lifestyles & Hobbies/Green Living Enthusiasts,20210816,13,7,16,7,0,0.0
Lifestyles & Hobbies/Green Living Enthusiasts,20210818,12,5,17,10,0,0.0
Lifestyles & Hobbies/Green Living Enthusiasts,20210824,10,7,12,4,0,0.0
Lifestyles & Hobbies/Outdoor Enthusiasts,20210812,10,6,13,6,0,0.0
Media & Entertainment/Book Lovers,20210811,11,3,12,7,0,0.0
Media & Entertainment/Book Lovers,20210813,12,6,17,10,0,0.0
Media & Entertainment/Book Lovers,20210816,13,7,15,7,0,0.0
Media & Entertainment/Book Lovers,20210818,17,7,21,12,0,0.0
Media & Entertainment/Book Lovers,20210819,13,3,17,10,0,0.0
Media & Entertainment/TV Lovers,20210805,16,4,18,11,0,0.0
Media & Entertainment/TV Lovers,20210810,12,9,15,6,0,0.0
Media & Entertainment/TV Lovers,20210813,13,6,18,12,0,0.0
Media & Entertainment/TV Lovers,20210816,12,7,13,5,0,0.0
Media & Entertainment/TV Lovers,20210817,12,10,14,6,0,0.0
Media & Entertainment/TV Lovers,20210818,10,2,12,9,0,0.0
Media & Entertainment/TV Lovers,20210819,10,6,12,4,0,0.0
Media & Entertainment/TV Lovers,20210824,10,6,12,6,0,0.0
News & Politics/Avid News Readers,20210805,11,4,13,6,0,0.0
News & Politics/Avid News Readers,20210810,11,9,17,10,0,0.0
News & Politics/Avid News Readers,20210811,11,2,11,5,0,0.0
News & Politics/Avid News Readers,20210813,12,8,13,8,0,0.0
News & Politics/Avid News Readers,20210816,12,5,13,2,0,0.0
News & Politics/Avid News Readers,20210817,10,6,11,5,0,0.0
News & Politics/Avid News Readers,20210818,12,6,16,8,0,0.0
News & Politics/Avid News Readers,20210819,13,6,16,7,0,0.0
News & Politics/Avid News Readers,20210831,11,6,15,3,0,0.0
News & Politics/Avid News Readers/Entertainment News Enthusiasts,20210818,10,6,14,8,0,0.0
Shoppers/Bargain Hunters,20210811,12,5,13,8,0,0.0
Shoppers/Luxury Shoppers,20210825,10,4,11,5,0,0.0
Shoppers/Value Shoppers,20210810,11,9,14,8,0,0.0
Shoppers/Value Shoppers,20210819,11,5,14,6,0,0.0
Sports & Fitness/Health & Fitness Buffs,20210810,11,7,17,10,0,0.0
Sports & Fitness/Health & Fitness Buffs,20210811,11,3,11,4,0,0.0
Sports & Fitness/Health & Fitness Buffs,20210816,15,6,17,6,0,0.0
Sports & Fitness/Health & Fitness Buffs,20210818,15,7,20,10,0,0.0
Sports & Fitness/Health & Fitness Buffs,20210819,10,2,13,6,0,0.0
Sports & Fitness/Health & Fitness Buffs,20210824,12,7,14,4,0,0.0
Sports & Fitness/Sports Fans,20210802,12,6,13,8,0,0.0
Sports & Fitness/Sports Fans,20210805,10,2,11,5,0,0.0
Sports & Fitness/Sports Fans,20210810,10,7,17,11,0,0.0
Sports & Fitness/Sports Fans,20210811,12,2,12,5,0,0.0
Sports & Fitness/Sports Fans,20210816,11,4,13,7,0,0.0
Sports & Fitness/Sports Fans,20210818,11,2,13,7,0,0.0
Sports & Fitness/Sports Fans,20210819,12,4,15,6,0,0.0
Sports & Fitness/Sports Fans,20210824,12,7,15,5,0,0.0
Sports & Fitness/Sports Fans,20210825,10,4,12,3,0,0.0
Beauty & Wellness/Beauty Mavens,20210903,10,5,11,3,0,0.0
Beauty & Wellness/Beauty Mavens,20210911,12,10,13,8,0,0.0
Beauty & Wellness/Frequently Visits Salons,20210911,10,8,11,8,0,0.0
Food & Dining/Cooking Enthusiasts/30 Minute Chefs,20210901,12,9,12,9,0,0.0
Food & Dining/Cooking Enthusiasts/30 Minute Chefs,20210902,14,8,15,8,0,0.0
Food & Dining/Cooking Enthusiasts/30 Minute Chefs,20210909,10,4,12,6,0,0.0
Food & Dining/Cooking Enthusiasts/30 Minute Chefs,20210911,20,18,22,14,0,0.0
Food & Dining/Cooking Enthusiasts/30 Minute Chefs,20210912,11,6,15,7,0,0.0
Food & Dining/Cooking Enthusiasts/30 Minute Chefs,20210913,13,9,13,5,0,0.0
Home & Garden/Home Decor Enthusiasts,20210911,10,8,11,6,0,0.0
Lifestyles & Hobbies/Business Professionals,20210902,10,6,10,3,0,0.0
Lifestyles & Hobbies/Business Professionals,20210903,10,3,11,4,0,0.0
Lifestyles & Hobbies/Business Professionals,20210911,10,7,10,6,0,0.0
Lifestyles & Hobbies/Business Professionals,20210914,10,3,13,8,0,0.0
Lifestyles & Hobbies/Family-Focused,20210901,10,7,10,9,0,0.0
Lifestyles & Hobbies/Family-Focused,20210911,12,11,14,10,0,0.0
Lifestyles & Hobbies/Fashionistas,20210903,10,4,11,3,0,0.0
Lifestyles & Hobbies/Fashionistas,20210911,10,8,11,7,0,0.0
Lifestyles & Hobbies/Green Living Enthusiasts,20210901,11,6,11,8,0,0.0
Lifestyles & Hobbies/Green Living Enthusiasts,20210902,14,8,18,5,0,0.0
Lifestyles & Hobbies/Green Living Enthusiasts,20210903,10,6,10,0,0,0.0
Lifestyles & Hobbies/Green Living Enthusiasts,20210904,10,4,11,3,0,0.0
Lifestyles & Hobbies/Green Living Enthusiasts,20210906,12,8,18,8,0,0.0
Lifestyles & Hobbies/Green Living Enthusiasts,20210911,13,7,14,9,0,0.0
Lifestyles & Hobbies/Outdoor Enthusiasts,20210902,11,7,11,6,0,0.0
Media & Entertainment/Book Lovers,20210911,12,8,13,8,0,0.0
Media & Entertainment/TV Lovers,20210903,11,5,12,4,0,0.0
Media & Entertainment/TV Lovers,20210913,13,10,13,3,0,0.0
News & Politics/Avid News Readers,20210902,11,8,14,2,0,0.0
News & Politics/Avid News Readers,20210906,10,7,14,5,0,0.0
News & Politics/Avid News Readers,20210909,10,1,11,5,0,0.0
News & Politics/Avid News Readers,20210911,13,8,14,6,0,0.0
News & Politics/Avid News Readers,20210913,13,8,14,4,0,0.0
Shoppers/Luxury Shoppers,20210902,11,7,12,4,0,0.0
Sports & Fitness/Health & Fitness Buffs,20210909,11,5,14,8,0,0.0
Sports & Fitness/Health & Fitness Buffs,20210911,11,8,11,8,0,0.0
Sports & Fitness/Sports Fans,20210901,10,6,10,5,0,0.0
Sports & Fitness/Sports Fans,20210909,12,6,16,10,0,0.0
Sports & Fitness/Sports Fans,20210911,10,7,10,7,0,0.0
Sports & Fitness/Sports Fans,20210914,10,4,12,6,0,0.0
Banking & Finance/Avid Investors,20211014,10,6,12,5,0,0.0
Beauty & Wellness/Beauty Mavens,20211005,10,6,11,6,0,0.0
Beauty & Wellness/Beauty Mavens,20211014,14,4,15,9,0,0.0
Beauty & Wellness/Beauty Mavens,20211019,13,4,17,14,0,0.0
Beauty & Wellness/Beauty Mavens,20211020,10,4,14,7,0,0.0
Beauty & Wellness/Frequently Visits Salons,20211014,13,8,15,8,0,0.0
Food & Dining/Cooking Enthusiasts/30 Minute Chefs,20211004,10,3,11,4,0,0.0
Food & Dining/Cooking Enthusiasts/30 Minute Chefs,20211005,11,4,13,7,0,0.0
Food & Dining/Cooking Enthusiasts/30 Minute Chefs,20211007,14,3,18,8,0,0.0
Food & Dining/Cooking Enthusiasts/30 Minute Chefs,20211008,14,5,17,5,0,0.0
Food & Dining/Cooking Enthusiasts/30 Minute Chefs,20211013,14,3,21,7,0,0.0
Food & Dining/Cooking Enthusiasts/30 Minute Chefs,20211014,27,13,33,9,0,0.0
Food & Dining/Cooking Enthusiasts/30 Minute Chefs,20211015,16,5,18,8,0,0.0
Food & Dining/Cooking Enthusiasts/30 Minute Chefs,20211018,13,5,17,3,0,0.0
Food & Dining/Cooking Enthusiasts/30 Minute Chefs,20211019,22,8,27,16,0,0.0
Food & Dining/Cooking Enthusiasts/30 Minute Chefs,20211020,16,6,22,8,0,0.0
Food & Dining/Cooking Enthusiasts/30 Minute Chefs,20211021,16,6,18,7,0,0.0
Food & Dining/Cooking Enthusiasts/30 Minute Chefs,20211022,21,7,24,9,0,0.0
Food & Dining/Cooking Enthusiasts/30 Minute Chefs,20211025,14,5,15,7,0,0.0
Food & Dining/Cooking Enthusiasts/30 Minute Chefs,20211027,15,11,15,5,0,0.0
Food & Dining/Cooking Enthusiasts/30 Minute Chefs,20211028,12,4,14,6,0,0.0
Food & Dining/Cooking Enthusiasts/30 Minute Chefs,20211029,10,7,11,5,0,0.0
Food & Dining/Cooking Enthusiasts/Aspiring Chefs,20211014,13,7,15,6,0,0.0
Home & Garden/Do-It-Yourselfers,20211014,12,9,14,3,0,0.0
Home & Garden/Do-It-Yourselfers,20211022,13,7,16,6,0,0.0
Lifestyles & Hobbies/Business Professionals,20211014,10,5,12,6,0,0.0
Lifestyles & Hobbies/Business Professionals,20211019,11,3,13,8,0,0.0
Lifestyles & Hobbies/Business Professionals,20211020,11,7,14,5,0,0.0
Lifestyles & Hobbies/Business Professionals,20211022,16,7,19,4,0,0.0
Lifestyles & Hobbies/Family-Focused,20211008,10,6,11,4,0,0.0
Lifestyles & Hobbies/Family-Focused,20211014,21,11,23,9,0,0.0
Lifestyles & Hobbies/Family-Focused,20211019,11,5,14,12,0,0.0
Lifestyles & Hobbies/Family-Focused,20211020,12,6,17,9,0,0.0
Lifestyles & Hobbies/Family-Focused,20211021,10,4,12,5,0,0.0
Lifestyles & Hobbies/Family-Focused,20211022,10,3,11,6,0,0.0
Lifestyles & Hobbies/Fashionistas,20211014,10,4,11,6,0,0.0
Lifestyles & Hobbies/Fashionistas,20211020,10,5,14,6,0,0.0
Lifestyles & Hobbies/Green Living Enthusiasts,20211013,11,3,14,8,0,0.0
Lifestyles & Hobbies/Green Living Enthusiasts,20211014,18,6,21,9,0,0.0
Lifestyles & Hobbies/Green Living Enthusiasts,20211015,11,6,12,5,0,0.0
Lifestyles & Hobbies/Green Living Enthusiasts,20211021,12,5,12,9,0,0.0
Lifestyles & Hobbies/Green Living Enthusiasts,20211027,12,8,12,4,0,0.0
Lifestyles & Hobbies/Outdoor Enthusiasts,20211014,11,7,11,2,0,0.0
Lifestyles & Hobbies/Outdoor Enthusiasts,20211020,10,6,14,5,0,0.0
Lifestyles & Hobbies/Outdoor Enthusiasts,20211022,14,6,17,7,0,0.0
Lifestyles & Hobbies/Pet Lovers,20211020,10,5,14,5,0,0.0
Lifestyles & Hobbies/Pet Lovers,20211022,10,5,12,4,0,0.0
Lifestyles & Hobbies/Shutterbugs,20211022,12,7,14,4,0,0.0
Media & Entertainment/Book Lovers,20211014,16,8,21,6,0,0.0
Media & Entertainment/Book Lovers,20211021,11,4,12,5,0,0.0
Media & Entertainment/TV Lovers,20211005,10,4,11,4,0,0.0
Media & Entertainment/TV Lovers,20211008,12,5,14,3,0,0.0
Media & Entertainment/TV Lovers,20211011,10,3,13,3,0,0.0
Media & Entertainment/TV Lovers,20211013,11,3,16,6,0,0.0
Media & Entertainment/TV Lovers,20211014,16,6,23,6,0,0.0
Media & Entertainment/TV Lovers,20211018,10,3,13,3,0,0.0
Media & Entertainment/TV Lovers,20211019,14,6,19,12,0,0.0
Media & Entertainment/TV Lovers,20211020,17,9,22,9,0,0.0
Media & Entertainment/TV Lovers,20211021,13,4,15,6,0,0.0
Media & Entertainment/TV Lovers,20211022,16,8,19,5,0,0.0
Media & Entertainment/TV Lovers,20211025,11,4,11,5,0,0.0
Media & Entertainment/TV Lovers,20211027,10,5,10,4,0,0.0
News & Politics/Avid News Readers,20211008,10,4,11,3,0,0.0
News & Politics/Avid News Readers,20211014,16,8,20,5,0,0.0
News & Politics/Avid News Readers,20211018,12,6,15,2,0,0.0
News & Politics/Avid News Readers,20211019,14,6,16,9,0,0.0
News & Politics/Avid News Readers,20211022,18,8,21,7,0,0.0
Shoppers/Bargain Hunters,20211005,10,4,11,6,0,0.0
Shoppers/Bargain Hunters,20211008,10,2,16,4,0,0.0
Shoppers/Bargain Hunters,20211014,16,6,26,8,0,0.0
Shoppers/Bargain Hunters,20211019,11,4,15,9,0,0.0
Shoppers/Bargain Hunters,20211020,15,6,21,8,0,0.0
Shoppers/Bargain Hunters,20211021,15,5,18,6,0,0.0
Shoppers/Bargain Hunters,20211022,13,2,16,7,0,0.0
Shoppers/Luxury Shoppers,20211019,13,2,17,13,0,0.0
Shoppers/Luxury Shoppers,20211021,10,1,12,8,0,0.0
Shoppers/Luxury Shoppers,20211022,12,6,14,4,0,0.0
Shoppers/Value Shoppers,20211014,18,10,26,9,0,0.0
Shoppers/Value Shoppers,20211015,11,4,12,5,0,0.0
Shoppers/Value Shoppers,20211020,11,6,15,5,0,0.0
Shoppers/Value Shoppers,20211022,10,4,13,5,0,0.0
Sports & Fitness/Health & Fitness Buffs,20211014,12,6,14,6,0,0.0
Sports & Fitness/Health & Fitness Buffs,20211015,10,4,12,8,0,0.0
Sports & Fitness/Health & Fitness Buffs,20211018,10,6,12,3,0,0.0
Sports & Fitness/Health & Fitness Buffs,20211021,10,5,10,6,0,0.0
Sports & Fitness/Health & Fitness Buffs,20211022,11,4,13,3,0,0.0
Sports & Fitness/Sports Fans,20211014,12,6,12,6,0,0.0
Sports & Fitness/Sports Fans,20211019,12,4,17,15,0,0.0
Sports & Fitness/Sports Fans,20211020,13,8,18,10,0,0.0
Sports & Fitness/Sports Fans,20211022,16,8,19,5,0,0.0
Banking & Finance/Avid Investors,20211102,12,6,14,8,0,0.0
Beauty & Wellness/Beauty Mavens,20211101,15,10,18,6,0,0.0
Beauty & Wellness/Beauty Mavens,20211102,13,6,14,4,0,0.0
Beauty & Wellness/Beauty Mavens,20211109,12,9,14,6,0,0.0
Beauty & Wellness/Beauty Mavens,20211110,10,3,11,6,0,0.0
Beauty & Wellness/Beauty Mavens,20211111,11,4,14,2,0,0.0
Beauty & Wellness/Beauty Mavens,20211112,10,4,10,6,0,0.0
Beauty & Wellness/Beauty Mavens,20211115,11,5,12,1,0,0.0
Beauty & Wellness/Beauty Mavens,20211117,14,7,17,5,0,0.0
Beauty & Wellness/Beauty Mavens,20211119,12,5,16,8,0,0.0
Beauty & Wellness/Beauty Mavens,20211121,10,7,11,3,0,0.0
Beauty & Wellness/Beauty Mavens,20211122,15,4,17,6,0,0.0
Beauty & Wellness/Beauty Mavens,20211124,10,6,10,5,0,0.0
Beauty & Wellness/Beauty Mavens,20211125,13,8,13,8,0,0.0
Beauty & Wellness/Beauty Mavens,20211130,14,11,18,6,0,0.0
Beauty & Wellness/Frequently Visits Salons,20211101,13,8,14,5,0,0.0
Beauty & Wellness/Frequently Visits Salons,20211102,16,7,18,8,0,0.0
Beauty & Wellness/Frequently Visits Salons,20211105,10,7,14,7,0,0.0
Beauty & Wellness/Frequently Visits Salons,20211119,10,5,12,4,0,0.0
Beauty & Wellness/Frequently Visits Salons,20211120,11,7,13,5,0,0.0
Beauty & Wellness/Frequently Visits Salons,20211124,10,7,12,7,0,0.0
Beauty & Wellness/Frequently Visits Salons,20211125,11,6,11,7,0,0.0
Beauty & Wellness/Frequently Visits Salons,20211126,10,4,13,4,0,0.0
Beauty & Wellness/Frequently Visits Salons,20211130,14,9,17,4,0,0.0
Food & Dining/Cooking Enthusiasts/30 Minute Chefs,20211101,21,15,24,7,0,0.0
Food & Dining/Cooking Enthusiasts/30 Minute Chefs,20211102,16,7,17,8,0,0.0
Food & Dining/Cooking Enthusiasts/30 Minute Chefs,20211103,12,3,15,6,0,0.0
Food & Dining/Cooking Enthusiasts/30 Minute Chefs,20211104,15,5,15,3,0,0.0
Food & Dining/Cooking Enthusiasts/30 Minute Chefs,20211105,23,17,32,14,0,0.0
Food & Dining/Cooking Enthusiasts/30 Minute Chefs,20211106,12,6,16,9,0,0.0
Food & Dining/Cooking Enthusiasts/30 Minute Chefs,20211108,14,4,15,6,0,0.0
Food & Dining/Cooking Enthusiasts/30 Minute Chefs,20211109,21,12,26,12,0,0.0
Food & Dining/Cooking Enthusiasts/30 Minute Chefs,20211110,21,9,23,13,0,0.0
Food & Dining/Cooking Enthusiasts/30 Minute Chefs,20211111,24,9,29,11,0,0.0
Food & Dining/Cooking Enthusiasts/30 Minute Chefs,20211112,18,9,19,13,0,0.0
Food & Dining/Cooking Enthusiasts/30 Minute Chefs,20211113,13,5,22,9,0,0.0
Food & Dining/Cooking Enthusiasts/30 Minute Chefs,20211114,10,3,13,6,0,0.0
Food & Dining/Cooking Enthusiasts/30 Minute Chefs,20211115,26,12,29,6,0,0.0
Food & Dining/Cooking Enthusiasts/30 Minute Chefs,20211116,22,10,26,8,0,0.0
Food & Dining/Cooking Enthusiasts/30 Minute Chefs,20211117,23,10,31,17,0,0.0
Food & Dining/Cooking Enthusiasts/30 Minute Chefs,20211118,20,10,28,15,0,0.0
Food & Dining/Cooking Enthusiasts/30 Minute Chefs,20211119,23,10,29,11,0,0.0
Food & Dining/Cooking Enthusiasts/30 Minute Chefs,20211120,15,8,21,8,0,0.0
Food & Dining/Cooking Enthusiasts/30 Minute Chefs,20211121,13,7,16,3,0,0.0
Food & Dining/Cooking Enthusiasts/30 Minute Chefs,20211122,24,9,26,8,0,0.0
Food & Dining/Cooking Enthusiasts/30 Minute Chefs,20211123,16,8,17,7,0,0.0
Food & Dining/Cooking Enthusiasts/30 Minute Chefs,20211124,23,11,28,13,0,0.0
Food & Dining/Cooking Enthusiasts/30 Minute Chefs,20211125,18,10,18,11,0,0.0
Food & Dining/Cooking Enthusiasts/30 Minute Chefs,20211126,19,10,21,9,0,0.0
Food & Dining/Cooking Enthusiasts/30 Minute Chefs,20211128,13,5,15,4,0,0.0
Food & Dining/Cooking Enthusiasts/30 Minute Chefs,20211129,11,4,11,1,0,0.0
Food & Dining/Cooking Enthusiasts/30 Minute Chefs,20211130,25,21,30,10,0,0.0
Food & Dining/Cooking Enthusiasts/Aspiring Chefs,20211110,10,4,11,5,0,0.0
Food & Dining/Cooking Enthusiasts/Aspiring Chefs,20211111,12,5,14,4,0,0.0
Food & Dining/Cooking Enthusiasts/Aspiring Chefs,20211122,10,4,12,5,0,0.0
Food & Dining/Cooking Enthusiasts/Aspiring Chefs,20211130,10,9,12,4,0,0.0
Food & Dining/Foodies,20211110,11,6,13,8,0,0.0
Food & Dining/Foodies,20211116,10,4,12,4,0,0.0
Food & Dining/Foodies,20211118,11,5,12,5,0,0.0
Food & Dining/Foodies,20211121,11,6,13,7,0,0.0
Food & Dining/Foodies,20211122,16,7,18,8,0,0.0
Food & Dining/Foodies,20211124,10,6,10,4,0,0.0
Food & Dining/Foodies,20211125,11,7,12,7,0,0.0
Home & Garden/Do-It-Yourselfers,20211102,10,5,12,7,0,0.0
Home & Garden/Do-It-Yourselfers,20211105,11,10,13,7,0,0.0
Home & Garden/Do-It-Yourselfers,20211115,12,8,12,2,0,0.0
Home & Garden/Do-It-Yourselfers,20211116,10,6,10,2,0,0.0
Home & Garden/Do-It-Yourselfers,20211119,10,4,13,3,0,0.0
Home & Garden/Do-It-Yourselfers,20211122,11,4,11,4,0,0.0
Home & Garden/Do-It-Yourselfers,20211126,11,5,11,5,0,0.0
Home & Garden/Do-It-Yourselfers,20211130,11,9,14,6,0,0.0
Home & Garden/Home Decor Enthusiasts,20211130,12,10,15,9,0,0.0
Lifestyles & Hobbies/Art & Theater Aficionados,20211130,10,9,11,3,0,0.0
Lifestyles & Hobbies/Business Professionals,20211101,17,11,18,7,0,0.0
Lifestyles & Hobbies/Business Professionals,20211102,19,8,22,12,0,0.0
Lifestyles & Hobbies/Business Professionals,20211104,13,3,14,2,0,0.0
Lifestyles & Hobbies/Business Professionals,20211105,15,9,23,9,0,0.0
Lifestyles & Hobbies/Business Professionals,20211108,12,4,14,8,0,0.0
Lifestyles & Hobbies/Business Professionals,20211115,13,6,15,6,0,0.0
Lifestyles & Hobbies/Business Professionals,20211116,13,8,19,5,0,0.0
Lifestyles & Hobbies/Business Professionals,20211117,14,7,19,7,0,0.0
Lifestyles & Hobbies/Business Professionals,20211118,11,5,15,9,0,0.0
Lifestyles & Hobbies/Business Professionals,20211119,12,6,17,5,0,0.0
Lifestyles & Hobbies/Business Professionals,20211120,11,6,12,2,0,0.0
Lifestyles & Hobbies/Business Professionals,20211121,16,9,18,6,0,0.0
Lifestyles & Hobbies/Business Professionals,20211122,12,2,15,6,0,0.0
Lifestyles & Hobbies/Business Professionals,20211124,12,6,14,6,0,0.0
Lifestyles & Hobbies/Business Professionals,20211125,11,7,12,4,0,0.0
Lifestyles & Hobbies/Business Professionals,20211126,10,3,14,4,0,0.0
Lifestyles & Hobbies/Business Professionals,20211130,10,6,14,6,0,0.0
Lifestyles & Hobbies/Family-Focused,20211101,15,10,17,8,0,0.0
Lifestyles & Hobbies/Family-Focused,20211102,10,7,12,4,0,0.0
Lifestyles & Hobbies/Family-Focused,20211105,14,11,18,6,0,0.0
Lifestyles & Hobbies/Family-Focused,20211109,12,9,13,5,0,0.0
Lifestyles & Hobbies/Family-Focused,20211110,12,7,14,6,0,0.0
Lifestyles & Hobbies/Family-Focused,20211112,13,9,13,9,0,0.0
Lifestyles & Hobbies/Family-Focused,20211115,15,6,16,3,0,0.0
Lifestyles & Hobbies/Family-Focused,20211117,12,7,15,6,0,0.0
Lifestyles & Hobbies/Family-Focused,20211119,10,7,11,4,0,0.0
Lifestyles & Hobbies/Family-Focused,20211122,11,4,11,4,0,0.0
Lifestyles & Hobbies/Family-Focused,20211124,15,9,18,9,0,0.0
Lifestyles & Hobbies/Family-Focused,20211125,12,7,13,8,0,0.0
Lifestyles & Hobbies/Family-Focused,20211126,14,8,15,6,0,0.0
Lifestyles & Hobbies/Family-Focused,20211130,18,17,20,5,0,0.0
Lifestyles & Hobbies/Fashionistas,20211101,15,11,17,6,0,0.0
Lifestyles & Hobbies/Fashionistas,20211109,10,8,12,6,0,0.0
Lifestyles & Hobbies/Fashionistas,20211117,10,5,13,5,0,0.0
Lifestyles & Hobbies/Fashionistas,20211122,11,2,11,4,0,0.0
Lifestyles & Hobbies/Fashionistas,20211124,11,6,11,5,0,0.0
Lifestyles & Hobbies/Fashionistas,20211130,12,10,13,4,0,0.0
Lifestyles & Hobbies/Green Living Enthusiasts,20211101,22,13,23,11,0,0.0
Lifestyles & Hobbies/Green Living Enthusiasts,20211102,14,7,16,10,0,0.0
Lifestyles & Hobbies/Green Living Enthusiasts,20211103,14,2,18,9,0,0.0
Lifestyles & Hobbies/Green Living Enthusiasts,20211104,15,6,17,5,0,0.0
Lifestyles & Hobbies/Green Living Enthusiasts,20211105,15,9,18,7,0,0.0
Lifestyles & Hobbies/Green Living Enthusiasts,20211106,12,7,15,9,0,0.0
Lifestyles & Hobbies/Green Living Enthusiasts,20211108,13,5,14,10,0,0.0
Lifestyles & Hobbies/Green Living Enthusiasts,20211109,14,7,21,11,0,0.0
Lifestyles & Hobbies/Green Living Enthusiasts,20211110,19,8,22,12,0,0.0
Lifestyles & Hobbies/Green Living Enthusiasts,20211111,14,3,17,8,0,0.0
Lifestyles & Hobbies/Green Living Enthusiasts,20211112,13,4,14,9,0,0.0
Lifestyles & Hobbies/Green Living Enthusiasts,20211115,17,6,21,4,0,0.0
Lifestyles & Hobbies/Green Living Enthusiasts,20211116,14,5,18,7,0,0.0
Lifestyles & Hobbies/Green Living Enthusiasts,20211117,17,4,19,8,0,0.0
Lifestyles & Hobbies/Green Living Enthusiasts,20211118,14,5,19,8,0,0.0
Lifestyles & Hobbies/Green Living Enthusiasts,20211119,15,6,18,8,0,0.0
Lifestyles & Hobbies/Green Living Enthusiasts,20211120,10,3,12,5,0,0.0
Lifestyles & Hobbies/Green Living Enthusiasts,20211121,12,4,14,4,0,0.0
Lifestyles & Hobbies/Green Living Enthusiasts,20211122,20,7,22,8,0,0.0
Lifestyles & Hobbies/Green Living Enthusiasts,20211123,11,6,11,6,0,0.0
Lifestyles & Hobbies/Green Living Enthusiasts,20211124,15,7,18,10,0,0.0
Lifestyles & Hobbies/Green Living Enthusiasts,20211125,11,5,11,8,0,0.0
Lifestyles & Hobbies/Green Living Enthusiasts,20211126,12,7,14,6,0,0.0
Lifestyles & Hobbies/Green Living Enthusiasts,20211130,22,18,27,11,0,0.0
Lifestyles & Hobbies/Outdoor Enthusiasts,20211101,12,9,12,4,0,0.0
Lifestyles & Hobbies/Outdoor Enthusiasts,20211102,14,7,17,11,0,0.0
Lifestyles & Hobbies/Outdoor Enthusiasts,20211104,13,4,13,1,0,0.0
Lifestyles & Hobbies/Outdoor Enthusiasts,20211105,16,11,17,5,0,0.0
Lifestyles & Hobbies/Outdoor Enthusiasts,20211110,11,6,13,5,0,0.0
Lifestyles & Hobbies/Outdoor Enthusiasts,20211115,13,7,15,3,0,0.0
Lifestyles & Hobbies/Outdoor Enthusiasts,20211117,11,4,13,7,0,0.0
Lifestyles & Hobbies/Outdoor Enthusiasts,20211118,15,9,17,8,0,0.0
Lifestyles & Hobbies/Outdoor Enthusiasts,20211121,12,6,15,3,0,0.0
Lifestyles & Hobbies/Outdoor Enthusiasts,20211122,14,4,15,4,0,0.0
Lifestyles & Hobbies/Outdoor Enthusiasts,20211123,13,8,14,6,0,0.0
Lifestyles & Hobbies/Outdoor Enthusiasts,20211124,12,7,13,6,0,0.0
Lifestyles & Hobbies/Outdoor Enthusiasts,20211125,10,5,10,5,0,0.0
Lifestyles & Hobbies/Outdoor Enthusiasts,20211130,12,9,16,5,0,0.0
Lifestyles & Hobbies/Pet Lovers,20211116,11,7,14,3,0,0.0
Lifestyles & Hobbies/Shutterbugs,20211102,13,4,15,8,0,0.0
Lifestyles & Hobbies/Shutterbugs,20211115,10,6,11,1,0,0.0
Lifestyles & Hobbies/Shutterbugs,20211122,10,1,12,5,0,0.0
Media & Entertainment/Book Lovers,20211101,15,10,15,5,0,0.0
Media & Entertainment/Book Lovers,20211102,11,7,13,7,0,0.0
Media & Entertainment/Book Lovers,20211104,12,5,14,5,0,0.0
Media & Entertainment/Book Lovers,20211105,11,7,17,8,0,0.0
Media & Entertainment/Book Lovers,20211110,14,8,16,8,0,0.0
Media & Entertainment/Book Lovers,20211111,12,5,14,6,0,0.0
Media & Entertainment/Book Lovers,20211112,11,5,12,9,0,0.0
Media & Entertainment/Book Lovers,20211114,10,5,14,6,0,0.0
Media & Entertainment/Book Lovers,20211115,11,3,13,3,0,0.0
Media & Entertainment/Book Lovers,20211116,10,4,12,4,0,0.0
Media & Entertainment/Book Lovers,20211117,13,5,16,8,0,0.0
Media & Entertainment/Book Lovers,20211118,12,5,18,8,0,0.0
Media & Entertainment/Book Lovers,20211119,11,4,14,8,0,0.0
Media & Entertainment/Book Lovers,20211121,10,5,12,2,0,0.0
Media & Entertainment/Book Lovers,20211122,12,5,12,4,0,0.0
Media & Entertainment/Book Lovers,20211124,13,6,15,8,0,0.0
Media & Entertainment/Book Lovers,20211130,22,20,26,9,0,0.0
Media & Entertainment/Movie Lovers,20211101,10,8,10,4,0,0.0
Media & Entertainment/Movie Lovers,20211130,11,9,13,6,0,0.0
Media & Entertainment/TV Lovers,20211101,15,9,18,4,0,0.0
Media & Entertainment/TV Lovers,20211102,13,6,14,6,0,0.0
Media & Entertainment/TV Lovers,20211103,14,5,15,6,0,0.0
Media & Entertainment/TV Lovers,20211104,15,2,16,4,0,0.0
Media & Entertainment/TV Lovers,20211105,14,6,19,7,0,0.0
Media & Entertainment/TV Lovers,20211108,17,7,19,8,0,0.0
Media & Entertainment/TV Lovers,20211109,14,8,19,5,0,0.0
Media & Entertainment/TV Lovers,20211110,18,7,20,10,0,0.0
Media & Entertainment/TV Lovers,20211111,14,2,16,2,0,0.0
Media & Entertainment/TV Lovers,20211112,12,4,13,6,0,0.0
Media & Entertainment/TV Lovers,20211113,11,5,19,7,0,0.0
Media & Entertainment/TV Lovers,20211114,12,5,17,6,0,0.0
Media & Entertainment/TV Lovers,20211115,17,6,21,7,0,0.0
Media & Entertainment/TV Lovers,20211116,16,6,21,5,0,0.0
Media & Entertainment/TV Lovers,20211117,16,6,22,7,0,0.0
Media & Entertainment/TV Lovers,20211118,10,4,15,7,0,0.0
Media & Entertainment/TV Lovers,20211119,15,8,20,7,0,0.0
Media & Entertainment/TV Lovers,20211121,16,10,20,6,0,0.0
Media & Entertainment/TV Lovers,20211122,15,4,19,6,0,0.0
Media & Entertainment/TV Lovers,20211123,11,6,12,7,0,0.0
Media & Entertainment/TV Lovers,20211124,18,7,22,12,0,0.0
Media & Entertainment/TV Lovers,20211125,13,7,13,7,0,0.0
Media & Entertainment/TV Lovers,20211126,13,7,15,6,0,0.0
Media & Entertainment/TV Lovers,20211128,10,4,12,2,0,0.0
Media & Entertainment/TV Lovers,20211130,22,19,27,10,0,0.0
News & Politics/Avid News Readers,20211101,18,12,21,6,0,0.0
News & Politics/Avid News Readers,20211102,15,7,15,8,0,0.0
News & Politics/Avid News Readers,20211103,10,5,14,7,0,0.0
News & Politics/Avid News Readers,20211104,14,6,15,4,0,0.0
News & Politics/Avid News Readers,20211105,17,11,24,11,0,0.0
News & Politics/Avid News Readers,20211108,13,6,16,8,0,0.0
News & Politics/Avid News Readers,20211109,14,6,22,8,0,0.0
News & Politics/Avid News Readers,20211110,17,8,19,10,0,0.0
News & Politics/Avid News Readers,20211111,12,5,14,6,0,0.0
News & Politics/Avid News Readers,20211115,17,7,20,6,0,0.0
News & Politics/Avid News Readers,20211116,14,7,21,6,0,0.0
News & Politics/Avid News Readers,20211117,18,8,22,9,0,0.0
News & Politics/Avid News Readers,20211118,18,9,25,15,0,0.0
News & Politics/Avid News Readers,20211119,15,7,18,5,0,0.0
News & Politics/Avid News Readers,20211120,10,5,15,6,0,0.0
News & Politics/Avid News Readers,20211121,15,10,19,6,0,0.0
News & Politics/Avid News Readers,20211122,16,6,20,8,0,0.0
News & Politics/Avid News Readers,20211123,13,7,14,5,0,0.0
News & Politics/Avid News Readers,20211124,16,7,20,10,0,0.0
News & Politics/Avid News Readers,20211125,12,5,13,7,0,0.0
News & Politics/Avid News Readers,20211129,13,9,13,5,0,0.0
News & Politics/Avid News Readers,20211130,17,14,21,8,0,0.0
News & Politics/Avid News Readers/Entertainment News Enthusiasts,20211105,11,8,18,8,0,0.0
Shoppers/Bargain Hunters,20211101,14,10,17,7,0,0.0
Shoppers/Bargain Hunters,20211109,13,8,16,6,0,0.0
Shoppers/Bargain Hunters,20211115,13,5,14,3,0,0.0
Shoppers/Bargain Hunters,20211116,13,6,18,6,0,0.0
Shoppers/Bargain Hunters,20211117,13,6,17,7,0,0.0
Shoppers/Bargain Hunters,20211119,11,5,14,7,0,0.0
Shoppers/Bargain Hunters,20211122,12,4,15,7,0,0.0
Shoppers/Bargain Hunters,20211124,11,5,12,5,0,0.0
Shoppers/Bargain Hunters,20211130,14,13,16,6,0,0.0
Shoppers/Luxury Shoppers,20211102,14,8,15,6,0,0.0
Shoppers/Luxury Shoppers,20211108,10,4,12,6,0,0.0
Shoppers/Luxury Shoppers,20211117,11,7,15,4,0,0.0
Shoppers/Luxury Shoppers,20211120,11,6,13,4,0,0.0
Shoppers/Luxury Shoppers,20211121,10,5,12,5,0,0.0
Shoppers/Luxury Shoppers,20211122,10,2,12,4,0,0.0
Shoppers/Luxury Shoppers,20211125,12,5,12,6,0,0.0
Shoppers/Shopping Enthusiasts,20211102,10,4,12,7,0,0.0
Shoppers/Shopping Enthusiasts,20211130,10,8,13,6,0,0.0
Shoppers/Value Shoppers,20211101,12,10,14,4,0,0.0
Shoppers/Value Shoppers,20211102,10,5,11,6,0,0.0
Shoppers/Value Shoppers,20211112,10,6,11,8,0,0.0
Shoppers/Value Shoppers,20211122,13,5,13,3,0,0.0
Shoppers/Value Shoppers,20211126,11,4,12,5,0,0.0
Shoppers/Value Shoppers,20211130,18,15,22,9,0,0.0
Sports & Fitness/Health & Fitness Buffs,20211101,12,6,13,8,0,0.0
Sports & Fitness/Health & Fitness Buffs,20211102,12,6,13,6,0,0.0
Sports & Fitness/Health & Fitness Buffs,20211104,10,5,11,3,0,0.0
Sports & Fitness/Health & Fitness Buffs,20211105,14,11,19,7,0,0.0
Sports & Fitness/Health & Fitness Buffs,20211115,12,5,13,5,0,0.0
Sports & Fitness/Health & Fitness Buffs,20211116,11,6,14,4,0,0.0
Sports & Fitness/Health & Fitness Buffs,20211118,11,6,12,6,0,0.0
Sports & Fitness/Health & Fitness Buffs,20211121,12,7,15,6,0,0.0
Sports & Fitness/Health & Fitness Buffs,20211122,12,6,14,6,0,0.0
Sports & Fitness/Health & Fitness Buffs,20211124,12,10,14,6,0,0.0
Sports & Fitness/Health & Fitness Buffs,20211125,10,7,11,6,0,0.0
Sports & Fitness/Health & Fitness Buffs,20211130,15,14,18,6,0,0.0
Sports & Fitness/Sports Fans,20211101,16,8,17,6,0,0.0
Sports & Fitness/Sports Fans,20211102,16,7,18,8,0,0.0
Sports & Fitness/Sports Fans,20211103,10,2,12,6,0,0.0
Sports & Fitness/Sports Fans,20211104,13,4,15,3,0,0.0
Sports & Fitness/Sports Fans,20211105,11,7,15,5,0,0.0
Sports & Fitness/Sports Fans,20211106,10,6,12,5,0,0.0
Sports & Fitness/Sports Fans,20211108,10,5,10,6,0,0.0
Sports & Fitness/Sports Fans,20211110,13,6,15,7,0,0.0
Sports & Fitness/Sports Fans,20211115,13,6,15,6,0,0.0
Sports & Fitness/Sports Fans,20211116,12,5,14,5,0,0.0
Sports & Fitness/Sports Fans,20211117,14,7,18,9,0,0.0
Sports & Fitness/Sports Fans,20211118,10,5,14,6,0,0.0
Sports & Fitness/Sports Fans,20211119,14,6,17,4,0,0.0
Sports & Fitness/Sports Fans,20211120,13,5,15,6,0,0.0
Sports & Fitness/Sports Fans,20211121,18,10,21,7,0,0.0
Sports & Fitness/Sports Fans,20211122,13,3,15,6,0,0.0
Sports & Fitness/Sports Fans,20211123,12,9,13,8,0,0.0
Sports & Fitness/Sports Fans,20211124,19,11,22,11,0,0.0
Sports & Fitness/Sports Fans,20211125,13,5,13,8,0,0.0
Sports & Fitness/Sports Fans,20211126,12,5,15,5,0,0.0
Sports & Fitness/Sports Fans,20211129,13,7,13,6,0,0.0
Sports & Fitness/Sports Fans,20211130,17,11,21,6,0,0.0
Technology/Social Media Enthusiasts,20211115,10,3,11,1,0,0.0
Travel/Business Travelers,20211102,11,7,13,8,0,0.0
Travel/Business Travelers,20211130,10,6,12,3,0,0.0
Travel/Travel Buffs,20211101,10,7,10,3,0,0.0
Travel/Travel Buffs,20211102,12,8,14,6,0,0.0
Travel/Travel Buffs,20211124,11,7,11,4,0,0.0
Travel/Travel Buffs,20211125,10,8,10,7,0,0.0
Travel/Travel Buffs,20211130,11,7,13,3,0,0.0
Beauty & Wellness/Beauty Mavens,20211201,11,7,12,3,0,0.0
Beauty & Wellness/Beauty Mavens,20211203,10,7,10,6,0,0.0
Beauty & Wellness/Beauty Mavens,20211206,11,6,14,11,0,0.0
Beauty & Wellness/Beauty Mavens,20211209,12,8,18,6,0,0.0
Beauty & Wellness/Beauty Mavens,20211230,10,5,10,6,0,0.0
Beauty & Wellness/Beauty Mavens,20211231,15,9,19,10,0,0.0
Beauty & Wellness/Frequently Visits Salons,20211201,10,4,12,5,0,0.0
Beauty & Wellness/Frequently Visits Salons,20211202,10,7,10,6,0,0.0
Beauty & Wellness/Frequently Visits Salons,20211206,14,5,19,13,0,0.0
Beauty & Wellness/Frequently Visits Salons,20211231,16,9,19,6,0,0.0
Food & Dining/Cooking Enthusiasts/30 Minute Chefs,20211201,17,11,23,12,0,0.0
Food & Dining/Cooking Enthusiasts/30 Minute Chefs,20211202,11,5,15,9,0,0.0
Food & Dining/Cooking Enthusiasts/30 Minute Chefs,20211203,19,11,22,11,0,0.0
Food & Dining/Cooking Enthusiasts/30 Minute Chefs,20211204,10,3,11,3,0,0.0
Food & Dining/Cooking Enthusiasts/30 Minute Chefs,20211205,17,10,18,7,0,0.0
Food & Dining/Cooking Enthusiasts/30 Minute Chefs,20211206,24,7,29,19,0,0.0
Food & Dining/Cooking Enthusiasts/30 Minute Chefs,20211207,15,5,15,5,0,0.0
Food & Dining/Cooking Enthusiasts/30 Minute Chefs,20211208,18,7,20,8,0,0.0
Food & Dining/Cooking Enthusiasts/30 Minute Chefs,20211209,22,13,28,11,0,0.0
Food & Dining/Cooking Enthusiasts/30 Minute Chefs,20211210,21,8,21,13,0,0.0
Food & Dining/Cooking Enthusiasts/30 Minute Chefs,20211213,13,6,15,5,0,0.0
Food & Dining/Cooking Enthusiasts/30 Minute Chefs,20211214,12,6,12,2,0,0.0
Food & Dining/Cooking Enthusiasts/30 Minute Chefs,20211215,13,2,14,5,0,0.0
Food & Dining/Cooking Enthusiasts/30 Minute Chefs,20211216,17,3,18,4,0,0.0
Food & Dining/Cooking Enthusiasts/30 Minute Chefs,20211217,15,7,17,3,0,0.0
Food & Dining/Cooking Enthusiasts/30 Minute Chefs,20211218,11,4,11,2,0,0.0
Food & Dining/Cooking Enthusiasts/30 Minute Chefs,20211219,11,5,14,2,0,0.0
Food & Dining/Cooking Enthusiasts/30 Minute Chefs,20211220,12,5,12,6,0,0.0
Food & Dining/Cooking Enthusiasts/30 Minute Chefs,20211221,12,4,12,6,0,0.0
Food & Dining/Cooking Enthusiasts/30 Minute Chefs,20211222,17,7,18,8,0,0.0
Food & Dining/Cooking Enthusiasts/30 Minute Chefs,20211223,14,6,21,11,0,0.0
Food & Dining/Cooking Enthusiasts/30 Minute Chefs,20211227,10,5,14,4,0,0.0
Food & Dining/Cooking Enthusiasts/30 Minute Chefs,20211228,11,6,11,7,0,0.0
Food & Dining/Cooking Enthusiasts/30 Minute Chefs,20211229,14,10,17,4,0,0.0
Food & Dining/Cooking Enthusiasts/30 Minute Chefs,20211230,15,8,17,8,0,0.0
Food & Dining/Cooking Enthusiasts/30 Minute Chefs,20211231,21,15,25,8,0,0.0
Food & Dining/Fast Food Cravers,20211231,10,5,13,8,0,0.0
Food & Dining/Foodies,20211230,13,9,19,8,0,0.0
Food & Dining/Foodies,20211231,16,11,20,11,0,0.0
Home & Garden/Do-It-Yourselfers,20211209,11,8,13,6,0,0.0
Home & Garden/Do-It-Yourselfers,20211210,11,5,11,6,0,0.0
Home & Garden/Do-It-Yourselfers,20211214,10,6,10,3,0,0.0
Home & Garden/Do-It-Yourselfers,20211231,11,6,16,4,0,0.0
Home & Garden/Home Decor Enthusiasts,20211201,11,7,13,5,0,0.0
Home & Garden/Home Decor Enthusiasts,20211209,11,8,18,7,0,0.0
Home & Garden/Home Decor Enthusiasts,20211231,12,8,16,9,0,0.0
Lifestyles & Hobbies/Business Professionals,20211201,11,6,12,9,0,0.0
Lifestyles & Hobbies/Business Professionals,20211202,10,4,15,10,0,0.0
Lifestyles & Hobbies/Business Professionals,20211203,11,6,12,5,0,0.0
Lifestyles & Hobbies/Business Professionals,20211231,23,14,27,12,0,0.0
Lifestyles & Hobbies/Family-Focused,20211201,11,7,16,8,0,0.0
Lifestyles & Hobbies/Family-Focused,20211202,10,3,12,6,0,0.0
Lifestyles & Hobbies/Family-Focused,20211203,11,7,11,4,0,0.0
Lifestyles & Hobbies/Family-Focused,20211206,10,6,12,7,0,0.0
Lifestyles & Hobbies/Family-Focused,20211208,11,8,12,6,0,0.0
Lifestyles & Hobbies/Family-Focused,20211209,13,8,19,7,0,0.0
Lifestyles & Hobbies/Family-Focused,20211230,12,7,13,6,0,0.0
Lifestyles & Hobbies/Family-Focused,20211231,12,8,15,6,0,0.0
Lifestyles & Hobbies/Fashionistas,20211201,11,8,12,4,0,0.0
Lifestyles & Hobbies/Fashionistas,20211209,12,8,18,7,0,0.0
Lifestyles & Hobbies/Fashionistas,20211231,10,7,15,9,0,0.0
Lifestyles & Hobbies/Green Living Enthusiasts,20211201,18,8,21,9,0,0.0
Lifestyles & Hobbies/Green Living Enthusiasts,20211202,11,3,14,8,0,0.0
Lifestyles & Hobbies/Green Living Enthusiasts,20211203,12,5,12,6,0,0.0
Lifestyles & Hobbies/Green Living Enthusiasts,20211205,11,4,12,5,0,0.0
Lifestyles & Hobbies/Green Living Enthusiasts,20211206,18,5,23,13,0,0.0
Lifestyles & Hobbies/Green Living Enthusiasts,20211207,15,3,16,8,0,0.0
Lifestyles & Hobbies/Green Living Enthusiasts,20211208,14,5,15,7,0,0.0
Lifestyles & Hobbies/Green Living Enthusiasts,20211209,17,9,23,11,0,0.0
Lifestyles & Hobbies/Green Living Enthusiasts,20211210,13,5,15,8,0,0.0
Lifestyles & Hobbies/Green Living Enthusiasts,20211213,12,3,14,5,0,0.0
Lifestyles & Hobbies/Green Living Enthusiasts,20211214,13,6,14,4,0,0.0
Lifestyles & Hobbies/Green Living Enthusiasts,20211215,12,2,14,6,0,0.0
Lifestyles & Hobbies/Green Living Enthusiasts,20211216,11,2,11,3,0,0.0
Lifestyles & Hobbies/Green Living Enthusiasts,20211217,11,4,11,5,0,0.0
Lifestyles & Hobbies/Green Living Enthusiasts,20211219,11,3,18,3,0,0.0
Lifestyles & Hobbies/Green Living Enthusiasts,20211221,13,6,14,7,0,0.0
Lifestyles & Hobbies/Green Living Enthusiasts,20211222,14,7,16,6,0,0.0
Lifestyles & Hobbies/Green Living Enthusiasts,20211228,11,6,11,6,0,0.0
Lifestyles & Hobbies/Green Living Enthusiasts,20211230,11,7,14,6,0,0.0
Lifestyles & Hobbies/Green Living Enthusiasts,20211231,23,13,29,12,0,0.0
Lifestyles & Hobbies/Outdoor Enthusiasts,20211208,11,6,14,5,0,0.0
Lifestyles & Hobbies/Outdoor Enthusiasts,20211209,10,6,16,10,0,0.0
Lifestyles & Hobbies/Outdoor Enthusiasts,20211210,11,5,12,8,0,0.0
Lifestyles & Hobbies/Outdoor Enthusiasts,20211214,13,8,13,7,0,0.0
Lifestyles & Hobbies/Outdoor Enthusiasts,20211216,12,3,13,3,0,0.0
Lifestyles & Hobbies/Outdoor Enthusiasts,20211229,10,7,11,6,0,0.0
Lifestyles & Hobbies/Outdoor Enthusiasts,20211231,11,8,13,4,0,0.0
Lifestyles & Hobbies/Pet Lovers,20211206,10,2,11,4,0,0.0
Lifestyles & Hobbies/Pet Lovers,20211207,12,3,12,3,0,0.0
Lifestyles & Hobbies/Pet Lovers,20211209,14,8,21,8,0,0.0
Lifestyles & Hobbies/Pet Lovers,20211229,10,8,13,5,0,0.0
Lifestyles & Hobbies/Pet Lovers,20211231,10,8,12,7,0,0.0
Lifestyles & Hobbies/Shutterbugs,20211231,13,7,16,6,0,0.0
Media & Entertainment/Book Lovers,20211201,12,7,15,10,0,0.0
Media & Entertainment/Book Lovers,20211203,11,3,12,6,0,0.0
Media & Entertainment/Book Lovers,20211205,10,8,11,5,0,0.0
Media & Entertainment/Book Lovers,20211210,11,6,11,6,0,0.0
Media & Entertainment/Book Lovers,20211222,10,5,11,3,0,0.0
Media & Entertainment/Book Lovers,20211228,10,6,10,6,0,0.0
Media & Entertainment/Book Lovers,20211231,16,10,16,4,0,0.0
Media & Entertainment/Movie Lovers,20211201,12,7,16,10,0,0.0
Media & Entertainment/Movie Lovers,20211231,13,7,18,8,0,0.0
Media & Entertainment/TV Lovers,20211201,14,8,18,10,0,0.0
Media & Entertainment/TV Lovers,20211203,15,10,17,7,0,0.0
Media & Entertainment/TV Lovers,20211205,15,8,16,8,0,0.0
Media & Entertainment/TV Lovers,20211206,19,5,22,11,0,0.0
Media & Entertainment/TV Lovers,20211207,15,3,16,5,0,0.0
Media & Entertainment/TV Lovers,20211208,16,7,18,8,0,0.0
Media & Entertainment/TV Lovers,20211209,14,6,19,9,0,0.0
Media & Entertainment/TV Lovers,20211210,12,2,13,8,0,0.0
Media & Entertainment/TV Lovers,20211213,12,7,12,6,0,0.0
Media & Entertainment/TV Lovers,20211214,11,6,11,3,0,0.0
Media & Entertainment/TV Lovers,20211216,13,1,14,3,0,0.0
Media & Entertainment/TV Lovers,20211217,11,5,14,3,0,0.0
Media & Entertainment/TV Lovers,20211218,10,3,12,6,0,0.0
Media & Entertainment/TV Lovers,20211219,11,6,15,6,0,0.0
Media & Entertainment/TV Lovers,20211222,15,8,18,10,0,0.0
Media & Entertainment/TV Lovers,20211223,11,5,16,8,0,0.0
Media & Entertainment/TV Lovers,20211228,10,5,10,7,0,0.0
Media & Entertainment/TV Lovers,20211229,13,9,18,8,0,0.0
Media & Entertainment/TV Lovers,20211230,13,7,19,10,0,0.0
Media & Entertainment/TV Lovers,20211231,21,16,25,12,0,0.0
News & Politics/Avid News Readers,20211201,13,5,14,10,0,0.0
News & Politics/Avid News Readers,20211203,16,9,18,7,0,0.0
News & Politics/Avid News Readers,20211205,14,10,14,6,0,0.0
News & Politics/Avid News Readers,20211206,20,4,25,15,0,0.0
News & Politics/Avid News Readers,20211207,10,3,10,5,0,0.0
News & Politics/Avid News Readers,20211208,12,5,14,4,0,0.0
News & Politics/Avid News Readers,20211209,11,6,16,10,0,0.0
News & Politics/Avid News Readers,20211210,13,6,14,9,0,0.0
News & Politics/Avid News Readers,20211213,12,8,14,5,0,0.0
News & Politics/Avid News Readers,20211214,10,5,10,5,0,0.0
News & Politics/Avid News Readers,20211216,10,2,10,2,0,0.0
News & Politics/Avid News Readers,20211217,12,8,16,4,0,0.0
News & Politics/Avid News Readers,20211222,11,6,12,7,0,0.0
News & Politics/Avid News Readers,20211223,11,5,15,5,0,0.0
News & Politics/Avid News Readers,20211226,10,7,14,9,0,0.0
News & Politics/Avid News Readers,20211229,13,8,19,6,0,0.0
News & Politics/Avid News Readers,20211230,12,6,18,8,0,0.0
News & Politics/Avid News Readers,20211231,20,14,24,9,0,0.0
News & Politics/Avid News Readers/Avid Political News Readers,20211231,11,8,14,6,0,0.0
Shoppers/Bargain Hunters,20211201,11,9,16,6,0,0.0
Shoppers/Bargain Hunters,20211203,10,6,10,5,0,0.0
Shoppers/Bargain Hunters,20211206,12,6,15,10,0,0.0
Shoppers/Bargain Hunters,20211209,11,8,16,6,0,0.0
Shoppers/Bargain Hunters,20211231,12,7,16,7,0,0.0
Shoppers/Luxury Shoppers,20211206,10,4,16,9,0,0.0
Shoppers/Luxury Shoppers,20211231,19,13,21,7,0,0.0
Shoppers/Shopping Enthusiasts,20211209,12,8,18,7,0,0.0
Shoppers/Shopping Enthusiasts,20211231,13,7,16,6,0,0.0
Shoppers/Value Shoppers,20211201,11,7,14,9,0,0.0
Shoppers/Value Shoppers,20211208,10,6,11,4,0,0.0
Shoppers/Value Shoppers,20211209,14,10,20,7,0,0.0
Shoppers/Value Shoppers,20211230,12,8,16,9,0,0.0
Shoppers/Value Shoppers,20211231,14,8,19,6,0,0.0
Sports & Fitness/Health & Fitness Buffs,20211209,11,7,17,6,0,0.0
Sports & Fitness/Health & Fitness Buffs,20211210,10,4,11,9,0,0.0
Sports & Fitness/Health & Fitness Buffs,20211217,10,6,11,3,0,0.0
Sports & Fitness/Health & Fitness Buffs,20211231,11,8,14,4,0,0.0
Sports & Fitness/Sports Fans,20211202,11,4,15,8,0,0.0
Sports & Fitness/Sports Fans,20211203,11,8,13,4,0,0.0
Sports & Fitness/Sports Fans,20211206,11,0,13,7,0,0.0
Sports & Fitness/Sports Fans,20211207,12,2,13,5,0,0.0
Sports & Fitness/Sports Fans,20211208,12,7,14,5,0,0.0
Sports & Fitness/Sports Fans,20211209,11,5,15,9,0,0.0
Sports & Fitness/Sports Fans,20211229,11,7,15,7,0,0.0
Sports & Fitness/Sports Fans,20211230,13,8,21,9,0,0.0
Sports & Fitness/Sports Fans,20211231,15,11,19,9,0,0.0
Travel/Travel Buffs,20211201,13,7,16,9,0,0.0
Travel/Travel Buffs,20211209,11,8,18,7,0,0.0
Travel/Travel Buffs,20211230,10,5,15,8,0,0.0
Travel/Travel Buffs,20211231,16,7,19,10,0,0.0
