ga:interestAffinityCategory,ga:date,ga:users,ga:newUsers,ga:sessions,ga:bounces,ga:transactions,ga:transactionRevenue
Beauty & Wellness/Beauty Mavens,20220104,15,9,15,4,0,0.0
Beauty & Wellness/Beauty Mavens,20220112,12,7,14,7,0,0.0
Beauty & Wellness/Beauty Mavens,20220113,14,9,17,7,0,0.0
Beauty & Wellness/Frequently Visits Salons,20220106,11,7,14,6,0,0.0
Beauty & Wellness/Frequently Visits Salons,20220110,11,7,11,4,0,0.0
Beauty & Wellness/Frequently Visits Salons,20220113,10,6,11,2,0,0.0
Food & Dining/Cooking Enthusiasts/30 Minute Chefs,20220103,10,7,11,5,0,0.0
Food & Dining/Cooking Enthusiasts/30 Minute Chefs,20220104,20,11,21,6,0,0.0
Food & Dining/Cooking Enthusiasts/30 Minute Chefs,20220105,22,9,27,10,0,0.0
Food & Dining/Cooking Enthusiasts/30 Minute Chefs,20220106,21,11,23,9,0,0.0
Food & Dining/Cooking Enthusiasts/30 Minute Chefs,20220107,22,12,26,10,0,0.0
Food & Dining/Cooking Enthusiasts/30 Minute Chefs,20220110,19,10,20,7,0,0.0
Food & Dining/Cooking Enthusiasts/30 Minute Chefs,20220111,17,12,22,10,0,0.0
Food & Dining/Cooking Enthusiasts/30 Minute Chefs,20220112,26,15,28,10,0,0.0
Food & Dining/Cooking Enthusiasts/30 Minute Chefs,20220113,27,16,35,19,0,0.0
Food & Dining/Cooking Enthusiasts/30 Minute Chefs,20220114,17,6,22,11,0,0.0
Food & Dining/Cooking Enthusiasts/30 Minute Chefs,20220117,15,4,18,8,0,0.0
Food & Dining/Cooking Enthusiasts/30 Minute Chefs,20220118,12,5,12,5,0,0.0
Food & Dining/Cooking Enthusiasts/30 Minute Chefs,20220119,11,1,11,4,0,0.0
Food & Dining/Cooking Enthusiasts/30 Minute Chefs,20220120,11,3,11,3,0,0.0
Food & Dining/Cooking Enthusiasts/Aspiring Chefs,20220112,10,8,11,5,0,0.0
Food & Dining/Fast Food Cravers,20220106,10,6,13,7,0,0.0
Food & Dining/Foodies,20220104,13,8,16,3,0,0.0
Food & Dining/Foodies,20220105,10,5,15,7,0,0.0
Food & Dining/Foodies,20220106,14,8,17,10,0,0.0
Food & Dining/Foodies,20220107,12,6,17,10,0,0.0
Food & Dining/Foodies,20220110,14,7,16,7,0,0.0
Food & Dining/Foodies,20220111,10,6,14,9,0,0.0
Food & Dining/Foodies,20220112,14,8,19,11,0,0.0
Food & Dining/Foodies,20220113,11,3,13,9,0,0.0
Food & Dining/Foodies,20220114,11,6,12,7,0,0.0
Home & Garden/Do-It-Yourselfers,20220106,12,7,14,8,0,0.0
Home & Garden/Do-It-Yourselfers,20220107,12,10,14,6,0,0.0
Home & Garden/Do-It-Yourselfers,20220113,10,5,12,6,0,0.0
Lifestyles & Hobbies/Art & Theater Aficionados,20220112,12,7,16,7,0,0.0
Lifestyles & Hobbies/Business Professionals,20220104,14,10,15,7,0,0.0
Lifestyles & Hobbies/Business Professionals,20220105,13,5,18,9,0,0.0
Lifestyles & Hobbies/Business Professionals,20220106,16,11,19,9,0,0.0
Lifestyles & Hobbies/Business Professionals,20220107,12,6,14,6,0,0.0
Lifestyles & Hobbies/Business Professionals,20220110,14,6,15,7,0,0.0
Lifestyles & Hobbies/Business Professionals,20220112,10,6,10,3,0,0.0
Lifestyles & Hobbies/Business Professionals,20220113,13,6,16,6,0,0.0
Lifestyles & Hobbies/Family-Focused,20220104,11,6,12,2,0,0.0
Lifestyles & Hobbies/Family-Focused,20220105,10,4,13,4,0,0.0
Lifestyles & Hobbies/Family-Focused,20220106,16,9,20,11,0,0.0
Lifestyles & Hobbies/Family-Focused,20220107,14,8,17,7,0,0.0
Lifestyles & Hobbies/Family-Focused,20220110,17,11,18,7,0,0.0
Lifestyles & Hobbies/Family-Focused,20220112,19,13,20,7,0,0.0
Lifestyles & Hobbies/Family-Focused,20220113,18,9,22,10,0,0.0
Lifestyles & Hobbies/Fashionistas,20220104,12,8,12,4,0,0.0
Lifestyles & Hobbies/Fashionistas,20220112,13,8,15,7,0,0.0
Lifestyles & Hobbies/Green Living Enthusiasts,20220104,18,10,19,5,0,0.0
Lifestyles & Hobbies/Green Living Enthusiasts,20220105,18,8,21,7,0,0.0
Lifestyles & Hobbies/Green Living Enthusiasts,20220106,19,10,21,11,0,0.0
Lifestyles & Hobbies/Green Living Enthusiasts,20220107,12,5,13,2,0,0.0
Lifestyles & Hobbies/Green Living Enthusiasts,20220108,12,6,16,4,0,0.0
Lifestyles & Hobbies/Green Living Enthusiasts,20220110,15,8,16,6,0,0.0
Lifestyles & Hobbies/Green Living Enthusiasts,20220111,18,13,20,11,0,0.0
Lifestyles & Hobbies/Green Living Enthusiasts,20220112,21,9,25,11,0,0.0
Lifestyles & Hobbies/Green Living Enthusiasts,20220113,17,8,19,6,0,0.0
Lifestyles & Hobbies/Green Living Enthusiasts,20220114,17,5,18,10,0,0.0
Lifestyles & Hobbies/Green Living Enthusiasts,20220118,10,2,10,3,0,0.0
Lifestyles & Hobbies/Outdoor Enthusiasts,20220104,14,10,14,5,0,0.0
Lifestyles & Hobbies/Outdoor Enthusiasts,20220105,14,6,20,10,0,0.0
Lifestyles & Hobbies/Outdoor Enthusiasts,20220106,13,6,16,8,0,0.0
Lifestyles & Hobbies/Outdoor Enthusiasts,20220107,14,7,17,8,0,0.0
Lifestyles & Hobbies/Outdoor Enthusiasts,20220110,11,5,12,6,0,0.0
Lifestyles & Hobbies/Outdoor Enthusiasts,20220111,14,9,18,11,0,0.0
Lifestyles & Hobbies/Outdoor Enthusiasts,20220112,11,3,14,9,0,0.0
Lifestyles & Hobbies/Outdoor Enthusiasts,20220113,13,8,14,7,0,0.0
Lifestyles & Hobbies/Outdoor Enthusiasts,20220114,12,5,13,7,0,0.0
Lifestyles & Hobbies/Pet Lovers,20220106,12,7,14,8,0,0.0
Lifestyles & Hobbies/Pet Lovers,20220113,10,3,10,6,0,0.0
Lifestyles & Hobbies/Shutterbugs,20220106,10,9,12,5,0,0.0
Media & Entertainment/Book Lovers,20220104,15,10,16,4,0,0.0
Media & Entertainment/Book Lovers,20220105,13,7,16,6,0,0.0
Media & Entertainment/Book Lovers,20220106,10,4,12,6,0,0.0
Media & Entertainment/Book Lovers,20220107,18,8,21,6,0,0.0
Media & Entertainment/Book Lovers,20220110,14,6,17,7,0,0.0
Media & Entertainment/Book Lovers,20220111,12,8,14,5,0,0.0
Media & Entertainment/Book Lovers,20220112,23,13,27,11,0,0.0
Media & Entertainment/Book Lovers,20220113,13,5,19,11,0,0.0
Media & Entertainment/Book Lovers,20220114,10,3,12,8,0,0.0
Media & Entertainment/Book Lovers,20220117,11,3,12,6,0,0.0
Media & Entertainment/Movie Lovers,20220107,10,5,12,5,0,0.0
Media & Entertainment/Movie Lovers,20220110,10,8,11,4,0,0.0
Media & Entertainment/TV Lovers,20220104,19,10,20,8,0,0.0
Media & Entertainment/TV Lovers,20220105,15,6,19,5,0,0.0
Media & Entertainment/TV Lovers,20220106,16,7,17,7,0,0.0
Media & Entertainment/TV Lovers,20220107,18,10,19,9,0,0.0
Media & Entertainment/TV Lovers,20220110,14,7,16,7,0,0.0
Media & Entertainment/TV Lovers,20220111,11,6,12,3,0,0.0
Media & Entertainment/TV Lovers,20220112,21,11,22,7,0,0.0
Media & Entertainment/TV Lovers,20220113,21,8,27,16,0,0.0
Media & Entertainment/TV Lovers,20220114,12,3,15,8,0,0.0
Media & Entertainment/TV Lovers,20220117,12,4,15,7,0,0.0
News & Politics/Avid News Readers,20220103,10,8,11,4,0,0.0
News & Politics/Avid News Readers,20220104,21,12,22,7,0,0.0
News & Politics/Avid News Readers,20220105,14,10,19,7,0,0.0
News & Politics/Avid News Readers,20220106,13,11,15,6,0,0.0
News & Politics/Avid News Readers,20220107,15,10,17,5,0,0.0
News & Politics/Avid News Readers,20220110,13,7,14,8,0,0.0
News & Politics/Avid News Readers,20220112,11,8,11,5,0,0.0
News & Politics/Avid News Readers,20220113,14,9,18,7,0,0.0
News & Politics/Avid News Readers/Entertainment News Enthusiasts,20220104,10,6,10,3,0,0.0
Shoppers/Bargain Hunters,20220104,13,8,14,4,0,0.0
Shoppers/Bargain Hunters,20220112,11,7,11,4,0,0.0
Shoppers/Bargain Hunters,20220113,12,6,14,6,0,0.0
Shoppers/Luxury Shoppers,20220104,10,8,11,4,0,0.0
Shoppers/Luxury Shoppers,20220105,10,6,14,7,0,0.0
Shoppers/Luxury Shoppers,20220106,13,9,15,9,0,0.0
Shoppers/Luxury Shoppers,20220108,10,7,12,5,0,0.0
Shoppers/Luxury Shoppers,20220110,13,7,14,5,0,0.0
Shoppers/Luxury Shoppers,20220114,10,6,11,7,0,0.0
Shoppers/Shoppers by Store Type/Convenience Store Shoppers,20220113,10,3,11,7,0,0.0
Shoppers/Shopping Enthusiasts,20220106,10,7,11,7,0,0.0
Shoppers/Shopping Enthusiasts,20220110,10,8,10,3,0,0.0
Shoppers/Shopping Enthusiasts,20220112,12,10,13,5,0,0.0
Shoppers/Value Shoppers,20220104,12,8,13,5,0,0.0
Shoppers/Value Shoppers,20220106,10,7,11,6,0,0.0
Shoppers/Value Shoppers,20220107,11,9,14,5,0,0.0
Shoppers/Value Shoppers,20220112,15,12,16,6,0,0.0
Sports & Fitness/Health & Fitness Buffs,20220104,19,11,20,5,0,0.0
Sports & Fitness/Health & Fitness Buffs,20220105,14,7,19,7,0,0.0
Sports & Fitness/Health & Fitness Buffs,20220106,12,8,14,8,0,0.0
Sports & Fitness/Health & Fitness Buffs,20220107,11,6,12,4,0,0.0
Sports & Fitness/Health & Fitness Buffs,20220110,12,6,13,5,0,0.0
Sports & Fitness/Health & Fitness Buffs,20220111,10,7,12,6,0,0.0
Sports & Fitness/Health & Fitness Buffs,20220112,14,7,17,12,0,0.0
Sports & Fitness/Sports Fans,20220104,14,10,16,7,0,0.0
Sports & Fitness/Sports Fans,20220105,14,7,20,7,0,0.0
Sports & Fitness/Sports Fans,20220106,18,13,21,9,0,0.0
Sports & Fitness/Sports Fans,20220107,14,9,17,10,0,0.0
Sports & Fitness/Sports Fans,20220108,12,7,15,6,0,0.0
Sports & Fitness/Sports Fans,20220110,18,9,20,8,0,0.0
Sports & Fitness/Sports Fans,20220111,15,10,17,6,0,0.0
Sports & Fitness/Sports Fans,20220112,13,4,17,10,0,0.0
Sports & Fitness/Sports Fans,20220113,13,4,14,6,0,0.0
Sports & Fitness/Sports Fans,20220114,12,6,13,5,0,0.0
Travel/Travel Buffs,20220105,10,3,14,5,0,0.0
Travel/Travel Buffs,20220106,11,6,12,4,0,0.0
Travel/Travel Buffs,20220110,11,7,12,5,0,0.0
Travel/Travel Buffs,20220112,12,7,13,5,0,0.0
Food & Dining/Cooking Enthusiasts/30 Minute Chefs,20220203,10,5,10,7,0,0.0
Food & Dining/Cooking Enthusiasts/30 Minute Chefs,20220207,10,4,16,7,0,0.0
Food & Dining/Cooking Enthusiasts/30 Minute Chefs,20220209,14,6,16,4,0,0.0
Food & Dining/Cooking Enthusiasts/30 Minute Chefs,20220210,18,7,26,10,0,0.0
Food & Dining/Cooking Enthusiasts/30 Minute Chefs,20220211,13,2,16,8,0,0.0
Food & Dining/Cooking Enthusiasts/30 Minute Chefs,20220215,11,5,12,7,0,0.0
Home & Garden/Do-It-Yourselfers,20220210,14,6,20,9,0,0.0
Lifestyles & Hobbies/Business Professionals,20220207,11,6,21,7,0,0.0
Lifestyles & Hobbies/Business Professionals,20220210,12,2,18,5,0,0.0
Lifestyles & Hobbies/Family-Focused,20220210,10,3,14,7,0,0.0
Lifestyles & Hobbies/Green Living Enthusiasts,20220207,11,5,16,6,0,0.0
Lifestyles & Hobbies/Green Living Enthusiasts,20220209,11,3,13,5,0,0.0
Lifestyles & Hobbies/Green Living Enthusiasts,20220210,16,6,20,8,0,0.0
Lifestyles & Hobbies/Pet Lovers,20220210,10,3,17,5,0,0.0
Lifestyles & Hobbies/Shutterbugs,20220210,12,3,16,6,0,0.0
Media & Entertainment/Book Lovers,20220209,10,3,11,3,0,0.0
Media & Entertainment/Book Lovers,20220210,14,6,19,6,0,0.0
Media & Entertainment/TV Lovers,20220209,10,5,10,2,0,0.0
Media & Entertainment/TV Lovers,20220210,11,3,17,6,0,0.0
News & Politics/Avid News Readers,20220210,11,4,14,7,0,0.0
Shoppers/Value Shoppers,20220210,12,5,17,9,0,0.0
