ga:continent,ga:subContinent,ga:country,ga:region,ga:metro,ga:city,ga:latitude,ga:longitude,ga:date,ga:users,ga:newUsers,ga:sessions,ga:bounces,ga:transactions,ga:transactionRevenue
Europe,Eastern Europe,Russia,Moscow,(not set),Moscow,55.7558,37.6173,20150105,0,1,1,1,0,0.0
Europe,Eastern Europe,Russia,Moscow,(not set),Moscow,55.7558,37.6173,20150106,0,0,1,1,0,0.0
Europe,Eastern Europe,Russia,Moscow,(not set),Moscow,55.7558,37.6173,20150107,0,0,2,2,0,0.0
Europe,Eastern Europe,Russia,Moscow,(not set),Moscow,55.7558,37.6173,20150108,0,0,1,1,0,0.0
Europe,Eastern Europe,Russia,Moscow,(not set),Moscow,55.7558,37.6173,20150109,0,0,1,1,0,0.0
Europe,Eastern Europe,Russia,Moscow,(not set),Moscow,55.7558,37.6173,20150110,0,0,1,1,0,0.0
Europe,Eastern Europe,Russia,Samara Oblast,(not set),Samara,53.2028,50.1408,20150114,0,0,4,1,0,0.0
Europe,Eastern Europe,Russia,Samara Oblast,(not set),Samara,53.2028,50.1408,20150115,0,0,16,10,0,0.0
Europe,Eastern Europe,Russia,Samara Oblast,(not set),Samara,53.2028,50.1408,20150116,0,0,14,8,0,0.0
Europe,Eastern Europe,Russia,Samara Oblast,(not set),Samara,53.2028,50.1408,20150117,0,0,10,7,0,0.0
Europe,Eastern Europe,Russia,Samara Oblast,(not set),Samara,53.2028,50.1408,20150118,0,0,13,7,0,0.0
Europe,Eastern Europe,Russia,Samara Oblast,(not set),Samara,53.2028,50.1408,20150119,0,0,10,4,0,0.0
Europe,Eastern Europe,Russia,Samara Oblast,(not set),Samara,53.2028,50.1408,20150120,0,0,9,5,0,0.0
Europe,Eastern Europe,Russia,Samara Oblast,(not set),Samara,53.2028,50.1408,20150121,0,0,6,1,0,0.0
Europe,Eastern Europe,Russia,Samara Oblast,(not set),Samara,53.2028,50.1408,20150122,0,0,5,3,0,0.0
Europe,Eastern Europe,Russia,Samara Oblast,(not set),Samara,53.2028,50.1408,20150127,0,0,3,3,0,0.0
Europe,Eastern Europe,Russia,Samara Oblast,(not set),Samara,53.2028,50.1408,20150128,0,0,10,10,0,0.0
Europe,Eastern Europe,Russia,Samara Oblast,(not set),Samara,53.2028,50.1408,20150129,0,0,5,5,0,0.0
Europe,Eastern Europe,Russia,Samara Oblast,(not set),Samara,53.2028,50.1408,20150201,0,0,1,1,0,0.0
Europe,Eastern Europe,Russia,Samara Oblast,(not set),Samara,53.2028,50.1408,20150202,0,0,12,12,0,0.0
Europe,Eastern Europe,Russia,Samara Oblast,(not set),Samara,53.2028,50.1408,20150203,0,0,11,8,0,0.0
Europe,Eastern Europe,Russia,Samara Oblast,(not set),Samara,53.2028,50.1408,20150204,0,0,11,4,0,0.0
Europe,Eastern Europe,Russia,Samara Oblast,(not set),Samara,53.2028,50.1408,20150205,0,0,3,2,0,0.0
Europe,Eastern Europe,Russia,Samara Oblast,(not set),Samara,53.2028,50.1408,20150206,0,0,2,1,0,0.0
Europe,Eastern Europe,Russia,Samara Oblast,(not set),Samara,53.2028,50.1408,20150225,0,0,11,5,0,0.0
Europe,Eastern Europe,Russia,Samara Oblast,(not set),Samara,53.2028,50.1408,20150226,0,0,6,4,0,0.0
Europe,Eastern Europe,Russia,Samara Oblast,(not set),Samara,53.2028,50.1408,20150227,0,0,8,5,0,0.0
Europe,Eastern Europe,Russia,Samara Oblast,(not set),Samara,53.2028,50.1408,20150228,0,0,3,2,0,0.0
Europe,Eastern Europe,Russia,Udmurt Republic,(not set),Izhevsk,56.8333,53.1833,20150211,0,0,6,6,0,0.0
Europe,Eastern Europe,Russia,Udmurt Republic,(not set),Izhevsk,56.8333,53.1833,20150212,0,0,7,7,0,0.0
Europe,Eastern Europe,Russia,Udmurt Republic,(not set),Izhevsk,56.8333,53.1833,20150228,0,0,1,1,0,0.0
(not set),(not set),(not set),(not set),(not set),(not set),0.0000,0.0000,20150315,0,15,15,15,0,0.0
(not set),(not set),(not set),(not set),(not set),(not set),0.0000,0.0000,20150320,0,9,9,9,0,0.0
(not set),(not set),(not set),(not set),(not set),(not set),0.0000,0.0000,20150322,0,4,4,4,0,0.0
(not set),(not set),(not set),(not set),(not set),(not set),0.0000,0.0000,20150325,0,6,6,6,0,0.0
(not set),(not set),(not set),(not set),(not set),(not set),0.0000,0.0000,20150326,0,15,15,15,0,0.0
Africa,Northern Africa,Egypt,Cairo Governorate,(not set),Cairo,30.0444,31.2357,20150322,0,1,1,1,0,0.0
Africa,Southern Africa,South Africa,Gauteng,(not set),Sandton,-26.1076,28.0567,20150320,0,1,1,1,0,0.0
Africa,Southern Africa,South Africa,Gauteng,(not set),Sandton,-26.1076,28.0567,20150326,0,1,1,1,0,0.0
Africa,Southern Africa,South Africa,Limpopo,(not set),Polokwane,-23.8962,29.4486,20150326,0,1,1,1,0,0.0
Americas,Central America,Mexico,Mexico City,(not set),Mexico City,19.4326,-99.1332,20150320,0,1,1,1,0,0.0
Americas,Northern America,United States,(not set),(not set),(not set),0.0000,0.0000,20150325,0,1,1,1,0,0.0
Americas,Northern America,United States,California,Los Angeles CA,Yucca Valley,34.1142,-116.4322,20150322,0,1,1,1,0,0.0
Americas,Northern America,United States,California,Sacramento-Stockton-Modesto CA,Quincy,39.9368,-120.9472,20150322,0,1,1,1,0,0.0
Americas,Northern America,United States,California,San Diego CA,San Diego,32.7157,-117.1611,20150322,0,1,1,1,0,0.0
Americas,Northern America,United States,California,San Francisco-Oakland-San Jose CA,San Francisco,37.7749,-122.4194,20150325,0,1,1,1,0,0.0
Americas,Northern America,United States,Connecticut,Hartford & New Haven CT,Milford,41.2307,-73.0640,20150326,0,1,1,1,0,0.0
Americas,Northern America,United States,District of Columbia,Washington DC (Hagerstown MD),Washington,38.9072,-77.0369,20150320,0,1,1,1,0,0.0
Americas,Northern America,United States,Florida,Orlando-Daytona Beach-Melbourne FL,Titusville,28.6122,-80.8075,20150320,0,1,1,1,0,0.0
Americas,Northern America,United States,Florida,Tallahassee FL-Thomasville GA,Tallahassee,30.4383,-84.2807,20150322,0,1,1,1,0,0.0
Americas,Northern America,United States,Florida,West Palm Beach-Ft. Pierce FL,Stuart,27.1975,-80.2528,20150322,0,1,1,1,0,0.0
Americas,Northern America,United States,Illinois,Champaign & Springfield-Decatur IL,Champaign,40.1164,-88.2434,20150322,0,1,1,1,0,0.0
Americas,Northern America,United States,Illinois,Champaign & Springfield-Decatur IL,Springfield,39.7817,-89.6502,20150325,0,1,1,1,0,0.0
Americas,Northern America,United States,Illinois,Chicago IL,Chicago,41.8781,-87.6298,20150315,0,1,1,1,0,0.0
Americas,Northern America,United States,Illinois,Chicago IL,Chicago,41.8781,-87.6298,20150320,0,1,1,1,0,0.0
Americas,Northern America,United States,Illinois,Chicago IL,Chicago,41.8781,-87.6298,20150326,0,1,1,1,0,0.0
Americas,Northern America,United States,Illinois,Chicago IL,Hines,41.8536,-87.8395,20150325,0,1,1,1,0,0.0
Americas,Northern America,United States,Illinois,Peoria-Bloomington IL,Peoria,40.6936,-89.5890,20150320,0,1,1,1,0,0.0
Americas,Northern America,United States,Louisiana,Baton Rouge LA,Baton Rouge,30.4583,-91.1403,20150315,0,1,1,1,0,0.0
Americas,Northern America,United States,Maine,Portland-Auburn ME,Lewiston,44.1004,-70.2148,20150315,0,1,1,1,0,0.0
Americas,Northern America,United States,Massachusetts,Albany-Schenectady-Troy NY,Great Barrington,42.1960,-73.3620,20150320,0,1,1,1,0,0.0
Americas,Northern America,United States,Michigan,Detroit MI,Farmington Hills,42.4990,-83.3677,20150326,0,1,1,1,0,0.0
Americas,Northern America,United States,Minnesota,Minneapolis-St. Paul MN,Minneapolis,44.9762,-93.2674,20150326,0,1,1,1,0,0.0
Americas,Northern America,United States,New Jersey,(not set),(not set),0.0000,0.0000,20150315,0,1,1,1,0,0.0
Americas,Northern America,United States,New Jersey,New York NY,Franklin Township,40.4769,-74.5504,20150322,0,1,1,1,0,0.0
Americas,Northern America,United States,New York,Albany-Schenectady-Troy NY,Albany,42.6526,-73.7562,20150322,0,1,1,1,0,0.0
Americas,Northern America,United States,New York,New York NY,New York,40.7128,-74.0059,20150315,0,1,1,1,0,0.0
Americas,Northern America,United States,New York,New York NY,New York,40.7128,-74.0059,20150320,0,1,1,1,0,0.0
Americas,Northern America,United States,New York,New York NY,Ridge,40.8940,-72.8959,20150326,0,1,1,1,0,0.0
Americas,Northern America,United States,New York,Rochester NY,Rochester,43.1610,-77.6109,20150320,0,1,1,1,0,0.0
Americas,Northern America,United States,Ohio,Cleveland-Akron (Canton) OH,Mentor,41.6662,-81.3396,20150326,0,1,1,1,0,0.0
Americas,Northern America,United States,Oklahoma,Tulsa OK,Tulsa,36.1540,-95.9928,20150326,0,1,1,1,0,0.0
Americas,Northern America,United States,Pennsylvania,Philadelphia PA,Bryn Mawr,40.0230,-75.3152,20150325,0,1,1,1,0,0.0
Americas,Northern America,United States,Pennsylvania,Philadelphia PA,Colmar,40.2687,-75.2553,20150315,0,1,1,1,0,0.0
Americas,Northern America,United States,Tennessee,Knoxville TN,Knoxville,35.9606,-83.9207,20150320,0,1,1,1,0,0.0
Americas,Northern America,United States,Texas,(not set),(not set),0.0000,0.0000,20150315,0,1,1,1,0,0.0
Americas,Northern America,United States,Texas,Austin TX,Austin,30.2672,-97.7431,20150315,0,1,1,1,0,0.0
Americas,Northern America,United States,Texas,Dallas-Ft. Worth TX,Plano,33.0198,-96.6989,20150315,0,1,1,1,0,0.0
Americas,Northern America,United States,Texas,Houston TX,Houston,29.7604,-95.3698,20150326,0,1,1,1,0,0.0
Americas,Northern America,United States,Virginia,Washington DC (Hagerstown MD),Alexandria,38.8048,-77.0469,20150325,0,1,1,1,0,0.0
Americas,Northern America,United States,Washington,Seattle-Tacoma WA,Redmond,47.6740,-122.1215,20150322,0,1,1,1,0,0.0
Americas,South America,Brazil,State of Rio de Janeiro,(not set),Petropolis,-22.5113,-43.1779,20150322,0,1,1,1,0,0.0
Americas,South America,Brazil,State of Santa Catarina,(not set),Campos Novos,-27.4369,-51.2213,20150315,0,1,1,1,0,0.0
Americas,South America,Brazil,State of Santa Catarina,(not set),Florianopolis,-27.5949,-48.5482,20150315,0,1,1,1,0,0.0
Americas,South America,Brazil,State of Sao Paulo,(not set),Sao Paulo,-23.5505,-46.6333,20150322,0,1,1,1,0,0.0
Americas,South America,Ecuador,Tungurahua,(not set),Ambato,-1.2417,-78.6197,20150325,0,1,1,1,0,0.0
Asia,Eastern Asia,China,Guangdong Province,(not set),Guangzhou,23.1291,113.2644,20150325,0,1,1,1,0,0.0
Asia,Eastern Asia,China,Guangdong Province,(not set),Guangzhou,23.1291,113.2644,20150326,0,1,1,1,0,0.0
Asia,Eastern Asia,China,Jilin,(not set),Jilin City,43.8379,126.5496,20150325,0,1,1,1,0,0.0
Asia,Eastern Asia,China,Liaoning,(not set),Panjin,41.1200,122.0707,20150315,0,1,1,1,0,0.0
Asia,Eastern Asia,China,Ningxia,(not set),Yinchuan,38.4872,106.2309,20150320,0,1,1,1,0,0.0
Asia,Eastern Asia,China,Sichuan,(not set),Chengdu,30.5723,104.0665,20150322,0,1,1,1,0,0.0
Asia,Eastern Asia,Japan,Aichi,(not set),(not set),0.0000,0.0000,20150322,0,1,1,1,0,0.0
Asia,Eastern Asia,Japan,Hyogo,JP_KINKI,Amagasaki,34.7337,135.4064,20150326,0,1,1,1,0,0.0
Asia,Eastern Asia,Japan,Kanagawa,JP_KANTO,Yamato,35.4875,139.4579,20150315,0,1,1,1,0,0.0
Asia,Eastern Asia,Japan,Miyagi,JP_OTHER,Furukawa,38.5678,140.9616,20150326,0,1,1,1,0,0.0
Asia,Eastern Asia,Japan,Miyazaki,JP_OTHER,Miyakonojo,31.7196,131.0616,20150322,0,1,1,1,0,0.0
Asia,Eastern Asia,Japan,Osaka,JP_KINKI,Osaka,34.6937,135.5022,20150325,0,1,1,1,0,0.0
Asia,Eastern Asia,South Korea,Seoul,(not set),Seoul,37.5665,126.9780,20150326,0,1,1,1,0,0.0
Asia,Eastern Asia,Taiwan,Hsinchu County,(not set),Zhudong Township,24.7749,121.0450,20150320,0,1,1,1,0,0.0
Asia,Southeast Asia,Malaysia,Federal Territory of Kuala Lumpur,(not set),Kuala Lumpur,3.1390,101.6869,20150315,0,1,1,1,0,0.0
Asia,Southeast Asia,Thailand,Bangkok,(not set),Bangkok,13.7279,100.5241,20150326,0,1,1,1,0,0.0
Asia,Southern Asia,India,Maharashtra,(not set),Mumbai,19.0760,72.8777,20150326,0,1,1,1,0,0.0
Asia,Western Asia,Saudi Arabia,Eastern Province,(not set),Dhahran,26.2667,50.1500,20150315,0,1,1,1,0,0.0
Europe,Eastern Europe,Czechia,Plzen Region,(not set),Pilsen,49.7384,13.3736,20150315,0,1,1,1,0,0.0
Europe,Eastern Europe,Russia,Samara Oblast,(not set),Samara,53.2028,50.1408,20150301,0,0,3,3,0,0.0
Europe,Eastern Europe,Russia,Samara Oblast,(not set),Samara,53.2028,50.1408,20150302,0,0,8,4,0,0.0
Europe,Eastern Europe,Russia,Samara Oblast,(not set),Samara,53.2028,50.1408,20150303,0,0,9,7,0,0.0
Europe,Eastern Europe,Russia,Samara Oblast,(not set),Samara,53.2028,50.1408,20150304,0,0,15,14,0,0.0
Europe,Eastern Europe,Russia,Samara Oblast,(not set),Samara,53.2028,50.1408,20150305,0,0,10,7,0,0.0
Europe,Eastern Europe,Russia,Samara Oblast,(not set),Samara,53.2028,50.1408,20150306,0,0,3,3,0,0.0
Europe,Eastern Europe,Russia,Samara Oblast,(not set),Samara,53.2028,50.1408,20150308,0,0,12,10,0,0.0
Europe,Eastern Europe,Russia,Samara Oblast,(not set),Samara,53.2028,50.1408,20150309,0,0,3,3,0,0.0
Europe,Eastern Europe,Russia,Samara Oblast,(not set),Samara,53.2028,50.1408,20150316,0,0,1,0,0,0.0
Europe,Eastern Europe,Russia,Samara Oblast,(not set),Samara,53.2028,50.1408,20150317,0,0,8,8,0,0.0
Europe,Eastern Europe,Russia,Samara Oblast,(not set),Samara,53.2028,50.1408,20150318,0,0,6,5,0,0.0
Europe,Eastern Europe,Russia,Samara Oblast,(not set),Samara,53.2028,50.1408,20150319,0,0,7,5,0,0.0
Europe,Eastern Europe,Russia,Samara Oblast,(not set),Samara,53.2028,50.1408,20150320,0,0,3,2,0,0.0
Europe,Eastern Europe,Russia,Samara Oblast,(not set),Samara,53.2028,50.1408,20150325,0,0,1,0,0,0.0
Europe,Eastern Europe,Russia,Tambov Oblast,(not set),Tambov,52.7167,41.4333,20150315,0,1,1,1,0,0.0
Europe,Eastern Europe,Russia,Udmurt Republic,(not set),Izhevsk,56.8333,53.1833,20150317,0,0,1,1,0,0.0
Europe,Northern Europe,Denmark,Region of Southern Denmark,(not set),Tommerup,55.3208,10.2045,20150322,0,1,1,1,0,0.0
Europe,Northern Europe,United Kingdom,England,Midlands,Nottingham,52.9548,-1.1581,20150315,0,1,1,1,0,0.0
Europe,Northern Europe,United Kingdom,England,Yorkshire,Doncaster,53.5228,-1.1285,20150315,0,1,1,1,0,0.0
Europe,Northern Europe,United Kingdom,Scotland,Central Scotland,Glasgow,55.8642,-4.2518,20150322,0,1,1,1,0,0.0
Europe,Northern Europe,United Kingdom,Scotland,North Scotland,Aberdeen,57.1497,-2.0943,20150315,0,1,1,1,0,0.0
Europe,Southern Europe,Greece,Athens,(not set),Athens,37.9839,23.7294,20150315,0,1,1,1,0,0.0
Europe,Southern Europe,Italy,Lombardy,(not set),Milan,45.4654,9.1859,20150322,0,1,1,1,0,0.0
Europe,Southern Europe,Italy,Tuscany,(not set),Florence,43.7710,11.2480,20150326,0,1,1,1,0,0.0
Europe,Western Europe,France,Ile-de-France,(not set),Montreuil,48.8638,2.4485,20150315,0,1,1,1,0,0.0
Europe,Western Europe,France,Ile-de-France,(not set),Paris,48.8566,2.3522,20150322,0,1,1,1,0,0.0
Europe,Western Europe,France,Midi-Pyrenees,(not set),Toulouse,43.6047,1.4442,20150315,0,1,1,1,0,0.0
Europe,Western Europe,Germany,Bavaria,(not set),Wurzburg,49.7913,9.9534,20150315,0,1,1,1,0,0.0
Europe,Western Europe,Germany,Lower Saxony,(not set),Gottingen,51.5413,9.9158,20150325,0,1,1,1,0,0.0
Europe,Western Europe,Switzerland,Geneva,(not set),Geneva,46.1984,6.1423,20150315,0,1,1,1,0,0.0
Oceania,Australasia,New Zealand,Auckland,(not set),Auckland,-36.8485,174.7633,20150326,0,1,1,1,0,0.0
(not set),(not set),(not set),(not set),(not set),(not set),0.0000,0.0000,20150401,0,5,5,5,0,0.0
(not set),(not set),(not set),(not set),(not set),(not set),0.0000,0.0000,20150420,0,11,11,2,0,0.0
(not set),(not set),(not set),(not set),(not set),(not set),0.0000,0.0000,20150421,0,2,2,0,0,0.0
(not set),(not set),(not set),(not set),(not set),(not set),0.0000,0.0000,20150422,0,1,1,0,0,0.0
(not set),(not set),(not set),(not set),(not set),(not set),0.0000,0.0000,20150424,0,9,9,3,0,0.0
(not set),(not set),(not set),(not set),(not set),(not set),0.0000,0.0000,20150425,0,7,7,2,0,0.0
(not set),(not set),(not set),(not set),(not set),(not set),0.0000,0.0000,20150426,0,2,2,2,0,0.0
(not set),(not set),(not set),(not set),(not set),(not set),0.0000,0.0000,20150427,0,25,25,10,0,0.0
(not set),(not set),(not set),(not set),(not set),(not set),0.0000,0.0000,20150428,0,1,1,1,0,0.0
Africa,Eastern Africa,Kenya,(not set),(not set),(not set),0.0000,0.0000,20150401,0,1,1,1,0,0.0
Africa,Northern Africa,Egypt,Cairo Governorate,(not set),Cairo,30.0444,31.2357,20150401,0,1,1,1,0,0.0
Africa,Southern Africa,South Africa,Gauteng,(not set),Johannesburg,-26.2041,28.0473,20150427,0,1,1,1,0,0.0
Africa,Southern Africa,South Africa,Gauteng,(not set),Sandton,-26.1076,28.0567,20150421,0,1,1,0,0,0.0
Americas,Northern America,Canada,Ontario,(not set),Woodstock,43.1315,-80.7472,20150418,0,1,1,1,0,0.0
Americas,Northern America,Canada,Quebec,(not set),Montreal,45.5017,-73.5673,20150414,0,1,1,1,0,0.0
Americas,Northern America,Canada,Quebec,(not set),Quebec City,46.8033,-71.2428,20150422,0,1,1,1,0,0.0
Americas,Northern America,United States,(not set),(not set),(not set),0.0000,0.0000,20150401,0,2,2,2,0,0.0
Americas,Northern America,United States,(not set),(not set),(not set),0.0000,0.0000,20150426,0,1,1,0,0,0.0
Americas,Northern America,United States,(not set),(not set),(not set),0.0000,0.0000,20150427,0,4,4,0,0,0.0
Americas,Northern America,United States,Arizona,Phoenix AZ,Phoenix,33.4484,-112.0740,20150427,0,1,1,0,0,0.0
Americas,Northern America,United States,Arkansas,Ft. Smith-Fayetteville-Springdale-Rogers AR,Fort Smith,35.3859,-94.3985,20150421,0,1,1,0,0,0.0
Americas,Northern America,United States,California,Los Angeles CA,Los Angeles,34.0522,-118.2437,20150424,0,1,1,0,0,0.0
Americas,Northern America,United States,California,Los Angeles CA,Los Angeles,34.0522,-118.2437,20150426,0,1,1,1,0,0.0
Americas,Northern America,United States,California,Sacramento-Stockton-Modesto CA,Modesto,37.6391,-120.9969,20150427,0,1,1,1,0,0.0
Americas,Northern America,United States,California,Sacramento-Stockton-Modesto CA,Sonora,37.9830,-120.3822,20150421,0,1,1,0,0,0.0
Americas,Northern America,United States,California,San Diego CA,San Diego,32.7157,-117.1611,20150427,0,2,2,2,0,0.0
Americas,Northern America,United States,California,San Francisco-Oakland-San Jose CA,Cupertino,37.3230,-122.0322,20150426,0,1,1,0,0,0.0
Americas,Northern America,United States,California,San Francisco-Oakland-San Jose CA,Palo Alto,37.4419,-122.1430,20150426,0,1,1,0,0,0.0
Americas,Northern America,United States,California,San Francisco-Oakland-San Jose CA,San Francisco,37.7749,-122.4194,20150401,0,1,1,1,0,0.0
Americas,Northern America,United States,California,San Francisco-Oakland-San Jose CA,San Francisco,37.7749,-122.4194,20150427,0,2,2,0,0,0.0
Americas,Northern America,United States,Colorado,Denver CO,Centennial,39.5807,-104.8772,20150421,0,1,1,0,0,0.0
Americas,Northern America,United States,Colorado,Denver CO,Denver,39.7392,-104.9902,20150421,0,1,1,0,0,0.0
Americas,Northern America,United States,District of Columbia,Washington DC (Hagerstown MD),Washington,38.9072,-77.0369,20150420,0,1,1,0,0,0.0
Americas,Northern America,United States,Florida,Miami-Ft. Lauderdale FL,Surfside,25.8784,-80.1256,20150427,0,1,1,0,0,0.0
Americas,Northern America,United States,Hawaii,(not set),(not set),0.0000,0.0000,20150401,0,1,1,1,0,0.0
Americas,Northern America,United States,Illinois,Chicago IL,Chicago,41.8781,-87.6298,20150422,0,1,1,1,0,0.0
Americas,Northern America,United States,Illinois,Chicago IL,Chicago,41.8781,-87.6298,20150427,0,1,1,1,0,0.0
Americas,Northern America,United States,Indiana,Cincinnati OH,Aurora,39.0570,-84.9013,20150425,0,1,1,0,0,0.0
Americas,Northern America,United States,Indiana,Indianapolis IN,Indianapolis,39.7684,-86.1581,20150422,0,1,1,1,0,0.0
Americas,Northern America,United States,Indiana,South Bend-Elkhart IN,Nappanee,41.4428,-86.0014,20150427,0,1,1,0,0,0.0
Americas,Northern America,United States,Massachusetts,Boston MA-Manchester NH,Boston,42.3601,-71.0589,20150427,0,1,1,0,0,0.0
Americas,Northern America,United States,Minnesota,Minneapolis-St. Paul MN,Montevideo,44.9410,-95.7236,20150421,0,1,1,0,0,0.0
Americas,Northern America,United States,Mississippi,Memphis TN,Oxford,34.3665,-89.5192,20150425,0,1,1,0,0,0.0
Americas,Northern America,United States,Missouri,Columbia-Jefferson City MO,Columbia,38.9517,-92.3341,20150422,0,1,1,1,0,0.0
Americas,Northern America,United States,Missouri,Kansas City MO,Independence,39.0911,-94.4155,20150401,0,1,1,1,0,0.0
Americas,Northern America,United States,New Jersey,New York NY,Parsippany-Troy Hills,40.8596,-74.4233,20150413,0,1,1,1,0,0.0
Americas,Northern America,United States,New Jersey,New York NY,Parsippany-Troy Hills,40.8596,-74.4233,20150416,0,2,2,2,0,0.0
Americas,Northern America,United States,New Jersey,New York NY,Parsippany-Troy Hills,40.8596,-74.4233,20150418,0,1,1,1,0,0.0
Americas,Northern America,United States,New York,Albany-Schenectady-Troy NY,Cohoes,42.7742,-73.7001,20150421,0,1,1,0,0,0.0
Americas,Northern America,United States,New York,New York NY,New York,40.7128,-74.0059,20150426,0,1,1,1,0,0.0
Americas,Northern America,United States,New York,New York NY,New York,40.7128,-74.0059,20150427,0,1,1,0,0,0.0
Americas,Northern America,United States,New York,New York NY,Stony Brook,40.9257,-73.1409,20150427,0,1,1,0,0,0.0
Americas,Northern America,United States,Ohio,Columbus OH,Columbus,39.9612,-82.9988,20150427,0,2,2,0,0,0.0
Americas,Northern America,United States,Ohio,Wheeling WV-Steubenville OH,Saint Clairsville,40.0803,-80.9018,20150401,0,1,1,1,0,0.0
Americas,Northern America,United States,Oklahoma,Oklahoma City OK,Oklahoma City,35.4676,-97.5164,20150425,0,1,1,0,0,0.0
Americas,Northern America,United States,Tennessee,Knoxville TN,Knoxville,35.9606,-83.9207,20150427,0,1,1,0,0,0.0
Americas,Northern America,United States,Texas,Dallas-Ft. Worth TX,Dallas,32.7767,-96.7970,20150424,0,1,1,0,0,0.0
Americas,Northern America,United States,Texas,Dallas-Ft. Worth TX,Fort Worth,32.7555,-97.3308,20150424,0,1,1,0,0,0.0
Americas,Northern America,United States,Texas,El Paso TX,El Paso,31.7776,-106.4425,20150424,0,1,1,0,0,0.0
Americas,Northern America,United States,Texas,Houston TX,Houston,29.7604,-95.3698,20150420,0,1,1,1,0,0.0
Americas,Northern America,United States,Texas,Houston TX,Houston,29.7604,-95.3698,20150425,0,2,2,0,0,0.0
Americas,Northern America,United States,Texas,San Antonio TX,San Antonio,29.4241,-98.4936,20150401,0,1,1,1,0,0.0
Americas,Northern America,United States,Virginia,Washington DC (Hagerstown MD),Alexandria,38.8048,-77.0469,20150401,0,1,1,1,0,0.0
Americas,Northern America,United States,Virginia,Washington DC (Hagerstown MD),Alexandria,38.8048,-77.0469,20150420,0,1,1,1,0,0.0
Americas,Northern America,United States,Virginia,Washington DC (Hagerstown MD),Alexandria,38.8048,-77.0469,20150421,0,1,1,1,0,0.0
Americas,Northern America,United States,Virginia,Washington DC (Hagerstown MD),Alexandria,38.8048,-77.0469,20150425,0,1,1,1,0,0.0
Americas,Northern America,United States,Virginia,Washington DC (Hagerstown MD),Alexandria,38.8048,-77.0469,20150426,0,2,2,0,0,0.0
Americas,Northern America,United States,Virginia,Washington DC (Hagerstown MD),Purcellville,39.1368,-77.7147,20150427,0,1,1,1,0,0.0
Americas,Northern America,United States,Virginia,Washington DC (Hagerstown MD),Purcellville,39.1368,-77.7147,20150428,0,1,1,1,0,0.0
Americas,Northern America,United States,Virginia,Washington DC (Hagerstown MD),Purcellville,39.1368,-77.7147,20150429,0,2,2,2,0,0.0
Americas,Northern America,United States,Washington,Seattle-Tacoma WA,Seattle,47.6062,-122.3321,20150401,0,1,1,1,0,0.0
Americas,Northern America,United States,Washington,Spokane WA,Spokane,47.6588,-117.4260,20150418,0,1,1,1,0,0.0
Americas,South America,Argentina,Entre Rios Province,(not set),Parana,-31.7413,-60.5115,20150427,0,1,1,1,0,0.0
Americas,South America,Brazil,State of Santa Catarina,(not set),Joinville,-26.3044,-48.8464,20150427,0,1,1,0,0,0.0
Americas,South America,Brazil,State of Sao Paulo,(not set),Franca,-20.5394,-47.4014,20150424,0,1,1,0,0,0.0
Americas,South America,Brazil,State of Sao Paulo,(not set),Sao Paulo,-23.5505,-46.6333,20150420,0,2,2,0,0,0.0
Americas,South America,Brazil,State of Sao Paulo,(not set),Sao Paulo,-23.5505,-46.6333,20150427,0,1,1,0,0,0.0
Americas,South America,Chile,Aysen,(not set),Coyhaique,-45.5697,-72.0658,20150426,0,1,1,0,0,0.0
Americas,South America,Chile,Santiago Metropolitan Region,(not set),Santiago,-33.4691,-70.6420,20150427,0,2,2,2,0,0.0
Americas,South America,Colombia,Valle del Cauca,(not set),Cali,3.4569,-76.5224,20150422,0,1,1,0,0,0.0
Americas,South America,Peru,Lima Region,(not set),La Victoria,-12.0734,-77.0163,20150401,0,1,1,1,0,0.0
Americas,South America,Peru,Lima Region,(not set),La Victoria,-12.0734,-77.0163,20150427,0,1,1,0,0,0.0
Asia,Central Asia,Kazakhstan,(not set),(not set),Petropavl,54.8732,69.1506,20150420,0,1,1,0,0,0.0
Asia,Eastern Asia,China,Beijing,(not set),Beijing,39.9042,116.4074,20150424,0,1,1,0,0,0.0
Asia,Eastern Asia,China,Beijing,(not set),Beijing,39.9042,116.4074,20150427,0,2,2,1,0,0.0
Asia,Eastern Asia,China,Chongqing,(not set),Chongqing,29.5630,106.5516,20150424,0,1,1,0,0,0.0
Asia,Eastern Asia,China,Guangdong Province,(not set),Guangzhou,23.1291,113.2644,20150422,0,1,1,0,0,0.0
Asia,Eastern Asia,China,Hunan,(not set),Zhuzhou,27.8275,113.1340,20150415,0,1,1,1,0,0.0
Asia,Eastern Asia,China,Liaoning,(not set),Shenyang,41.8057,123.4315,20150426,0,1,1,1,0,0.0
Asia,Eastern Asia,China,Shaanxi,(not set),Xi'An,34.3416,108.9402,20150401,0,1,1,1,0,0.0
Asia,Eastern Asia,China,Shanghai,(not set),Shanghai,31.2304,121.4737,20150427,0,2,2,1,0,0.0
Asia,Eastern Asia,China,Tianjin,(not set),Tianjin,39.0842,117.2010,20150427,0,1,1,0,0,0.0
Asia,Eastern Asia,Japan,Kanagawa,JP_KANTO,Yokohama,35.4437,139.6380,20150422,0,1,1,1,0,0.0
Asia,Eastern Asia,Japan,Kumamoto,JP_OTHER,Kumamoto,32.8031,130.7079,20150425,0,1,1,0,0,0.0
Asia,Eastern Asia,Japan,Osaka,JP_KINKI,Osaka,34.6937,135.5022,20150401,0,1,1,1,0,0.0
Asia,Eastern Asia,Japan,Saitama,JP_KANTO,Saitama,35.8617,139.6455,20150427,0,1,1,0,0,0.0
Asia,Eastern Asia,Japan,Tochigi,JP_KANTO,Nasushiobara,36.9617,140.0461,20150427,0,1,1,1,0,0.0
Asia,Eastern Asia,Japan,Tokyo,JP_KANTO,Minato City,35.6581,139.7516,20150427,0,1,1,1,0,0.0
Asia,Eastern Asia,South Korea,Busan,(not set),Busan,35.1796,129.0756,20150427,0,2,2,0,0,0.0
Asia,Eastern Asia,South Korea,Gwangju,(not set),Gwangju,35.1595,126.8526,20150422,0,1,1,0,0,0.0
Asia,Eastern Asia,South Korea,Gwangju,(not set),Gwangju,35.1595,126.8526,20150425,0,1,1,0,0,0.0
Asia,Eastern Asia,South Korea,Gyeonggi-do,(not set),Bucheon-si,37.5034,126.7660,20150403,0,1,1,1,0,0.0
Asia,Eastern Asia,South Korea,Jeollabuk-do,(not set),Muju-gun,36.0068,127.6608,20150425,0,1,1,0,0,0.0
Asia,Eastern Asia,South Korea,Seoul,(not set),Seoul,37.5665,126.9780,20150425,0,1,1,1,0,0.0
Asia,Southeast Asia,Indonesia,East Java,(not set),Surabaya,-7.2642,112.7456,20150424,0,1,1,1,0,0.0
Asia,Southeast Asia,Philippines,Central Visayas,(not set),Cebu City,10.3157,123.8854,20150424,0,1,1,0,0,0.0
Asia,Southeast Asia,Vietnam,Ho Chi Minh City,(not set),Ho Chi Minh City,10.8231,106.6297,20150425,0,1,1,0,0,0.0
Asia,Southeast Asia,Vietnam,Ho Chi Minh City,(not set),Ho Chi Minh City,10.8231,106.6297,20150427,0,1,1,1,0,0.0
Asia,Southern Asia,India,Andhra Pradesh,(not set),Vijayawada,16.5062,80.6480,20150425,0,1,1,0,0,0.0
Asia,Southern Asia,India,Delhi,(not set),New Delhi,28.6139,77.2090,20150420,0,1,1,0,0,0.0
Asia,Southern Asia,Iran,(not set),(not set),(not set),0.0000,0.0000,20150401,0,1,1,1,0,0.0
Asia,Western Asia,Israel,Center District,(not set),Netanya,32.3215,34.8532,20150427,0,1,1,1,0,0.0
Europe,Eastern Europe,Bulgaria,Haskovo Province,(not set),Svilengrad,41.7655,26.2019,20150401,0,1,1,1,0,0.0
Europe,Eastern Europe,Bulgaria,Pazardzhik,(not set),Panagyurishte,42.5008,24.1860,20150426,0,1,1,0,0,0.0
Europe,Eastern Europe,Bulgaria,Sofia City Province,(not set),Sofia,42.6977,23.3219,20150420,0,1,1,0,0,0.0
Europe,Eastern Europe,Bulgaria,Sofia City Province,(not set),Sofia,42.6977,23.3219,20150427,0,1,1,0,0,0.0
Europe,Eastern Europe,Czechia,South Moravian Region,(not set),Brno,49.1951,16.6068,20150418,0,1,1,1,0,0.0
Europe,Eastern Europe,Moldova,(not set),(not set),Chisinau,47.0000,28.9167,20150424,0,1,1,1,0,0.0
Europe,Eastern Europe,Poland,Masovian Voivodeship,(not set),Warsaw,52.2297,21.0122,20150420,0,1,1,0,0,0.0
Europe,Eastern Europe,Romania,Bucharest,(not set),Bucharest,44.4268,26.1025,20150427,0,1,1,1,0,0.0
Europe,Eastern Europe,Russia,Novosibirsk Oblast,(not set),Novosibirsk,55.0084,82.9357,20150427,0,1,1,0,0,0.0
Europe,Eastern Europe,Russia,Republic of Karelia,(not set),(not set),0.0000,0.0000,20150419,0,1,1,1,0,0.0
Europe,Eastern Europe,Russia,Saint Petersburg,(not set),Saint Petersburg,59.9343,30.3351,20150415,0,1,1,1,0,0.0
Europe,Eastern Europe,Russia,Samara Oblast,(not set),Samara,53.2028,50.1408,20150401,0,0,7,6,0,0.0
Europe,Eastern Europe,Russia,Samara Oblast,(not set),Samara,53.2028,50.1408,20150402,0,0,4,3,0,0.0
Europe,Eastern Europe,Russia,Samara Oblast,(not set),Samara,53.2028,50.1408,20150403,0,0,3,3,0,0.0
Europe,Eastern Europe,Russia,Samara Oblast,(not set),Samara,53.2028,50.1408,20150407,0,0,10,7,0,0.0
Europe,Eastern Europe,Russia,Samara Oblast,(not set),Samara,53.2028,50.1408,20150408,0,0,9,7,0,0.0
Europe,Eastern Europe,Russia,Samara Oblast,(not set),Samara,53.2028,50.1408,20150409,0,0,10,6,0,0.0
Europe,Eastern Europe,Russia,Samara Oblast,(not set),Samara,53.2028,50.1408,20150410,0,0,3,2,0,0.0
Europe,Eastern Europe,Russia,Samara Oblast,(not set),Samara,53.2028,50.1408,20150414,0,0,10,7,0,0.0
Europe,Eastern Europe,Russia,Samara Oblast,(not set),Samara,53.2028,50.1408,20150415,0,0,8,5,0,0.0
Europe,Eastern Europe,Russia,Samara Oblast,(not set),Samara,53.2028,50.1408,20150418,0,0,1,0,0,0.0
Europe,Eastern Europe,Russia,Samara Oblast,(not set),Samara,53.2028,50.1408,20150420,0,0,9,7,0,0.0
Europe,Eastern Europe,Russia,Samara Oblast,(not set),Samara,53.2028,50.1408,20150422,0,0,6,4,0,0.0
Europe,Eastern Europe,Russia,Samara Oblast,(not set),Samara,53.2028,50.1408,20150423,0,0,3,2,0,0.0
Europe,Eastern Europe,Russia,Samara Oblast,(not set),Samara,53.2028,50.1408,20150424,0,0,1,1,0,0.0
Europe,Eastern Europe,Russia,Samara Oblast,(not set),Samara,53.2028,50.1408,20150427,0,0,4,2,0,0.0
Europe,Eastern Europe,Russia,Samara Oblast,(not set),Samara,53.2028,50.1408,20150428,0,0,5,2,0,0.0
Europe,Eastern Europe,Russia,Samara Oblast,(not set),Samara,53.2028,50.1408,20150429,0,0,1,1,0,0.0
Europe,Eastern Europe,Russia,Udmurt Republic,(not set),Izhevsk,56.8333,53.1833,20150401,0,0,1,1,0,0.0
Europe,Eastern Europe,Ukraine,Kyiv city,(not set),Kyiv,50.4501,30.5234,20150401,0,1,1,1,0,0.0
Europe,Eastern Europe,Ukraine,Zaporizhia Oblast,(not set),Berdyans'k,46.7597,36.7844,20150427,0,1,1,0,0,0.0
Europe,Northern Europe,Denmark,Capital Region of Denmark,(not set),Ballerup,55.7245,12.3548,20150424,0,1,1,0,0,0.0
Europe,Northern Europe,Lithuania,Vilnius County,(not set),Vilnius,54.6872,25.2797,20150425,0,1,1,1,0,0.0
Europe,Northern Europe,Norway,Oslo,(not set),Oslo,59.9139,10.7522,20150401,0,1,1,1,0,0.0
Europe,Northern Europe,Sweden,Dalarna County,(not set),(not set),0.0000,0.0000,20150427,0,1,1,0,0,0.0
Europe,Northern Europe,Sweden,Vastra Gotaland County,(not set),Gothenburg,57.7089,11.9746,20150427,0,1,1,0,0,0.0
Europe,Northern Europe,United Kingdom,England,HTV West,Trowbridge,51.3197,-2.2089,20150419,0,1,1,1,0,0.0
Europe,Northern Europe,United Kingdom,England,London,London,51.5074,-0.1278,20150420,0,1,1,1,0,0.0
Europe,Northern Europe,United Kingdom,England,London,London,51.5074,-0.1278,20150425,0,2,2,0,0,0.0
Europe,Northern Europe,United Kingdom,England,Midlands,Leicester,52.6369,-1.1398,20150425,0,1,1,1,0,0.0
Europe,Northern Europe,United Kingdom,England,Midlands,Leicester,52.6369,-1.1398,20150426,0,1,1,1,0,0.0
Europe,Northern Europe,United Kingdom,England,Yorkshire,Sheffield,53.3811,-1.4701,20150401,0,1,1,1,0,0.0
Europe,Southern Europe,Croatia,City of Zagreb,(not set),Zagreb,45.8150,15.9819,20150425,0,1,1,1,0,0.0
Europe,Southern Europe,Italy,Veneto,(not set),Vicenza,45.5455,11.5354,20150427,0,1,1,0,0,0.0
Europe,Southern Europe,Spain,Andalusia,(not set),Lebrija,36.9198,-6.0759,20150424,0,1,1,0,0,0.0
Europe,Southern Europe,Spain,Community of Madrid,(not set),Madrid,40.4168,-3.7038,20150417,0,1,1,1,0,0.0
Europe,Southern Europe,Spain,Community of Madrid,(not set),Madrid,40.4168,-3.7038,20150418,0,0,1,1,0,0.0
Europe,Western Europe,Austria,Vienna,(not set),Vienna,48.2082,16.3738,20150423,0,1,1,1,0,0.0
Europe,Western Europe,Austria,Vienna,(not set),Vienna,48.2082,16.3738,20150425,0,1,1,0,0,0.0
Europe,Western Europe,France,Aquitaine,(not set),Pau,43.2951,-0.3708,20150424,0,1,1,0,0,0.0
Europe,Western Europe,France,Midi-Pyrenees,(not set),Albi,43.9251,2.1486,20150421,0,1,1,0,0,0.0
Europe,Western Europe,France,Poitou-Charentes,(not set),Poitiers,46.5802,0.3404,20150424,0,1,1,0,0,0.0
Europe,Western Europe,Germany,Baden-Wurttemberg,(not set),Stuttgart,48.7758,9.1829,20150427,0,2,2,0,0,0.0
Europe,Western Europe,Germany,Bavaria,(not set),Nuremberg,49.4520,11.0768,20150426,0,1,1,1,0,0.0
Europe,Western Europe,Germany,Hamburg,(not set),Hamburg,53.5511,9.9937,20150426,0,1,1,1,0,0.0
Europe,Western Europe,Germany,Lower Saxony,(not set),Buxtehude,53.4675,9.6916,20150418,0,1,1,1,0,0.0
Europe,Western Europe,Germany,Rhineland-Palatinate,(not set),Alzey,49.7462,8.1171,20150425,0,1,1,0,0,0.0
Europe,Western Europe,Netherlands,North Holland,(not set),Amsterdam-Zuidoost,52.3080,4.9715,20150427,0,2,2,2,0,0.0
Europe,Western Europe,Netherlands,North Holland,(not set),Amsterdam-Zuidoost,52.3080,4.9715,20150428,0,2,2,2,0,0.0
Europe,Western Europe,Netherlands,North Holland,(not set),Amsterdam-Zuidoost,52.3080,4.9715,20150429,0,3,3,3,0,0.0
Europe,Western Europe,Netherlands,Utrecht,(not set),IJsselstein,52.0178,5.0403,20150424,0,1,1,0,0,0.0
Europe,Western Europe,Switzerland,Geneva,(not set),Geneva,46.1984,6.1423,20150419,0,1,1,1,0,0.0
Oceania,Australasia,Australia,Australian Capital Territory,(not set),Canberra,-35.2820,149.1287,20150426,0,1,1,1,0,0.0
Oceania,Australasia,Australia,New South Wales,(not set),Sydney,-33.8675,151.2070,20150415,0,1,1,1,0,0.0
Oceania,Australasia,Australia,Queensland,(not set),Brisbane,-27.4710,153.0235,20150418,0,1,1,1,0,0.0
Oceania,Australasia,Australia,Queensland,(not set),Brisbane,-27.4710,153.0235,20150425,0,1,1,0,0,0.0
(not set),(not set),(not set),(not set),(not set),(not set),0.0000,0.0000,20150501,0,1,1,1,0,0.0
(not set),(not set),(not set),(not set),(not set),(not set),0.0000,0.0000,20150503,0,1,1,1,0,0.0
(not set),(not set),(not set),(not set),(not set),(not set),0.0000,0.0000,20150506,0,3,3,0,0,0.0
(not set),(not set),(not set),(not set),(not set),(not set),0.0000,0.0000,20150514,0,1,1,0,0,0.0
(not set),(not set),(not set),(not set),(not set),(not set),0.0000,0.0000,20150516,0,1,1,0,0,0.0
(not set),(not set),(not set),(not set),(not set),(not set),0.0000,0.0000,20150520,0,1,1,0,0,0.0
(not set),(not set),(not set),(not set),(not set),(not set),0.0000,0.0000,20150525,0,2,2,2,0,0.0
(not set),(not set),(not set),(not set),(not set),(not set),0.0000,0.0000,20150526,0,11,11,10,0,0.0
(not set),(not set),(not set),(not set),(not set),(not set),0.0000,0.0000,20150527,0,1,1,0,0,0.0
(not set),(not set),(not set),(not set),(not set),(not set),0.0000,0.0000,20150528,0,24,24,23,0,0.0
(not set),(not set),(not set),(not set),(not set),(not set),0.0000,0.0000,20150529,0,20,20,19,0,0.0
(not set),(not set),(not set),(not set),(not set),(not set),0.0000,0.0000,20150530,0,14,14,14,0,0.0
(not set),(not set),(not set),(not set),(not set),(not set),0.0000,0.0000,20150531,0,14,14,14,0,0.0
Africa,Eastern Africa,Réunion,(not set),(not set),(not set),0.0000,0.0000,20150531,0,1,1,1,0,0.0
Africa,Eastern Africa,Tanzania,(not set),(not set),(not set),0.0000,0.0000,20150518,0,1,1,0,0,0.0
Africa,Northern Africa,Egypt,Alexandria Governorate,(not set),Alexandria,31.2001,29.9187,20150507,0,1,1,0,0,0.0
Africa,Southern Africa,South Africa,Gauteng,(not set),Pretoria,-25.7461,28.1881,20150526,0,1,1,1,0,0.0
Americas,Central America,Mexico,Aguascalientes,(not set),Aguascalientes,21.8853,-102.2916,20150516,0,1,1,0,0,0.0
Americas,Northern America,Canada,Alberta,(not set),Calgary,51.0486,-114.0708,20150529,0,1,1,1,0,0.0
Americas,Northern America,Canada,British Columbia,(not set),North Vancouver,49.3270,-123.0733,20150530,0,1,1,1,0,0.0
Americas,Northern America,Canada,Ontario,(not set),Cornwall,45.0213,-74.7303,20150502,0,2,2,2,0,0.0
Americas,Northern America,Canada,Ontario,(not set),Markham,43.8561,-79.3370,20150528,0,1,1,1,0,0.0
Americas,Northern America,Canada,Ontario,(not set),Toronto,43.6532,-79.3832,20150501,0,1,1,1,0,0.0
Americas,Northern America,Canada,Ontario,(not set),Toronto,43.6532,-79.3832,20150528,0,1,1,1,0,0.0
Americas,Northern America,Canada,Saskatchewan,(not set),Regina,50.4547,-104.6067,20150531,0,1,1,1,0,0.0
Americas,Northern America,United States,(not set),(not set),(not set),0.0000,0.0000,20150502,0,18,19,10,0,0.0
Americas,Northern America,United States,(not set),(not set),(not set),0.0000,0.0000,20150503,0,21,21,12,0,0.0
Americas,Northern America,United States,(not set),(not set),(not set),0.0000,0.0000,20150505,0,27,27,14,0,0.0
Americas,Northern America,United States,(not set),(not set),(not set),0.0000,0.0000,20150506,0,16,16,5,0,0.0
Americas,Northern America,United States,(not set),(not set),(not set),0.0000,0.0000,20150509,0,53,53,27,0,0.0
Americas,Northern America,United States,(not set),(not set),(not set),0.0000,0.0000,20150510,0,17,17,17,0,0.0
Americas,Northern America,United States,(not set),(not set),(not set),0.0000,0.0000,20150513,0,39,39,35,0,0.0
Americas,Northern America,United States,(not set),(not set),(not set),0.0000,0.0000,20150514,0,17,17,16,0,0.0
Americas,Northern America,United States,(not set),(not set),(not set),0.0000,0.0000,20150518,0,70,70,64,0,0.0
Americas,Northern America,United States,(not set),(not set),(not set),0.0000,0.0000,20150520,0,19,19,18,0,0.0
Americas,Northern America,United States,(not set),(not set),(not set),0.0000,0.0000,20150521,0,20,20,18,0,0.0
Americas,Northern America,United States,(not set),(not set),(not set),0.0000,0.0000,20150528,0,2,2,1,0,0.0
Americas,Northern America,United States,(not set),(not set),(not set),0.0000,0.0000,20150530,0,29,29,27,0,0.0
Americas,Northern America,United States,(not set),(not set),(not set),0.0000,0.0000,20150531,0,1,1,0,0,0.0
Americas,Northern America,United States,Arizona,Phoenix AZ,Bullhead City,35.1359,-114.5286,20150529,0,1,1,0,0,0.0
Americas,Northern America,United States,Arizona,Phoenix AZ,Peoria,33.5806,-112.2374,20150531,0,1,1,1,0,0.0
Americas,Northern America,United States,California,(not set),(not set),0.0000,0.0000,20150530,0,1,1,0,0,0.0
Americas,Northern America,United States,California,Los Angeles CA,Irvine,33.6839,-117.7947,20150529,0,1,1,0,0,0.0
Americas,Northern America,United States,California,Los Angeles CA,Los Angeles,34.0522,-118.2437,20150507,0,1,1,0,0,0.0
Americas,Northern America,United States,California,Los Angeles CA,Los Angeles,34.0522,-118.2437,20150529,0,1,1,1,0,0.0
Americas,Northern America,United States,California,Los Angeles CA,Los Angeles,34.0522,-118.2437,20150530,0,1,1,1,0,0.0
Americas,Northern America,United States,California,Los Angeles CA,Ridgecrest,35.6225,-117.6709,20150529,0,1,1,1,0,0.0
Americas,Northern America,United States,California,Los Angeles CA,Seal Beach,33.7414,-118.1048,20150530,0,1,1,1,0,0.0
Americas,Northern America,United States,California,Los Angeles CA,Tustin,33.7458,-117.8262,20150502,0,1,1,1,0,0.0
Americas,Northern America,United States,California,Sacramento-Stockton-Modesto CA,Stockton,37.9577,-121.2908,20150530,0,1,1,1,0,0.0
Americas,Northern America,United States,California,San Diego CA,San Diego,32.7157,-117.1611,20150531,0,1,1,1,0,0.0
Americas,Northern America,United States,California,San Francisco-Oakland-San Jose CA,Oakland,37.8044,-122.2711,20150528,0,1,1,1,0,0.0
Americas,Northern America,United States,California,San Francisco-Oakland-San Jose CA,San Jose,37.3382,-121.8863,20150528,0,1,1,1,0,0.0
Americas,Northern America,United States,Colorado,Denver CO,Denver,39.7392,-104.9902,20150526,0,1,1,1,0,0.0
Americas,Northern America,United States,Colorado,Denver CO,Denver,39.7392,-104.9902,20150531,0,2,2,2,0,0.0
Americas,Northern America,United States,Colorado,Denver CO,Littleton,39.6133,-105.0167,20150530,0,1,1,1,0,0.0
Americas,Northern America,United States,Delaware,Philadelphia PA,Wilmington,39.7391,-75.5398,20150528,0,1,1,0,0,0.0
Americas,Northern America,United States,District of Columbia,Washington DC (Hagerstown MD),Washington,38.9072,-77.0369,20150526,0,1,1,1,0,0.0
Americas,Northern America,United States,Florida,Gainesville FL,Gainesville,29.6516,-82.3248,20150526,0,1,1,1,0,0.0
Americas,Northern America,United States,Georgia,Atlanta GA,Loganville,33.8390,-83.9007,20150526,0,1,1,0,0,0.0
Americas,Northern America,United States,Georgia,Augusta GA,Evans,33.5337,-82.1307,20150526,0,1,1,1,0,0.0
Americas,Northern America,United States,Hawaii,Honolulu HI,Schofield Barracks,21.4955,-158.0627,20150530,0,1,1,1,0,0.0
Americas,Northern America,United States,Illinois,Chicago IL,Chicago,41.8781,-87.6298,20150526,0,1,1,1,0,0.0
Americas,Northern America,United States,Illinois,Chicago IL,Chicago,41.8781,-87.6298,20150528,0,1,1,1,0,0.0
Americas,Northern America,United States,Illinois,Chicago IL,Chicago,41.8781,-87.6298,20150529,0,1,1,1,0,0.0
Americas,Northern America,United States,Illinois,Chicago IL,Chicago,41.8781,-87.6298,20150530,0,1,1,1,0,0.0
Americas,Northern America,United States,Illinois,Chicago IL,Elmhurst,41.8995,-87.9403,20150529,0,1,1,1,0,0.0
Americas,Northern America,United States,Illinois,Chicago IL,Evanston,42.0451,-87.6877,20150530,0,1,1,1,0,0.0
Americas,Northern America,United States,Indiana,Chicago IL,Crown Point,41.4170,-87.3653,20150526,0,1,1,1,0,0.0
Americas,Northern America,United States,Kentucky,Nashville TN,Franklin,36.7223,-86.5772,20150531,0,1,1,1,0,0.0
Americas,Northern America,United States,Maryland,Baltimore MD,Millersville,39.0575,-76.6486,20150530,0,1,1,1,0,0.0
Americas,Northern America,United States,Massachusetts,Boston MA-Manchester NH,Boston,42.3601,-71.0589,20150526,0,1,1,1,0,0.0
Americas,Northern America,United States,Massachusetts,Boston MA-Manchester NH,Waltham,42.3765,-71.2356,20150509,0,1,1,0,0,0.0
Americas,Northern America,United States,Massachusetts,Boston MA-Manchester NH,Wellesley,42.2968,-71.2924,20150531,0,1,1,1,0,0.0
Americas,Northern America,United States,Michigan,Detroit MI,Troy,42.6064,-83.1498,20150523,0,1,1,1,0,0.0
Americas,Northern America,United States,Michigan,Lansing MI,East Lansing,42.7370,-84.4839,20150530,0,1,1,0,0,0.0
Americas,Northern America,United States,Minnesota,Minneapolis-St. Paul MN,Eagan,44.8041,-93.1669,20150530,0,1,1,1,0,0.0
Americas,Northern America,United States,Minnesota,Minneapolis-St. Paul MN,Paynesville,45.3768,-94.7236,20150530,0,1,1,1,0,0.0
Americas,Northern America,United States,Minnesota,Minneapolis-St. Paul MN,Saint Paul,44.9537,-93.0900,20150528,0,1,1,1,0,0.0
Americas,Northern America,United States,Missouri,Springfield MO,Branson,36.6437,-93.2185,20150528,0,1,1,1,0,0.0
Americas,Northern America,United States,Missouri,St. Louis MO,Town and Country,38.6123,-90.4635,20150529,0,1,1,1,0,0.0
Americas,Northern America,United States,New Jersey,New York NY,Franklin Township,40.4934,-74.5229,20150528,0,1,1,1,0,0.0
Americas,Northern America,United States,New York,Albany-Schenectady-Troy NY,Albany,42.6526,-73.7562,20150528,0,1,1,0,0,0.0
Americas,Northern America,United States,New York,New York NY,Freeport,40.6576,-73.5832,20150502,0,1,1,1,0,0.0
Americas,Northern America,United States,New York,New York NY,New York,40.7128,-74.0059,20150526,0,1,1,1,0,0.0
Americas,Northern America,United States,New York,New York NY,New York,40.7128,-74.0059,20150529,0,4,4,3,0,0.0
Americas,Northern America,United States,New York,New York NY,New York,40.7128,-74.0059,20150531,0,1,1,1,0,0.0
Americas,Northern America,United States,New York,Syracuse NY,Ithaca,42.4440,-76.5019,20150528,0,1,1,1,0,0.0
Americas,Northern America,United States,North Carolina,Charlotte NC,Boiling Springs,35.2543,-81.6670,20150528,0,1,1,1,0,0.0
Americas,Northern America,United States,North Carolina,Raleigh-Durham (Fayetteville) NC,Raleigh,35.7796,-78.6382,20150528,0,1,1,1,0,0.0
Americas,Northern America,United States,North Carolina,Wilmington NC,Leland,34.2563,-78.0447,20150502,0,1,1,1,0,0.0
Americas,Northern America,United States,North Dakota,Fargo-Valley City ND,Carrington,47.4497,-99.1262,20150526,0,1,1,1,0,0.0
Americas,Northern America,United States,Oregon,Yakima-Pasco-Richland-Kennewick WA,Boardman,45.8399,-119.7006,20150529,0,1,1,1,0,0.0
Americas,Northern America,United States,Pennsylvania,Philadelphia PA,Chester,39.8496,-75.3557,20150526,0,1,1,1,0,0.0
Americas,Northern America,United States,Pennsylvania,Philadelphia PA,Philadelphia,39.9526,-75.1652,20150526,0,1,1,1,0,0.0
Americas,Northern America,United States,Pennsylvania,Philadelphia PA,Philadelphia,39.9526,-75.1652,20150531,0,2,2,2,0,0.0
Americas,Northern America,United States,Pennsylvania,Pittsburgh PA,Indiana,40.6215,-79.1525,20150531,0,1,1,1,0,0.0
Americas,Northern America,United States,Rhode Island,Providence-New Bedford MA,Narragansett,41.4501,-71.4495,20150531,0,1,1,1,0,0.0
Americas,Northern America,United States,Texas,Abilene-Sweetwater TX,Abilene,32.4487,-99.7331,20150528,0,1,1,0,0,0.0
Americas,Northern America,United States,Texas,Dallas-Ft. Worth TX,Dallas,32.7767,-96.7970,20150526,0,1,1,1,0,0.0
Americas,Northern America,United States,Texas,Dallas-Ft. Worth TX,Dallas,32.7767,-96.7970,20150531,0,1,1,1,0,0.0
Americas,Northern America,United States,Texas,Houston TX,Houston,29.7604,-95.3698,20150526,0,1,1,1,0,0.0
Americas,Northern America,United States,Texas,Houston TX,Houston,29.7604,-95.3698,20150529,0,3,3,3,0,0.0
Americas,Northern America,United States,Texas,Houston TX,Houston,29.7604,-95.3698,20150530,0,1,1,1,0,0.0
Americas,Northern America,United States,Texas,Houston TX,Houston,29.7604,-95.3698,20150531,0,1,1,1,0,0.0
Americas,Northern America,United States,Utah,Salt Lake City UT,Salt Lake City,40.7608,-111.8910,20150528,0,1,1,0,0,0.0
Americas,Northern America,United States,Virginia,Charlottesville VA,Charlottesville,38.0293,-78.4767,20150531,0,1,1,1,0,0.0
Americas,Northern America,United States,Virginia,Richmond-Petersburg VA,Richmond,37.5407,-77.4361,20150530,0,1,1,1,0,0.0
Americas,Northern America,United States,Virginia,Washington DC (Hagerstown MD),Alexandria,38.8048,-77.0469,20150509,0,1,1,0,0,0.0
Americas,Northern America,United States,Virginia,Washington DC (Hagerstown MD),Ashburn,39.0438,-77.4874,20150520,0,1,1,0,0,0.0
Americas,Northern America,United States,Virginia,Washington DC (Hagerstown MD),Fort Belvoir,38.7189,-77.1543,20150530,0,1,1,1,0,0.0
Americas,Northern America,United States,Virginia,Washington DC (Hagerstown MD),Fort Belvoir,38.7189,-77.1543,20150531,0,1,1,1,0,0.0
Americas,Northern America,United States,Virginia,Washington DC (Hagerstown MD),Newington,38.7384,-77.1850,20150528,0,1,1,1,0,0.0
Americas,Northern America,United States,Washington,Seattle-Tacoma WA,Redmond,47.6740,-122.1215,20150529,0,1,1,1,0,0.0
Americas,Northern America,United States,Washington,Seattle-Tacoma WA,Redmond,47.6740,-122.1215,20150531,0,1,1,1,0,0.0
Americas,Northern America,United States,Wisconsin,Madison WI,Madison,43.0731,-89.4012,20150528,0,1,1,1,0,0.0
Americas,South America,Brazil,State of Amazonas,(not set),Manaus,-3.1189,-60.0215,20150509,0,1,1,0,0,0.0
Americas,South America,Brazil,State of Bahia,(not set),Salvador,-12.9722,-38.5014,20150529,0,1,1,1,0,0.0
Americas,South America,Brazil,State of Rio de Janeiro,(not set),Rio de Janeiro,-22.9083,-43.1970,20150530,0,1,1,1,0,0.0
Americas,South America,Brazil,State of Sao Paulo,(not set),Sao Paulo,-23.5505,-46.6333,20150530,0,1,1,1,0,0.0
Americas,South America,Brazil,State of Sao Paulo,(not set),Sao Paulo,-23.5505,-46.6333,20150531,0,2,2,2,0,0.0
Americas,South America,Chile,Los Lagos,(not set),Osorno,-40.5745,-73.1319,20150529,0,1,1,1,0,0.0
Americas,South America,Paraguay,(not set),(not set),(not set),0.0000,0.0000,20150526,0,1,1,1,0,0.0
Asia,Eastern Asia,China,Beijing,(not set),Beijing,39.9042,116.4074,20150518,0,1,1,1,0,0.0
Asia,Eastern Asia,China,Beijing,(not set),Beijing,39.9042,116.4074,20150528,0,2,2,2,0,0.0
Asia,Eastern Asia,China,Beijing,(not set),Beijing,39.9042,116.4074,20150529,0,1,1,1,0,0.0
Asia,Eastern Asia,China,Chongqing,(not set),Chongqing,29.5630,106.5516,20150529,0,1,1,1,0,0.0
Asia,Eastern Asia,China,Guangdong Province,(not set),Guangzhou,23.1291,113.2644,20150524,0,1,1,0,0,0.0
Asia,Eastern Asia,China,Guangdong Province,(not set),Guangzhou,23.1291,113.2644,20150528,0,1,1,1,0,0.0
Asia,Eastern Asia,China,Guangdong Province,(not set),Guangzhou,23.1291,113.2644,20150530,0,1,1,1,0,0.0
Asia,Eastern Asia,China,Guangxi,(not set),Hechi,24.6929,108.0853,20150528,0,1,1,0,0,0.0
Asia,Eastern Asia,China,Hainan,(not set),Haikou,20.0440,110.1983,20150530,0,1,1,1,0,0.0
Asia,Eastern Asia,China,Hebei,(not set),Handan,36.6257,114.5390,20150506,0,1,1,1,0,0.0
Asia,Eastern Asia,China,Heilongjiang,(not set),Jiamusi,46.7998,130.3189,20150526,0,1,1,1,0,0.0
Asia,Eastern Asia,China,Henan,(not set),Anyang,36.0976,114.3924,20150517,0,1,1,0,0,0.0
Asia,Eastern Asia,China,Henan,(not set),Zhengzhou,34.7470,113.6258,20150529,0,1,1,1,0,0.0
Asia,Eastern Asia,China,Hubei,(not set),(not set),0.0000,0.0000,20150528,0,1,1,1,0,0.0
Asia,Eastern Asia,China,Inner Mongolia,(not set),Hohhot,40.8426,111.7492,20150529,0,1,1,1,0,0.0
Asia,Eastern Asia,China,Jiangsu,(not set),Nanjing,32.0603,118.7969,20150526,0,1,1,1,0,0.0
Asia,Eastern Asia,China,Jiangsu,(not set),Suzhou,31.2990,120.5853,20150530,0,1,1,1,0,0.0
Asia,Eastern Asia,China,Shanghai,(not set),Shanghai,31.2304,121.4737,20150515,0,1,1,0,0,0.0
Asia,Eastern Asia,China,Shanghai,(not set),Shanghai,31.2304,121.4737,20150528,0,1,1,1,0,0.0
Asia,Eastern Asia,China,Xinjiang,(not set),Ili,43.9168,81.3241,20150531,0,1,1,1,0,0.0
Asia,Eastern Asia,China,Zhejiang,(not set),Huzhou,30.8943,120.0868,20150531,0,1,1,1,0,0.0
Asia,Eastern Asia,China,Zhejiang,(not set),Taizhou,28.6564,121.4208,20150528,0,1,1,0,0,0.0
Asia,Eastern Asia,Hong Kong,(not set),(not set),Hong Kong,22.2800,114.1588,20150517,0,1,1,0,0,0.0
Asia,Eastern Asia,Japan,Fukushima,JP_OTHER,Sukagawa,37.2929,140.3570,20150530,0,1,1,1,0,0.0
Asia,Eastern Asia,Japan,Ishikawa,JP_OTHER,Kanazawa,36.5613,136.6562,20150507,0,1,1,0,0,0.0
Asia,Eastern Asia,Japan,Ishikawa,JP_OTHER,Komatsu,36.4084,136.4456,20150528,0,1,1,0,0,0.0
Asia,Eastern Asia,Japan,Kanagawa,JP_KANTO,Yokohama,35.4437,139.6380,20150531,0,1,1,1,0,0.0
Asia,Eastern Asia,Japan,Osaka,JP_KINKI,Osaka,34.6937,135.5022,20150502,0,1,1,1,0,0.0
Asia,Eastern Asia,Japan,Osaka,JP_KINKI,Osaka,34.6937,135.5022,20150529,0,1,1,1,0,0.0
Asia,Eastern Asia,Japan,Tokyo,(not set),(not set),0.0000,0.0000,20150530,0,1,1,1,0,0.0
Asia,Eastern Asia,Japan,Tokyo,JP_KANTO,Chiyoda City,35.6940,139.7536,20150528,0,1,1,1,0,0.0
Asia,Eastern Asia,Japan,Tokyo,JP_KANTO,Chuo City,35.6707,139.7719,20150526,0,1,1,1,0,0.0
Asia,Eastern Asia,Japan,Tokyo,JP_KANTO,Chuo City,35.6707,139.7719,20150529,0,1,1,1,0,0.0
Asia,Eastern Asia,South Korea,Gangwon-do,(not set),Hongcheon-gun,37.6969,127.8887,20150526,0,1,1,1,0,0.0
Asia,Eastern Asia,South Korea,Incheon,(not set),Incheon,37.4563,126.7052,20150529,0,1,1,1,0,0.0
Asia,Eastern Asia,South Korea,Seoul,(not set),Seoul,37.5665,126.9780,20150506,0,1,1,1,0,0.0
Asia,Eastern Asia,South Korea,Seoul,(not set),Seoul,37.5665,126.9780,20150529,0,1,1,1,0,0.0
Asia,Eastern Asia,South Korea,Seoul,(not set),Seoul,37.5665,126.9780,20150530,0,1,1,1,0,0.0
Asia,Eastern Asia,Taiwan,Kaohsiung City,(not set),(not set),0.0000,0.0000,20150531,0,1,1,1,0,0.0
Asia,Eastern Asia,Taiwan,Nantou County,(not set),Caotun Township,23.9934,120.7235,20150531,0,1,1,1,0,0.0
Asia,Eastern Asia,Taiwan,Tainan City,(not set),(not set),0.0000,0.0000,20150530,0,1,1,0,0,0.0
Asia,Eastern Asia,Taiwan,Taipei City,(not set),(not set),0.0000,0.0000,20150502,0,1,1,1,0,0.0
Asia,Eastern Asia,Taiwan,Taipei City,(not set),(not set),0.0000,0.0000,20150528,0,1,1,1,0,0.0
Asia,Southeast Asia,Thailand,Nakhon Ratchasima,(not set),Mueang Nakhon Ratchasima District,14.9799,102.0978,20150528,0,1,1,1,0,0.0
Asia,Southern Asia,India,Delhi,(not set),New Delhi,28.6139,77.2090,20150530,0,1,1,1,0,0.0
Asia,Southern Asia,India,Gujarat,(not set),Ahmedabad,23.0225,72.5714,20150528,0,1,1,1,0,0.0
Asia,Southern Asia,India,Punjab,(not set),Chandigarh,30.7333,76.7794,20150502,0,1,1,1,0,0.0
Asia,Western Asia,Jordan,(not set),(not set),Amã,31.9494,35.9329,20150516,0,1,1,0,0,0.0
Asia,Western Asia,Oman,(not set),(not set),Muscat,23.6142,58.5908,20150528,0,1,1,1,0,0.0
Asia,Western Asia,Palestine,(not set),(not set),(not set),0.0000,0.0000,20150528,0,1,1,1,0,0.0
Asia,Western Asia,Saudi Arabia,Makkah Province,(not set),Jeddah,21.5433,39.1728,20150528,0,1,1,1,0,0.0
Europe,Eastern Europe,Bulgaria,Sliven Province,(not set),Sliven,42.6817,26.3229,20150528,0,1,1,1,0,0.0
Europe,Eastern Europe,Czechia,South Moravian Region,(not set),Boskovice,49.4875,16.6600,20150502,0,1,1,1,0,0.0
Europe,Eastern Europe,Poland,Masovian Voivodeship,(not set),Warsaw,52.2297,21.0122,20150529,0,1,1,1,0,0.0
Europe,Eastern Europe,Russia,Belgorod Oblast,(not set),Belgorod,50.5997,36.5983,20150529,0,1,1,1,0,0.0
Europe,Eastern Europe,Russia,Chelyabinsk Oblast,(not set),Chelyabinsk,55.1644,61.4368,20150531,0,1,1,1,0,0.0
Europe,Eastern Europe,Russia,Moscow,(not set),Moscow,55.7558,37.6173,20150526,0,1,1,1,0,0.0
Europe,Eastern Europe,Russia,Republic of Bashkortostan,(not set),Ufa,54.7388,55.9721,20150502,0,1,1,1,0,0.0
Europe,Eastern Europe,Russia,Republic of Karelia,(not set),(not set),0.0000,0.0000,20150501,0,1,1,1,0,0.0
Europe,Eastern Europe,Russia,Republic of Karelia,(not set),(not set),0.0000,0.0000,20150502,0,1,1,1,0,0.0
Europe,Eastern Europe,Russia,Samara Oblast,(not set),Samara,53.2028,50.1408,20150502,0,0,2,2,0,0.0
Europe,Eastern Europe,Russia,Samara Oblast,(not set),Samara,53.2028,50.1408,20150513,0,0,1,0,0,0.0
Europe,Eastern Europe,Russia,Samara Oblast,(not set),Samara,53.2028,50.1408,20150519,0,0,7,5,0,0.0
Europe,Eastern Europe,Russia,Samara Oblast,(not set),Samara,53.2028,50.1408,20150520,0,0,11,7,0,0.0
Europe,Eastern Europe,Russia,Samara Oblast,(not set),Samara,53.2028,50.1408,20150521,0,0,9,6,0,0.0
Europe,Eastern Europe,Russia,Samara Oblast,(not set),Samara,53.2028,50.1408,20150522,0,0,1,0,0,0.0
Europe,Eastern Europe,Russia,Samara Oblast,(not set),Samara,53.2028,50.1408,20150525,0,0,6,5,0,0.0
Europe,Eastern Europe,Russia,Samara Oblast,(not set),Samara,53.2028,50.1408,20150526,0,0,13,9,0,0.0
Europe,Eastern Europe,Russia,Samara Oblast,(not set),Samara,53.2028,50.1408,20150527,0,0,7,4,0,0.0
Europe,Eastern Europe,Russia,Samara Oblast,(not set),Samara,53.2028,50.1408,20150528,0,0,4,4,0,0.0
Europe,Eastern Europe,Russia,Samara Oblast,(not set),Samara,53.2028,50.1408,20150529,0,0,1,0,0,0.0
Europe,Eastern Europe,Russia,Samara Oblast,(not set),Samara,53.2028,50.1408,20150531,0,0,2,1,0,0.0
Europe,Eastern Europe,Russia,Sverdlovsk Oblast,(not set),(not set),0.0000,0.0000,20150502,0,1,1,1,0,0.0
Europe,Eastern Europe,Slovakia,Bratislava Region,(not set),Bratislava,48.1459,17.1071,20150502,0,1,1,1,0,0.0
Europe,Eastern Europe,Ukraine,Kyiv city,(not set),Kyiv,50.4501,30.5234,20150501,0,1,1,1,0,0.0
Europe,Eastern Europe,Ukraine,Kyiv city,(not set),Kyiv,50.4501,30.5234,20150530,0,1,1,1,0,0.0
Europe,Eastern Europe,Ukraine,Mykolaiv Oblast,(not set),Mykolaiv,46.9750,31.9946,20150502,0,1,1,1,0,0.0
Europe,Eastern Europe,Ukraine,Sevastopol,(not set),Sevastopol,44.6166,33.5254,20150526,0,1,1,1,0,0.0
Europe,Northern Europe,Norway,Troms,(not set),(not set),0.0000,0.0000,20150531,0,1,1,1,0,0.0
Europe,Northern Europe,Sweden,(not set),(not set),(not set),0.0000,0.0000,20150526,0,1,1,1,0,0.0
Europe,Northern Europe,Sweden,Ostergotland County,(not set),Linkoping,58.4108,15.6214,20150526,0,1,1,1,0,0.0
Europe,Northern Europe,Sweden,Uppsala County,(not set),Balsta,59.5669,17.5301,20150502,0,2,2,2,0,0.0
Europe,Northern Europe,United Kingdom,England,(not set),Bootle,53.4433,-2.9989,20150502,0,1,1,1,0,0.0
Europe,Northern Europe,United Kingdom,England,(not set),Farnham,51.2143,-0.7988,20150529,0,1,1,1,0,0.0
Europe,Northern Europe,United Kingdom,England,(not set),Gateshead,54.9527,-1.6034,20150530,0,1,1,1,0,0.0
Europe,Northern Europe,United Kingdom,England,(not set),Stockton-on-Tees,54.5705,-1.3290,20150501,0,1,1,1,0,0.0
Europe,Northern Europe,United Kingdom,England,(not set),Sutton-in-Ashfield,53.1269,-1.2625,20150530,0,1,1,1,0,0.0
Europe,Northern Europe,United Kingdom,England,East Of England,Peterborough,52.5695,-0.2405,20150529,0,1,1,1,0,0.0
Europe,Northern Europe,United Kingdom,England,London,High Wycombe,51.6286,-0.7482,20150502,0,1,1,1,0,0.0
Europe,Northern Europe,United Kingdom,England,London,London,51.5074,-0.1278,20150530,0,1,1,1,0,0.0
Europe,Northern Europe,United Kingdom,England,London,London,51.5074,-0.1278,20150531,0,1,1,1,0,0.0
Europe,Northern Europe,United Kingdom,England,London,Maidenhead,51.5224,-0.7219,20150502,0,1,1,1,0,0.0
Europe,Northern Europe,United Kingdom,England,London,Slough,51.5105,-0.5950,20150528,0,1,1,1,0,0.0
Europe,Northern Europe,United Kingdom,England,Meridian (exc. Channel Islands),Brighton,50.8225,-0.1372,20150530,0,1,1,1,0,0.0
Europe,Northern Europe,United Kingdom,England,Meridian (exc. Channel Islands),Fareham,50.8548,-1.1866,20150528,0,1,1,1,0,0.0
Europe,Northern Europe,United Kingdom,England,Midlands,Bakewell,53.2152,-1.6762,20150529,0,1,1,1,0,0.0
Europe,Northern Europe,United Kingdom,England,Midlands,Gloucester,51.8642,-2.2382,20150501,0,2,2,2,0,0.0
Europe,Northern Europe,United Kingdom,England,Midlands,Gloucester,51.8642,-2.2382,20150502,0,2,2,2,0,0.0
Europe,Northern Europe,United Kingdom,England,Yorkshire,Barnsley,53.5526,-1.4797,20150528,0,1,1,1,0,0.0
Europe,Southern Europe,Croatia,City of Zagreb,(not set),Zagreb,45.8150,15.9819,20150530,0,1,1,1,0,0.0
Europe,Southern Europe,Italy,Basilicata,(not set),Matera,40.6664,16.6043,20150531,0,1,1,1,0,0.0
Europe,Southern Europe,Italy,Emilia-Romagna,(not set),Bologna,44.4949,11.3426,20150529,0,1,1,1,0,0.0
Europe,Southern Europe,Italy,Lombardy,(not set),Casalmaggiore,44.9883,10.4196,20150526,0,1,1,1,0,0.0
Europe,Southern Europe,Italy,Sicily,(not set),Acireale,37.6078,15.1667,20150528,0,1,1,1,0,0.0
Europe,Southern Europe,Italy,Tuscany,(not set),Florence,43.7696,11.2558,20150531,0,1,1,1,0,0.0
Europe,Southern Europe,North Macedonia,(not set),(not set),Skopje,42.0000,21.4333,20150529,0,1,1,0,0,0.0
Europe,Southern Europe,Slovenia,Ljubljana,(not set),Ljubljana,46.0569,14.5058,20150529,0,1,1,1,0,0.0
Europe,Southern Europe,Spain,Valencian Community,(not set),Valencia,39.4699,-0.3763,20150528,0,1,1,1,0,0.0
Europe,Western Europe,France,Burgundy,(not set),Digoin,46.4808,3.9794,20150530,0,1,1,1,0,0.0
Europe,Western Europe,France,Ile-de-France,(not set),Champigny-sur-Marne,48.8171,2.5156,20150501,0,1,1,1,0,0.0
Europe,Western Europe,France,Ile-de-France,(not set),Montfermeil,48.9020,2.5708,20150502,0,1,1,1,0,0.0
Europe,Western Europe,France,Ile-de-France,(not set),Paris,48.8566,2.3522,20150502,0,1,1,1,0,0.0
Europe,Western Europe,France,Ile-de-France,(not set),Paris,48.8566,2.3522,20150528,0,2,2,2,0,0.0
Europe,Western Europe,France,Lorraine,(not set),Nancy,48.6921,6.1844,20150531,0,1,1,1,0,0.0
Europe,Western Europe,France,Nord-Pas-de-Calais,(not set),Hautmont,50.2470,3.9171,20150529,0,1,1,1,0,0.0
Europe,Western Europe,France,Nord-Pas-de-Calais,(not set),Lille,50.6292,3.0573,20150502,0,1,1,1,0,0.0
Europe,Western Europe,France,Provence-Alpes-Cote d'Azur,(not set),(not set),0.0000,0.0000,20150528,0,1,1,0,0,0.0
Europe,Western Europe,France,Provence-Alpes-Cote d'Azur,(not set),Avignon,43.9493,4.8055,20150528,0,1,1,1,0,0.0
Europe,Western Europe,France,Rhone-Alpes,(not set),Grenoble,45.1885,5.7245,20150502,0,1,1,1,0,0.0
Europe,Western Europe,Germany,Baden-Wurttemberg,(not set),Friedrichshafen,47.6618,9.4800,20150501,0,1,1,1,0,0.0
Europe,Western Europe,Germany,Baden-Wurttemberg,(not set),Heidelberg,49.3988,8.6724,20150529,0,1,1,1,0,0.0
Europe,Western Europe,Germany,Baden-Wurttemberg,(not set),Neckarsulm,49.1923,9.2287,20150531,0,1,1,1,0,0.0
Europe,Western Europe,Germany,Baden-Wurttemberg,(not set),Stuttgart,48.7758,9.1829,20150528,0,2,2,2,0,0.0
Europe,Western Europe,Germany,Bavaria,(not set),Munich,48.1351,11.5820,20150501,0,1,1,1,0,0.0
Europe,Western Europe,Germany,Berlin,(not set),Berlin,52.5200,13.4050,20150502,0,1,1,1,0,0.0
Europe,Western Europe,Germany,Hessen,(not set),Hofheim,50.0842,8.4432,20150502,0,1,1,1,0,0.0
Europe,Western Europe,Germany,Lower Saxony,(not set),Braunschweig,52.2689,10.5268,20150502,0,1,1,1,0,0.0
Europe,Western Europe,Germany,Lower Saxony,(not set),Hanover,52.3759,9.7320,20150517,0,1,1,0,0,0.0
Europe,Western Europe,Germany,North Rhine-Westphalia,(not set),Hennef,50.7833,7.2833,20150502,0,1,1,1,0,0.0
Europe,Western Europe,Germany,North Rhine-Westphalia,(not set),Mulheim,51.4186,6.8845,20150526,0,1,1,0,0,0.0
Europe,Western Europe,Germany,Rhineland-Palatinate,(not set),Trier,49.7500,6.6371,20150502,0,1,1,1,0,0.0
Europe,Western Europe,Germany,Schleswig-Holstein,(not set),Kiel,54.3233,10.1228,20150529,0,1,1,1,0,0.0
Europe,Western Europe,Netherlands,(not set),(not set),(not set),0.0000,0.0000,20150502,0,2,2,2,0,0.0
Europe,Western Europe,Netherlands,Gelderland,(not set),Putten,52.2587,5.6054,20150530,0,1,1,1,0,0.0
Europe,Western Europe,Netherlands,North Brabant,(not set),Helmond,51.4793,5.6570,20150530,0,1,1,1,0,0.0
Europe,Western Europe,Netherlands,North Holland,(not set),IJmuiden,52.4570,4.6060,20150502,0,1,1,1,0,0.0
Europe,Western Europe,Netherlands,South Holland,(not set),The Hague,52.0705,4.3007,20150526,0,1,1,1,0,0.0
Europe,Western Europe,Netherlands,Utrecht,(not set),Utrecht,52.0907,5.1214,20150529,0,1,1,1,0,0.0
Europe,Western Europe,Switzerland,Canton of Bern,(not set),Bern,46.9479,7.4446,20150526,0,1,1,1,0,0.0
Europe,Western Europe,Switzerland,Schwyz,(not set),Kussnacht,47.0844,8.4432,20150530,0,2,2,2,0,0.0
Europe,Western Europe,Switzerland,St. Gallen,(not set),Wil,47.4636,9.0479,20150502,0,2,2,2,0,0.0
Oceania,Australasia,Australia,New South Wales,(not set),Sydney,-33.8675,151.2070,20150526,0,2,2,1,0,0.0
Oceania,Australasia,Australia,Queensland,(not set),Brisbane,-27.4710,153.0235,20150531,0,1,1,1,0,0.0
(not set),(not set),(not set),(not set),(not set),(not set),0.0000,0.0000,20150601,0,24,24,23,0,0.0
(not set),(not set),(not set),(not set),(not set),(not set),0.0000,0.0000,20150602,0,3,3,3,0,0.0
(not set),(not set),(not set),(not set),(not set),(not set),0.0000,0.0000,20150603,0,14,14,14,0,0.0
(not set),(not set),(not set),(not set),(not set),(not set),0.0000,0.0000,20150604,0,36,36,36,0,0.0
(not set),(not set),(not set),(not set),(not set),(not set),0.0000,0.0000,20150605,0,1,1,0,0,0.0
(not set),(not set),(not set),(not set),(not set),(not set),0.0000,0.0000,20150606,0,2,2,2,0,0.0
(not set),(not set),(not set),(not set),(not set),(not set),0.0000,0.0000,20150608,0,15,15,15,0,0.0
(not set),(not set),(not set),(not set),(not set),(not set),0.0000,0.0000,20150609,0,11,11,11,0,0.0
(not set),(not set),(not set),(not set),(not set),(not set),0.0000,0.0000,20150613,0,11,11,11,0,0.0
(not set),(not set),(not set),(not set),(not set),(not set),0.0000,0.0000,20150614,0,6,6,6,0,0.0
(not set),(not set),(not set),(not set),(not set),(not set),0.0000,0.0000,20150616,0,12,12,11,0,0.0
Africa,Eastern Africa,Mauritius,(not set),(not set),Port Louis,-20.1667,57.5167,20150616,0,1,1,1,0,0.0
Africa,Northern Africa,Egypt,Alexandria Governorate,(not set),Alexandria,31.2001,29.9187,20150604,0,1,1,1,0,0.0
Africa,Northern Africa,Egypt,Cairo Governorate,(not set),Cairo,30.0444,31.2357,20150601,0,1,1,1,0,0.0
Africa,Southern Africa,South Africa,Gauteng,(not set),Johannesburg,-26.2041,28.0473,20150616,0,1,1,0,0,0.0
Africa,Southern Africa,South Africa,Gauteng,(not set),Pretoria,-25.7461,28.1881,20150604,0,1,1,1,0,0.0
Americas,Caribbean,Puerto Rico,(not set),(not set),San Juan,18.4663,-66.1057,20150604,0,1,1,1,0,0.0
Americas,Central America,Mexico,Mexico City,(not set),Mexico City,19.4326,-99.1332,20150604,0,1,1,1,0,0.0
Americas,Central America,Mexico,Nuevo Leon,(not set),Monterrey,25.6866,-100.3161,20150604,0,1,1,1,0,0.0
Americas,Northern America,Canada,British Columbia,(not set),Burnaby,49.2667,-122.9667,20150603,0,1,1,1,0,0.0
Americas,Northern America,Canada,New Brunswick,(not set),Fredericton,45.9636,-66.6431,20150601,0,1,1,1,0,0.0
Americas,Northern America,Canada,Ontario,(not set),Markham,43.8561,-79.3370,20150616,0,1,1,1,0,0.0
Americas,Northern America,Canada,Ontario,(not set),Ottawa,45.4215,-75.6972,20150603,0,1,1,1,0,0.0
Americas,Northern America,United States,(not set),(not set),(not set),0.0000,0.0000,20150601,0,1,1,1,0,0.0
Americas,Northern America,United States,(not set),(not set),(not set),0.0000,0.0000,20150604,0,23,23,23,0,0.0
Americas,Northern America,United States,(not set),(not set),(not set),0.0000,0.0000,20150607,0,50,50,50,0,0.0
Americas,Northern America,United States,(not set),(not set),(not set),0.0000,0.0000,20150608,0,2,2,2,0,0.0
Americas,Northern America,United States,(not set),(not set),(not set),0.0000,0.0000,20150613,0,2,2,2,0,0.0
Americas,Northern America,United States,(not set),(not set),(not set),0.0000,0.0000,20150614,0,1,1,1,0,0.0
Americas,Northern America,United States,(not set),(not set),(not set),0.0000,0.0000,20150616,0,2,2,2,0,0.0
Americas,Northern America,United States,California,Los Angeles CA,Los Angeles,34.0522,-118.2437,20150601,0,2,2,2,0,0.0
Americas,Northern America,United States,California,Los Angeles CA,Los Angeles,34.0522,-118.2437,20150604,0,2,2,2,0,0.0
Americas,Northern America,United States,California,Los Angeles CA,Los Angeles,34.0522,-118.2437,20150616,0,1,1,1,0,0.0
Americas,Northern America,United States,California,Los Angeles CA,Marina del Rey,33.9803,-118.4518,20150602,0,1,1,0,0,0.0
Americas,Northern America,United States,California,San Diego CA,Oceanside,33.1959,-117.3795,20150603,0,1,1,1,0,0.0
Americas,Northern America,United States,California,San Diego CA,San Diego,32.7157,-117.1611,20150603,0,1,1,1,0,0.0
Americas,Northern America,United States,California,San Diego CA,San Diego,32.7157,-117.1611,20150613,0,1,1,1,0,0.0
Americas,Northern America,United States,California,San Diego CA,San Diego,32.7157,-117.1611,20150614,0,1,1,1,0,0.0
Americas,Northern America,United States,California,San Francisco-Oakland-San Jose CA,Livermore,37.6819,-121.7680,20150604,0,1,1,1,0,0.0
Americas,Northern America,United States,California,San Francisco-Oakland-San Jose CA,San Francisco,37.7749,-122.4194,20150603,0,1,1,1,0,0.0
Americas,Northern America,United States,California,San Francisco-Oakland-San Jose CA,San Francisco,37.7749,-122.4194,20150613,0,1,1,1,0,0.0
Americas,Northern America,United States,California,San Francisco-Oakland-San Jose CA,Sunnyvale,37.3688,-122.0364,20150608,0,1,1,1,0,0.0
Americas,Northern America,United States,Colorado,Denver CO,Denver,39.7392,-104.9902,20150602,0,1,1,1,0,0.0
Americas,Northern America,United States,Colorado,Denver CO,Denver,39.7392,-104.9902,20150604,0,1,1,1,0,0.0
Americas,Northern America,United States,Connecticut,Hartford & New Haven CT,Manchester,41.7759,-72.5215,20150606,0,1,1,1,0,0.0
Americas,Northern America,United States,Connecticut,New York NY,Bridgeport,41.1865,-73.1952,20150603,0,1,1,1,0,0.0
Americas,Northern America,United States,District of Columbia,Washington DC (Hagerstown MD),Washington,38.9072,-77.0369,20150601,0,1,1,1,0,0.0
Americas,Northern America,United States,Florida,Jacksonville FL,Jacksonville,30.3322,-81.6556,20150604,0,1,1,1,0,0.0
Americas,Northern America,United States,Florida,Orlando-Daytona Beach-Melbourne FL,Doctor Phillips,28.4494,-81.4923,20150616,0,1,1,1,0,0.0
Americas,Northern America,United States,Florida,Orlando-Daytona Beach-Melbourne FL,Palm Coast,29.5845,-81.2079,20150616,0,1,1,1,0,0.0
Americas,Northern America,United States,Georgia,Atlanta GA,Flowery Branch,34.1851,-83.9252,20150604,0,1,1,1,0,0.0
Americas,Northern America,United States,Georgia,Augusta GA,Augusta,33.4735,-82.0105,20150602,0,1,1,1,0,0.0
Americas,Northern America,United States,Idaho,Boise ID,Boise,43.6187,-116.2146,20150608,0,1,1,1,0,0.0
Americas,Northern America,United States,Illinois,Chicago IL,Chicago,41.8781,-87.6298,20150604,0,1,1,1,0,0.0
Americas,Northern America,United States,Illinois,Chicago IL,Chicago,41.8781,-87.6298,20150606,0,1,1,1,0,0.0
Americas,Northern America,United States,Illinois,Chicago IL,Chicago,41.8781,-87.6298,20150612,0,1,1,0,0,0.0
Americas,Northern America,United States,Illinois,Chicago IL,Hoffman Estates,42.0630,-88.1227,20150614,0,1,1,1,0,0.0
Americas,Northern America,United States,Illinois,Chicago IL,Mount Prospect,42.0664,-87.9373,20150609,0,1,1,1,0,0.0
Americas,Northern America,United States,Indiana,Chicago IL,Schererville,41.4789,-87.4548,20150616,0,1,1,1,0,0.0
Americas,Northern America,United States,Iowa,Omaha NE,Anita,41.4439,-94.7641,20150616,0,1,1,1,0,0.0
Americas,Northern America,United States,Maryland,Baltimore MD,Towson,39.4015,-76.6019,20150604,0,1,1,1,0,0.0
Americas,Northern America,United States,Maryland,Washington DC (Hagerstown MD),Joint Base Andrews,38.7965,-76.8836,20150604,0,1,1,1,0,0.0
Americas,Northern America,United States,Massachusetts,Boston MA-Manchester NH,Boston,42.3601,-71.0589,20150601,0,1,1,1,0,0.0
Americas,Northern America,United States,Massachusetts,Boston MA-Manchester NH,Boston,42.3601,-71.0589,20150604,0,1,1,1,0,0.0
Americas,Northern America,United States,Michigan,Detroit MI,Dearborn,42.3223,-83.1763,20150606,0,1,1,1,0,0.0
Americas,Northern America,United States,Michigan,Detroit MI,Troy,42.6064,-83.1498,20150602,0,1,1,1,0,0.0
Americas,Northern America,United States,Michigan,Lansing MI,East Lansing,42.7370,-84.4839,20150608,0,1,1,1,0,0.0
Americas,Northern America,United States,Michigan,Lansing MI,Meridian charter Township,42.7265,-84.4151,20150601,0,1,1,1,0,0.0
Americas,Northern America,United States,Michigan,Lansing MI,Meridian charter Township,42.7265,-84.4151,20150604,0,1,1,1,0,0.0
Americas,Northern America,United States,Minnesota,Minneapolis-St. Paul MN,Eden Prairie,44.8547,-93.4708,20150616,0,1,1,1,0,0.0
Americas,Northern America,United States,Minnesota,Rochester-Mason City-Austin IA,Rochester,44.0121,-92.4802,20150603,0,1,1,1,0,0.0
Americas,Northern America,United States,Minnesota,Rochester-Mason City-Austin IA,Rochester,44.0121,-92.4802,20150604,0,1,1,1,0,0.0
Americas,Northern America,United States,Missouri,Springfield MO,Springfield,37.2090,-93.2923,20150601,0,1,1,1,0,0.0
Americas,Northern America,United States,Missouri,St. Louis MO,Richmond Heights,38.6287,-90.3196,20150614,0,1,1,1,0,0.0
Americas,Northern America,United States,Missouri,St. Louis MO,St. Louis,38.6270,-90.1994,20150604,0,1,1,1,0,0.0
Americas,Northern America,United States,Montana,Missoula Mount,Missoula,46.8787,-113.9966,20150601,0,1,1,1,0,0.0
Americas,Northern America,United States,New Jersey,New York NY,Berkeley Heights,40.6809,-74.4311,20150604,0,1,1,1,0,0.0
Americas,Northern America,United States,New Jersey,New York NY,Sparta,41.0335,-74.6364,20150604,0,1,1,1,0,0.0
Americas,Northern America,United States,New Jersey,New York NY,Wyckoff,41.0095,-74.1729,20150604,0,1,1,1,0,0.0
Americas,Northern America,United States,New Mexico,(not set),(not set),0.0000,0.0000,20150601,0,1,1,1,0,0.0
Americas,Northern America,United States,New York,New York NY,Great Neck,40.8007,-73.7285,20150604,0,1,1,1,0,0.0
Americas,Northern America,United States,North Carolina,Charlotte NC,Concord,35.4088,-80.5795,20150608,0,1,1,1,0,0.0
Americas,Northern America,United States,North Carolina,Greensboro-High Point-Winston Salem NC,Winston-Salem,36.0999,-80.2442,20150609,0,1,1,1,0,0.0
Americas,Northern America,United States,North Carolina,Raleigh-Durham (Fayetteville) NC,Garner,35.7113,-78.6142,20150608,0,1,1,1,0,0.0
Americas,Northern America,United States,Ohio,Cleveland-Akron (Canton) OH,Akron,41.0814,-81.5190,20150604,0,1,1,1,0,0.0
Americas,Northern America,United States,Ohio,Columbus OH,Washington Court House,39.5364,-83.4391,20150604,0,1,1,1,0,0.0
Americas,Northern America,United States,Oregon,Portland OR,Hillsboro,45.5229,-122.9898,20150608,0,1,1,0,0,0.0
Americas,Northern America,United States,Oregon,Yakima-Pasco-Richland-Kennewick WA,Boardman,45.8399,-119.7006,20150603,0,1,1,1,0,0.0
Americas,Northern America,United States,Pennsylvania,Pittsburgh PA,Munhall,40.3923,-79.9001,20150614,0,1,1,1,0,0.0
Americas,Northern America,United States,Rhode Island,Providence-New Bedford MA,Warwick,41.7001,-71.4162,20150613,0,1,1,1,0,0.0
Americas,Northern America,United States,Tennessee,Nashville TN,Nashville,36.1627,-86.7816,20150614,0,1,1,1,0,0.0
Americas,Northern America,United States,Texas,Abilene-Sweetwater TX,Ranger,32.4699,-98.6789,20150604,0,1,1,1,0,0.0
Americas,Northern America,United States,Texas,Dallas-Ft. Worth TX,Dallas,32.7767,-96.7970,20150603,0,1,1,1,0,0.0
Americas,Northern America,United States,Texas,Dallas-Ft. Worth TX,Dallas,32.7767,-96.7970,20150609,0,1,1,1,0,0.0
Americas,Northern America,United States,Texas,San Antonio TX,San Antonio,29.4241,-98.4936,20150604,0,1,1,1,0,0.0
Americas,Northern America,United States,Texas,San Antonio TX,San Antonio,29.4241,-98.4936,20150614,0,1,1,1,0,0.0
Americas,Northern America,United States,Utah,Salt Lake City UT,Draper,40.5247,-111.8638,20150611,0,1,1,0,0,0.0
Americas,Northern America,United States,Virginia,Washington DC (Hagerstown MD),Alexandria,38.8048,-77.0469,20150604,0,2,2,2,0,0.0
Americas,Northern America,United States,Virginia,Washington DC (Hagerstown MD),Alexandria,38.8048,-77.0469,20150609,0,1,1,1,0,0.0
Americas,Northern America,United States,Virginia,Washington DC (Hagerstown MD),Fort Belvoir,38.7189,-77.1543,20150601,0,1,1,1,0,0.0
Americas,Northern America,United States,Virginia,Washington DC (Hagerstown MD),Fort Belvoir,38.7189,-77.1543,20150602,0,1,1,1,0,0.0
Americas,Northern America,United States,Virginia,Washington DC (Hagerstown MD),Reston,38.9586,-77.3570,20150614,0,1,1,1,0,0.0
Americas,Northern America,United States,Washington,Seattle-Tacoma WA,Bellevue,47.6104,-122.2007,20150604,0,1,1,1,0,0.0
Americas,Northern America,United States,Wisconsin,Milwaukee WI,Milwaukee,43.0389,-87.9065,20150604,0,1,1,1,0,0.0
Americas,South America,Argentina,Buenos Aires,(not set),Buenos Aires,-34.6037,-58.3816,20150604,0,1,1,1,0,0.0
Americas,South America,Brazil,State of Goias,(not set),(not set),0.0000,0.0000,20150614,0,1,1,1,0,0.0
Americas,South America,Brazil,State of Minas Gerais,(not set),Belo Horizonte,-19.9245,-43.9352,20150608,0,1,1,1,0,0.0
Americas,South America,Brazil,State of Minas Gerais,(not set),Belo Horizonte,-19.9245,-43.9352,20150609,0,1,1,1,0,0.0
Americas,South America,Brazil,State of Sao Paulo,(not set),Sao Paulo,-23.5505,-46.6333,20150601,0,1,1,0,0,0.0
Americas,South America,Brazil,State of Sao Paulo,(not set),Sao Paulo,-23.5505,-46.6333,20150603,0,1,1,1,0,0.0
Americas,South America,Chile,Antofagasta,(not set),Antofagasta,-23.6500,-70.4000,20150604,0,1,1,1,0,0.0
Americas,South America,Chile,Santiago Metropolitan Region,(not set),Santiago,-33.4691,-70.6420,20150604,0,1,1,1,0,0.0
Americas,South America,Colombia,Bogota,(not set),Bogota,4.5981,-74.0758,20150603,0,1,1,1,0,0.0
Americas,South America,Colombia,Bogota,(not set),Bogota,4.7110,-74.0721,20150616,0,1,1,1,0,0.0
Americas,South America,Peru,Lima Region,(not set),La Victoria,-12.0734,-77.0163,20150606,0,1,1,1,0,0.0
Asia,Eastern Asia,China,Anhui,(not set),Hefei,31.8206,117.2272,20150609,0,1,1,1,0,0.0
Asia,Eastern Asia,China,Beijing,(not set),Beijing,39.9042,116.4074,20150603,0,2,2,1,0,0.0
Asia,Eastern Asia,China,Beijing,(not set),Beijing,39.9042,116.4074,20150604,0,2,2,2,0,0.0
Asia,Eastern Asia,China,Beijing,(not set),Beijing,39.9042,116.4074,20150614,0,1,1,1,0,0.0
Asia,Eastern Asia,China,Chongqing,(not set),Chongqing,29.5630,106.5516,20150606,0,1,1,1,0,0.0
Asia,Eastern Asia,China,Guangdong Province,(not set),Guangzhou,23.1291,113.2644,20150614,0,1,1,1,0,0.0
Asia,Eastern Asia,China,Guangdong Province,(not set),Guangzhou,23.1291,113.2644,20150616,0,1,1,1,0,0.0
Asia,Eastern Asia,China,Guizhou,(not set),Anshun,26.2531,105.9476,20150604,0,1,1,1,0,0.0
Asia,Eastern Asia,China,Hainan,(not set),(not set),0.0000,0.0000,20150614,0,1,1,1,0,0.0
Asia,Eastern Asia,China,Heilongjiang,(not set),Harbin,45.8038,126.5350,20150602,0,1,1,1,0,0.0
Asia,Eastern Asia,China,Henan,(not set),Zhoukou,33.6262,114.6969,20150603,0,1,1,1,0,0.0
Asia,Eastern Asia,China,Inner Mongolia,(not set),Ordos City,39.6083,109.7813,20150614,0,1,1,1,0,0.0
Asia,Eastern Asia,China,Jiangsu,(not set),Nanjing,32.0603,118.7969,20150606,0,1,1,1,0,0.0
Asia,Eastern Asia,China,Jiangxi,(not set),Ji'An,27.1134,114.9925,20150604,0,1,1,1,0,0.0
Asia,Eastern Asia,China,Jilin,(not set),Yanbian Korean Autonomous Prefecture,42.9094,129.4719,20150604,0,1,1,1,0,0.0
Asia,Eastern Asia,China,Shaanxi,(not set),Xianyang,34.3296,108.7090,20150604,0,1,1,1,0,0.0
Asia,Eastern Asia,China,Shandong,(not set),Jinan,36.6512,117.1200,20150614,0,1,1,1,0,0.0
Asia,Eastern Asia,China,Sichuan,(not set),(not set),0.0000,0.0000,20150604,0,1,1,1,0,0.0
Asia,Eastern Asia,China,Yunnan,(not set),Lijiang,26.8550,100.2278,20150603,0,1,1,1,0,0.0
Asia,Eastern Asia,China,Zhejiang,(not set),Ningbo,29.8683,121.5440,20150606,0,1,1,1,0,0.0
Asia,Eastern Asia,Japan,Aichi,JP_CHUKYO,Ichinomiya,35.3039,136.8029,20150616,0,1,1,1,0,0.0
Asia,Eastern Asia,Japan,Aichi,JP_CHUKYO,Nagoya,35.1814,136.9064,20150603,0,1,1,1,0,0.0
Asia,Eastern Asia,Japan,Chiba,JP_KANTO,Abiko,35.8641,140.0282,20150601,0,1,1,1,0,0.0
Asia,Eastern Asia,Japan,Ehime,JP_OTHER,Matsuyama,33.8392,132.7656,20150608,0,1,1,1,0,0.0
Asia,Eastern Asia,Japan,Fukuoka,JP_OTHER,Kitakyushu,33.8834,130.8752,20150614,0,1,1,1,0,0.0
Asia,Eastern Asia,Japan,Gunma,JP_KANTO,Kiryu,36.4055,139.3307,20150601,0,1,1,1,0,0.0
Asia,Eastern Asia,Japan,Hokkaido,JP_OTHER,Engaru,44.0620,143.5280,20150601,0,1,1,1,0,0.0
Asia,Eastern Asia,Japan,Hyogo,JP_KINKI,Kobe,34.6901,135.1955,20150603,0,1,1,1,0,0.0
Asia,Eastern Asia,Japan,Ibaraki,JP_KANTO,Mito,36.3659,140.4712,20150601,0,1,1,1,0,0.0
Asia,Eastern Asia,Japan,Kagawa,JP_OTHER,Takamatsu,34.3428,134.0466,20150616,0,1,1,1,0,0.0
Asia,Eastern Asia,Japan,Kanagawa,JP_KANTO,Odawara,35.2646,139.1522,20150604,0,1,1,1,0,0.0
Asia,Eastern Asia,Japan,Kanagawa,JP_KANTO,Sagamihara,35.5715,139.3732,20150601,0,1,1,1,0,0.0
Asia,Eastern Asia,Japan,Kyoto,JP_KINKI,Kyoto,35.0116,135.7680,20150608,0,1,1,1,0,0.0
Asia,Eastern Asia,Japan,Osaka,JP_KINKI,Osaka,34.6937,135.5022,20150604,0,1,1,1,0,0.0
Asia,Eastern Asia,Japan,Tokyo,JP_KANTO,Edogawa City,35.7067,139.8684,20150604,0,1,1,1,0,0.0
Asia,Eastern Asia,South Korea,Gyeonggi-do,(not set),Dongducheon-si,37.9034,127.0605,20150608,0,1,1,1,0,0.0
Asia,Eastern Asia,South Korea,Gyeonggi-do,(not set),Paju-si,37.7599,126.7802,20150608,0,1,1,1,0,0.0
Asia,Eastern Asia,South Korea,Gyeonggi-do,(not set),Suwon-si,37.2636,127.0286,20150608,0,1,1,1,0,0.0
Asia,Eastern Asia,South Korea,Seoul,(not set),Seoul,37.5665,126.9780,20150601,0,1,1,1,0,0.0
Asia,Eastern Asia,South Korea,Seoul,(not set),Seoul,37.5665,126.9780,20150602,0,1,1,1,0,0.0
Asia,Eastern Asia,South Korea,Seoul,(not set),Seoul,37.5665,126.9780,20150603,0,1,1,1,0,0.0
Asia,Eastern Asia,South Korea,Seoul,(not set),Seoul,37.5665,126.9780,20150604,0,1,1,1,0,0.0
Asia,Eastern Asia,South Korea,Seoul,(not set),Seoul,37.5665,126.9780,20150606,0,1,1,1,0,0.0
Asia,Eastern Asia,South Korea,Seoul,(not set),Seoul,37.5665,126.9780,20150611,0,2,2,0,0,0.0
Asia,Eastern Asia,South Korea,Seoul,(not set),Seoul,37.5665,126.9780,20150613,0,2,2,2,0,0.0
Asia,Eastern Asia,South Korea,Seoul,(not set),Seoul,37.5665,126.9780,20150614,0,2,2,2,0,0.0
Asia,Eastern Asia,Taiwan,Taichung City,(not set),(not set),0.0000,0.0000,20150601,0,1,1,1,0,0.0
Asia,Eastern Asia,Taiwan,Taipei City,(not set),(not set),0.0000,0.0000,20150604,0,1,1,1,0,0.0
Asia,Southeast Asia,Indonesia,East Java,(not set),Madiun,-7.5824,111.5642,20150601,0,1,1,1,0,0.0
Asia,Southeast Asia,Singapore,(not set),(not set),Singapore,1.2801,103.8510,20150609,0,1,1,1,0,0.0
Asia,Southeast Asia,Vietnam,Nam Dinh,(not set),Nam Djinh,20.4388,106.1621,20150601,0,1,1,1,0,0.0
Asia,Southern Asia,India,Maharashtra,(not set),Mumbai,19.0760,72.8777,20150604,0,1,1,1,0,0.0
Asia,Southern Asia,India,Tamil Nadu,(not set),Chennai,13.0827,80.2707,20150601,0,1,1,0,0,0.0
Asia,Southern Asia,India,Tamil Nadu,(not set),Chennai,13.0827,80.2707,20150609,0,1,1,1,0,0.0
Asia,Southern Asia,Sri Lanka,(not set),(not set),Colombo,6.9271,79.8612,20150604,0,1,1,1,0,0.0
Asia,Western Asia,Israel,Tel Aviv District,(not set),Tel Aviv-Yafo,32.0853,34.7818,20150609,0,1,1,1,0,0.0
Asia,Western Asia,Israel,Tel Aviv District,(not set),Tel Aviv-Yafo,32.0853,34.7818,20150613,0,1,1,1,0,0.0
Asia,Western Asia,Türkiye,Istanbul,(not set),Istanbul,41.0053,28.9770,20150601,0,1,1,1,0,0.0
Europe,Eastern Europe,Poland,Pomeranian Voivodeship,(not set),Gdansk,54.3520,18.6466,20150601,0,1,1,1,0,0.0
Europe,Eastern Europe,Poland,Silesian Voivodeship,(not set),Katowice,50.2649,19.0238,20150608,0,1,1,1,0,0.0
Europe,Eastern Europe,Russia,Moscow,(not set),Moscow,55.7558,37.6173,20150608,0,1,1,1,0,0.0
Europe,Eastern Europe,Russia,Saint Petersburg,(not set),Saint Petersburg,59.9343,30.3351,20150601,0,1,1,1,0,0.0
Europe,Eastern Europe,Russia,Samara Oblast,(not set),Samara,53.2028,50.1408,20150601,0,0,3,3,0,0.0
Europe,Eastern Europe,Russia,Samara Oblast,(not set),Samara,53.2028,50.1408,20150602,0,0,8,7,0,0.0
Europe,Eastern Europe,Russia,Samara Oblast,(not set),Samara,53.2028,50.1408,20150603,0,0,3,2,0,0.0
Europe,Eastern Europe,Russia,Samara Oblast,(not set),Samara,53.2028,50.1408,20150604,0,0,5,4,0,0.0
Europe,Eastern Europe,Russia,Samara Oblast,(not set),Samara,53.2028,50.1408,20150605,0,0,7,5,0,0.0
Europe,Eastern Europe,Russia,Samara Oblast,(not set),Samara,53.2028,50.1408,20150606,0,0,2,2,0,0.0
Europe,Eastern Europe,Russia,Samara Oblast,(not set),Samara,53.2028,50.1408,20150607,0,0,10,8,0,0.0
Europe,Eastern Europe,Russia,Samara Oblast,(not set),Samara,53.2028,50.1408,20150608,0,0,2,1,0,0.0
Europe,Eastern Europe,Russia,Samara Oblast,(not set),Samara,53.2028,50.1408,20150609,0,0,8,7,0,0.0
Europe,Eastern Europe,Russia,Samara Oblast,(not set),Samara,53.2028,50.1408,20150610,0,0,16,14,0,0.0
Europe,Eastern Europe,Russia,Samara Oblast,(not set),Samara,53.2028,50.1408,20150611,0,0,6,4,0,0.0
Europe,Eastern Europe,Russia,Samara Oblast,(not set),Samara,53.2028,50.1408,20150612,0,0,6,2,0,0.0
Europe,Eastern Europe,Russia,Samara Oblast,(not set),Samara,53.2028,50.1408,20150614,0,0,12,8,0,0.0
Europe,Eastern Europe,Russia,Samara Oblast,(not set),Samara,53.2028,50.1408,20150615,0,0,2,2,0,0.0
Europe,Eastern Europe,Slovakia,Bratislava Region,(not set),Bratislava,48.1459,17.1071,20150604,0,1,1,1,0,0.0
Europe,Northern Europe,Denmark,Capital Region of Denmark,(not set),Copenhagen,55.6761,12.5683,20150604,0,1,1,1,0,0.0
Europe,Northern Europe,Finland,(not set),(not set),Helsinki,60.1699,24.9384,20150604,0,1,1,1,0,0.0
Europe,Northern Europe,Finland,(not set),(not set),Helsinki,60.1699,24.9384,20150608,0,1,1,1,0,0.0
Europe,Northern Europe,Finland,(not set),(not set),Oulu,65.0121,25.4650,20150601,0,1,1,1,0,0.0
Europe,Northern Europe,Sweden,Sodermanland County,(not set),Strangnas,59.3775,17.0321,20150604,0,1,1,1,0,0.0
Europe,Northern Europe,Sweden,Stockholm County,(not set),Stockholm,59.3293,18.0686,20150603,0,1,1,1,0,0.0
Europe,Northern Europe,Sweden,Stockholm County,(not set),Stockholm,59.3293,18.0686,20150613,0,1,1,1,0,0.0
Europe,Northern Europe,Sweden,Stockholm County,(not set),Stockholm,59.3293,18.0686,20150616,0,1,1,1,0,0.0
Europe,Northern Europe,United Kingdom,England,(not set),(not set),0.0000,0.0000,20150608,0,1,1,1,0,0.0
Europe,Northern Europe,United Kingdom,England,London,London,51.5074,-0.1278,20150606,0,2,2,2,0,0.0
Europe,Northern Europe,United Kingdom,England,Midlands,Nottingham,52.9548,-1.1581,20150614,0,1,1,1,0,0.0
Europe,Northern Europe,United Kingdom,Scotland,Central Scotland,Rutherglen,55.8290,-4.2243,20150601,0,1,1,1,0,0.0
Europe,Southern Europe,Croatia,City of Zagreb,(not set),Zagreb,45.8150,15.9819,20150603,0,1,1,1,0,0.0
Europe,Southern Europe,Italy,Apulia,(not set),San Severo,41.6854,15.3795,20150602,0,1,1,1,0,0.0
Europe,Southern Europe,Italy,Lazio,(not set),Aprilia,41.5944,12.6560,20150604,0,1,1,1,0,0.0
Europe,Southern Europe,Italy,Lombardy,(not set),Milan,45.4654,9.1859,20150609,0,1,1,1,0,0.0
Europe,Southern Europe,Italy,Piedmont,(not set),Turin,45.0703,7.6869,20150601,0,1,1,1,0,0.0
Europe,Southern Europe,Italy,Piedmont,(not set),Turin,45.0703,7.6869,20150604,0,1,1,1,0,0.0
Europe,Southern Europe,Spain,Castile and Leon,(not set),Leon,42.5987,-5.5671,20150616,0,1,1,1,0,0.0
Europe,Southern Europe,Spain,Community of Madrid,(not set),Madrid,40.4168,-3.7038,20150604,0,1,1,1,0,0.0
Europe,Western Europe,Austria,Vienna,(not set),Vienna,48.2082,16.3738,20150606,0,1,1,1,0,0.0
Europe,Western Europe,France,Ile-de-France,(not set),Paris,48.8566,2.3522,20150603,0,1,1,1,0,0.0
Europe,Western Europe,France,Ile-de-France,(not set),Paris,48.8566,2.3522,20150604,0,1,1,1,0,0.0
Europe,Western Europe,France,Ile-de-France,(not set),Paris,48.8566,2.3522,20150606,0,1,1,1,0,0.0
Europe,Western Europe,France,Nord-Pas-de-Calais,(not set),Douai,50.3679,3.0806,20150604,0,1,1,1,0,0.0
Europe,Western Europe,France,Picardy,(not set),Amiens,49.8941,2.2958,20150606,0,1,1,1,0,0.0
Europe,Western Europe,France,Provence-Alpes-Cote d'Azur,(not set),Antibes,43.5804,7.1251,20150613,0,1,1,1,0,0.0
Europe,Western Europe,France,Upper Normandy,(not set),Rouen,49.4432,1.1000,20150604,0,1,1,1,0,0.0
Europe,Western Europe,Germany,Baden-Wurttemberg,(not set),Stuttgart,48.7758,9.1829,20150601,0,2,2,2,0,0.0
Europe,Western Europe,Germany,Bavaria,(not set),Munich,48.1351,11.5820,20150604,0,1,1,1,0,0.0
Europe,Western Europe,Germany,Bavaria,(not set),Nordlingen,48.8508,10.4895,20150601,0,1,1,1,0,0.0
Europe,Western Europe,Germany,Berlin,(not set),Berlin,52.5200,13.4050,20150604,0,1,1,1,0,0.0
Europe,Western Europe,Germany,Hessen,(not set),Kassel,51.3127,9.4797,20150614,0,1,1,1,0,0.0
Europe,Western Europe,Germany,Hessen,(not set),Nidda,50.4127,9.0079,20150616,0,1,1,1,0,0.0
Europe,Western Europe,Germany,Lower Saxony,(not set),Cloppenburg,52.8442,8.0530,20150601,0,1,1,1,0,0.0
Europe,Western Europe,Germany,North Rhine-Westphalia,(not set),Munster,51.9607,7.6261,20150616,0,1,1,1,0,0.0
Europe,Western Europe,Germany,Rhineland-Palatinate,(not set),Landau,49.1989,8.1186,20150604,0,1,1,1,0,0.0
Europe,Western Europe,Germany,Rhineland-Palatinate,(not set),Mainz,49.9929,8.2473,20150608,0,1,1,1,0,0.0
Europe,Western Europe,Netherlands,Flevoland,(not set),Lelystad,52.5185,5.4714,20150608,0,1,1,1,0,0.0
Europe,Western Europe,Netherlands,Gelderland,(not set),Duiven,51.9475,6.0179,20150608,0,1,1,1,0,0.0
Europe,Western Europe,Netherlands,Gelderland,(not set),Twello,52.2376,6.0981,20150606,0,1,1,1,0,0.0
Europe,Western Europe,Netherlands,Overijssel,(not set),Enschede,52.2215,6.8937,20150604,0,1,1,1,0,0.0
Europe,Western Europe,Switzerland,Fribourg,(not set),Fribourg,46.8017,7.1456,20150603,0,1,1,1,0,0.0
Europe,Western Europe,Switzerland,Zurich,(not set),Zurich,47.3686,8.5392,20150601,0,1,1,1,0,0.0
Oceania,Australasia,Australia,Australian Capital Territory,(not set),Canberra,-35.2820,149.1287,20150604,0,1,1,1,0,0.0
Oceania,Australasia,Australia,New South Wales,(not set),Sydney,-33.8675,151.2070,20150603,0,1,1,0,0,0.0
Oceania,Australasia,Australia,New South Wales,(not set),Sydney,-33.8675,151.2070,20150616,0,1,1,1,0,0.0
Oceania,Australasia,Australia,Western Australia,(not set),Perth,-31.9535,115.8570,20150614,0,1,1,1,0,0.0
