ga:sourceMedium,ga:date,ga:users,ga:newUsers,ga:sessions,ga:bounces,ga:transactions,ga:transactionRevenue
(direct) / (none),20220101,1,1,1,1,0,0.0
(direct) / (none),20220103,4,4,4,3,0,0.0
(direct) / (none),20220104,2,1,2,1,0,0.0
(direct) / (none),20220105,1,0,2,1,0,0.0
(direct) / (none),20220106,3,2,3,2,0,0.0
(direct) / (none),20220107,1,1,1,1,0,0.0
(direct) / (none),20220110,3,2,3,1,0,0.0
(direct) / (none),20220111,1,0,1,0,0,0.0
(direct) / (none),20220112,2,2,2,1,0,0.0
(direct) / (none),20220113,3,2,4,4,0,0.0
(direct) / (none),20220114,2,1,2,2,0,0.0
(direct) / (none),20220115,2,2,3,3,0,0.0
(direct) / (none),20220116,1,1,1,1,0,0.0
(direct) / (none),20220117,3,2,3,2,0,0.0
(direct) / (none),20220118,3,0,4,2,0,0.0
(direct) / (none),20220119,3,0,8,6,0,0.0
(direct) / (none),20220120,4,3,4,2,0,0.0
(direct) / (none),20220122,5,3,5,3,0,0.0
(direct) / (none),20220123,4,2,4,4,0,0.0
(direct) / (none),20220124,4,4,6,5,0,0.0
(direct) / (none),20220125,5,2,7,5,0,0.0
(direct) / (none),20220126,3,3,4,1,0,0.0
(direct) / (none),20220127,4,3,5,3,0,0.0
(direct) / (none),20220128,3,2,4,1,0,0.0
(direct) / (none),20220129,2,2,2,2,0,0.0
(direct) / (none),20220130,2,1,2,1,0,0.0
(direct) / (none),20220131,2,2,2,2,0,0.0
baidu / organic,20220113,2,2,2,2,0,0.0
facebook.com / referral,20220115,1,1,1,1,0,0.0
facebook.com / referral,20220117,1,1,1,1,0,0.0
google / organic,20220101,3,2,3,1,0,0.0
google / organic,20220102,2,1,2,1,0,0.0
google / organic,20220103,2,2,2,0,0,0.0
google / organic,20220104,2,2,2,0,0,0.0
google / organic,20220105,2,0,4,3,0,0.0
google / organic,20220106,1,0,1,1,0,0.0
google / organic,20220107,2,2,2,0,0,0.0
google / organic,20220108,1,0,1,0,0,0.0
google / organic,20220110,1,0,1,1,0,0.0
google / organic,20220111,2,1,3,2,0,0.0
google / organic,20220112,2,2,2,0,0,0.0
google / organic,20220114,3,3,3,2,0,0.0
google / organic,20220117,1,1,1,0,0,0.0
google / organic,20220119,2,1,3,3,0,0.0
google / organic,20220120,2,2,3,2,0,0.0
google / organic,20220121,3,2,4,1,0,0.0
google / organic,20220123,2,2,3,0,0,0.0
google / organic,20220124,1,1,1,0,0,0.0
google / organic,20220126,1,1,1,0,0,0.0
google / organic,20220127,1,1,1,0,0,0.0
google / organic,20220130,1,0,1,1,0,0.0
l.facebook.com / referral,20220111,1,1,1,0,0,0.0
l.facebook.com / referral,20220114,1,1,1,1,0,0.0
l.facebook.com / referral,20220115,1,1,1,0,0,0.0
l.facebook.com / referral,20220121,1,1,1,0,0,0.0
l.instagram.com / referral,20220104,1,1,1,0,0,0.0
l.instagram.com / referral,20220121,1,1,1,0,0,0.0
lm.facebook.com / referral,20220102,1,1,1,1,0,0.0
lm.facebook.com / referral,20220124,1,1,1,1,0,0.0
m.facebook.com / referral,20220102,2,1,2,1,0,0.0
m.facebook.com / referral,20220103,1,1,1,1,0,0.0
m.facebook.com / referral,20220124,1,1,1,1,0,0.0
t.co / referral,20220106,1,1,1,0,0,0.0
t.co / referral,20220107,1,1,1,1,0,0.0
t.co / referral,20220110,1,1,1,0,0,0.0
t.co / referral,20220123,1,1,1,0,0,0.0
t.co / referral,20220125,1,1,1,0,0,0.0
t.co / referral,20220126,1,0,1,1,0,0.0
t.co / referral,20220130,1,0,1,0,0,0.0
(direct) / (none),20220201,3,2,4,4,0,0.0
(direct) / (none),20220202,3,1,3,1,0,0.0
(direct) / (none),20220203,4,3,4,3,0,0.0
(direct) / (none),20220204,1,0,2,1,0,0.0
(direct) / (none),20220205,2,1,3,3,0,0.0
(direct) / (none),20220206,3,1,3,3,0,0.0
(direct) / (none),20220207,6,3,6,4,0,0.0
(direct) / (none),20220208,3,2,3,1,0,0.0
(direct) / (none),20220209,4,2,4,1,0,0.0
(direct) / (none),20220210,7,6,7,4,0,0.0
(direct) / (none),20220211,4,2,4,1,0,0.0
(direct) / (none),20220213,4,4,4,2,0,0.0
(direct) / (none),20220214,2,1,2,2,0,0.0
(direct) / (none),20220215,1,1,1,1,0,0.0
(direct) / (none),20220216,5,4,6,4,0,0.0
(direct) / (none),20220217,2,2,2,1,0,0.0
(direct) / (none),20220218,7,4,7,5,0,0.0
(direct) / (none),20220219,5,4,6,5,0,0.0
(direct) / (none),20220220,1,0,1,1,0,0.0
(direct) / (none),20220221,1,0,1,0,0,0.0
(direct) / (none),20220222,6,2,6,4,0,0.0
(direct) / (none),20220223,37,37,37,37,0,0.0
(direct) / (none),20220224,2,2,2,2,0,0.0
(direct) / (none),20220225,4,2,5,3,0,0.0
(direct) / (none),20220226,1,1,1,1,0,0.0
(direct) / (none),20220227,2,2,2,1,0,0.0
(direct) / (none),20220228,1,1,1,1,0,0.0
baidu / organic,20220215,2,2,2,2,0,0.0
baidu / organic,20220221,5,5,5,5,0,0.0
duckduckgo / organic,20220202,1,1,1,1,0,0.0
El Faro de Redención / email,20220203,5,4,6,2,0,0.0
El Faro de Redención / email,20220204,1,1,1,0,0,0.0
facebook.com / referral,20220204,1,1,1,1,0,0.0
facebook.com / referral,20220209,1,1,1,1,0,0.0
facebook.com / referral,20220219,1,1,1,1,0,0.0
facebook.com / referral,20220227,1,1,1,1,0,0.0
google / organic,20220201,2,2,2,0,0,0.0
google / organic,20220202,3,1,3,2,0,0.0
google / organic,20220203,3,2,3,0,0,0.0
google / organic,20220204,2,1,2,1,0,0.0
google / organic,20220205,3,3,3,0,0,0.0
google / organic,20220206,2,2,2,0,0,0.0
google / organic,20220207,2,2,3,2,0,0.0
google / organic,20220208,1,0,1,0,0,0.0
google / organic,20220209,1,1,1,0,0,0.0
google / organic,20220210,5,5,5,1,0,0.0
google / organic,20220211,3,1,3,2,0,0.0
google / organic,20220212,1,0,1,1,0,0.0
google / organic,20220213,1,1,1,0,0,0.0
google / organic,20220214,2,1,2,0,0,0.0
google / organic,20220215,2,1,3,0,0,0.0
google / organic,20220217,2,0,2,0,0,0.0
google / organic,20220218,1,0,1,1,0,0.0
google / organic,20220222,2,2,2,1,0,0.0
google / organic,20220225,5,5,5,0,0,0.0
google / organic,20220226,1,1,1,0,0,0.0
google / organic,20220227,1,1,1,1,0,0.0
google / organic,20220228,4,4,6,3,0,0.0
l.facebook.com / referral,20220203,1,0,1,0,0,0.0
l.facebook.com / referral,20220205,2,1,2,0,0,0.0
l.facebook.com / referral,20220213,1,1,1,0,0,0.0
l.facebook.com / referral,20220222,1,1,1,1,0,0.0
l.instagram.com / referral,20220211,1,1,1,1,0,0.0
l.instagram.com / referral,20220221,1,1,1,0,0,0.0
lm.facebook.com / referral,20220203,1,0,1,0,0,0.0
lm.facebook.com / referral,20220206,1,1,1,1,0,0.0
lm.facebook.com / referral,20220216,1,1,1,1,0,0.0
lm.facebook.com / referral,20220225,1,1,1,1,0,0.0
m.facebook.com / referral,20220204,1,1,1,1,0,0.0
m.facebook.com / referral,20220205,2,2,2,1,0,0.0
mail.google.com / referral,20220215,1,1,1,1,0,0.0
t.co / referral,20220202,2,2,2,0,0,0.0
t.co / referral,20220203,8,8,8,1,0,0.0
t.co / referral,20220205,1,1,1,0,0,0.0
t.co / referral,20220209,1,1,1,0,0,0.0
t.co / referral,20220210,1,1,1,0,0,0.0
t.co / referral,20220225,1,1,1,0,0,0.0
treasures-in-plain-sight.org / referral,20220210,1,1,1,0,0,0.0
websearches.club / referral,20220208,1,1,1,0,0,0.0
yahoo / organic,20220216,1,1,1,1,0,0.0
youtube.com / referral,20220212,1,1,1,0,0,0.0
youtube.com / referral,20220218,1,0,1,1,0,0.0
(direct) / (none),20220301,5,5,5,4,0,0.0
(direct) / (none),20220302,9,8,13,5,0,0.0
(direct) / (none),20220303,5,2,5,3,0,0.0
(direct) / (none),20220304,1,0,1,1,0,0.0
(direct) / (none),20220305,3,3,3,3,0,0.0
(direct) / (none),20220306,3,3,3,2,0,0.0
(direct) / (none),20220307,5,4,5,3,0,0.0
(direct) / (none),20220308,5,3,9,7,0,0.0
(direct) / (none),20220309,7,6,8,5,0,0.0
(direct) / (none),20220310,4,2,4,3,0,0.0
(direct) / (none),20220311,5,2,5,2,0,0.0
(direct) / (none),20220312,1,1,1,0,0,0.0
(direct) / (none),20220313,1,1,1,1,0,0.0
(direct) / (none),20220314,3,3,3,2,0,0.0
(direct) / (none),20220315,1,1,1,0,0,0.0
(direct) / (none),20220316,1,1,1,1,0,0.0
(direct) / (none),20220317,2,2,2,1,0,0.0
(direct) / (none),20220318,2,1,2,2,0,0.0
(direct) / (none),20220320,2,2,2,2,0,0.0
(direct) / (none),20220321,2,1,2,1,0,0.0
(direct) / (none),20220322,1,1,1,1,0,0.0
(direct) / (none),20220324,2,1,2,1,0,0.0
(direct) / (none),20220325,4,4,4,3,0,0.0
(direct) / (none),20220326,1,1,1,1,0,0.0
(direct) / (none),20220327,4,4,4,4,0,0.0
(direct) / (none),20220328,1,0,1,0,0,0.0
(direct) / (none),20220331,1,1,1,1,0,0.0
baidu / organic,20220302,1,1,1,1,0,0.0
baidu / organic,20220308,1,1,1,1,0,0.0
baidu / organic,20220315,1,1,1,1,0,0.0
baidu / organic,20220329,3,3,3,3,0,0.0
duckduckgo / organic,20220304,1,1,1,0,0,0.0
El Faro de Redención / email,20220321,5,4,5,4,0,0.0
El Faro de Redención / email,20220322,1,1,1,0,0,0.0
El Faro de Redención / email,20220323,1,1,1,1,0,0.0
El Faro de Redención / email,20220324,1,1,2,2,0,0.0
El Faro de Redención / email,20220326,1,1,1,1,0,0.0
facebook.com / referral,20220312,1,1,1,1,0,0.0
facebook.com / referral,20220325,1,1,1,1,0,0.0
facebook.com / referral,20220328,1,1,1,1,0,0.0
google / organic,20220302,3,2,3,1,0,0.0
google / organic,20220303,1,0,1,1,0,0.0
google / organic,20220305,2,2,2,0,0,0.0
google / organic,20220306,2,1,2,1,0,0.0
google / organic,20220307,2,1,2,0,0,0.0
google / organic,20220308,2,2,2,0,0,0.0
google / organic,20220309,1,1,1,1,0,0.0
google / organic,20220310,2,0,2,1,0,0.0
google / organic,20220311,2,2,2,0,0,0.0
google / organic,20220312,1,1,1,1,0,0.0
google / organic,20220314,2,1,2,1,0,0.0
google / organic,20220317,1,1,1,0,0,0.0
google / organic,20220319,1,1,1,0,0,0.0
google / organic,20220321,2,2,2,0,0,0.0
google / organic,20220322,2,1,3,2,0,0.0
google / organic,20220327,2,1,2,0,0,0.0
google / organic,20220329,3,3,3,1,0,0.0
google / organic,20220330,1,1,1,1,0,0.0
google / organic,20220331,3,3,3,0,0,0.0
l.facebook.com / referral,20220309,1,1,1,0,0,0.0
l.facebook.com / referral,20220311,1,1,1,0,0,0.0
l.facebook.com / referral,20220316,1,1,1,1,0,0.0
l.facebook.com / referral,20220319,1,1,1,1,0,0.0
l.facebook.com / referral,20220323,2,2,2,1,0,0.0
l.instagram.com / referral,20220306,1,1,2,0,0,0.0
l.instagram.com / referral,20220310,1,1,1,0,0,0.0
l.instagram.com / referral,20220311,1,1,1,0,0,0.0
l.instagram.com / referral,20220314,1,1,1,0,0,0.0
lm.facebook.com / referral,20220305,1,1,1,0,0,0.0
lm.facebook.com / referral,20220314,1,1,1,1,0,0.0
m.facebook.com / referral,20220302,3,3,3,3,0,0.0
m.facebook.com / referral,20220304,1,1,1,1,0,0.0
m.facebook.com / referral,20220310,1,1,1,1,0,0.0
m.facebook.com / referral,20220323,2,2,2,0,0,0.0
mailchi.mp / referral,20220321,1,0,1,1,0,0.0
mailchi.mp / referral,20220328,1,0,1,0,0,0.0
startpage.com / referral,20220302,1,1,1,0,0,0.0
startpage.com / referral,20220303,1,0,1,0,0,0.0
t.co / referral,20220305,1,1,1,0,0,0.0
t.co / referral,20220310,2,2,2,2,0,0.0
websearches.club / referral,20220311,1,0,1,0,0,0.0
websearches.club / referral,20220312,1,0,1,0,0,0.0
youtube.com / referral,20220307,1,1,1,0,0,0.0
youtube.com / referral,20220308,1,0,1,1,0,0.0
youtube.com / referral,20220310,2,1,3,1,0,0.0
youtube.com / referral,20220312,1,0,1,0,0,0.0
(direct) / (none),20220401,2,1,3,1,0,0.0
(direct) / (none),20220402,2,1,2,1,0,0.0
(direct) / (none),20220403,5,5,5,5,0,0.0
(direct) / (none),20220404,5,4,5,4,0,0.0
(direct) / (none),20220405,1,1,1,1,0,0.0
(direct) / (none),20220406,4,4,4,3,0,0.0
(direct) / (none),20220407,5,5,5,4,0,0.0
(direct) / (none),20220408,1,1,1,1,0,0.0
(direct) / (none),20220410,1,1,1,1,0,0.0
(direct) / (none),20220412,2,1,2,1,0,0.0
(direct) / (none),20220413,3,3,3,2,0,0.0
(direct) / (none),20220414,2,2,2,2,0,0.0
(direct) / (none),20220415,2,1,2,1,0,0.0
(direct) / (none),20220419,3,2,3,2,0,0.0
(direct) / (none),20220421,1,1,1,1,0,0.0
(direct) / (none),20220422,2,2,2,1,0,0.0
(direct) / (none),20220423,6,6,6,5,0,0.0
(direct) / (none),20220424,2,2,2,1,0,0.0
(direct) / (none),20220425,5,5,6,4,0,0.0
(direct) / (none),20220426,7,7,7,7,0,0.0
(direct) / (none),20220427,1,0,2,1,0,0.0
(direct) / (none),20220428,1,1,1,1,0,0.0
baidu / organic,20220407,3,3,3,3,0,0.0
duckduckgo / organic,20220406,1,1,1,1,0,0.0
facebook.com / referral,20220406,1,1,1,1,0,0.0
facebook.com / referral,20220411,1,1,1,1,0,0.0
facebook.com / referral,20220418,1,1,1,1,0,0.0
facebook.com / referral,20220421,1,1,1,1,0,0.0
facebook.com / referral,20220427,1,1,1,1,0,0.0
facebook.com / referral,20220429,1,1,1,1,0,0.0
google / organic,20220401,3,2,3,1,0,0.0
google / organic,20220402,1,0,1,0,0,0.0
google / organic,20220404,1,0,1,0,0,0.0
google / organic,20220406,2,1,3,1,0,0.0
google / organic,20220407,2,2,2,2,0,0.0
google / organic,20220409,1,0,1,0,0,0.0
google / organic,20220410,1,1,1,0,0,0.0
google / organic,20220412,1,0,1,1,0,0.0
google / organic,20220413,2,1,2,1,0,0.0
google / organic,20220414,1,1,1,1,0,0.0
google / organic,20220415,1,1,1,0,0,0.0
google / organic,20220416,1,1,1,0,0,0.0
google / organic,20220417,1,0,1,0,0,0.0
google / organic,20220419,1,1,1,0,0,0.0
google / organic,20220420,4,4,4,1,0,0.0
google / organic,20220421,5,3,6,3,0,0.0
google / organic,20220422,4,1,6,3,0,0.0
google / organic,20220425,2,2,2,2,0,0.0
google / organic,20220426,1,1,1,0,0,0.0
google / organic,20220427,3,1,3,2,0,0.0
google / organic,20220428,3,1,3,1,0,0.0
google / organic,20220430,1,1,1,0,0,0.0
l.facebook.com / referral,20220401,1,1,1,0,0,0.0
l.instagram.com / referral,20220404,1,1,1,0,0,0.0
l.instagram.com / referral,20220426,1,1,1,1,0,0.0
lm.facebook.com / referral,20220429,1,1,1,1,0,0.0
m.facebook.com / referral,20220407,1,1,1,0,0,0.0
m.facebook.com / referral,20220417,1,1,1,0,0,0.0
so.com / referral,20220407,1,1,1,1,0,0.0
t.co / referral,20220412,1,1,1,0,0,0.0
t.co / referral,20220416,1,1,1,0,0,0.0
t.co / referral,20220425,1,1,1,0,0,0.0
t.co / referral,20220426,1,0,1,1,0,0.0
t.co / referral,20220428,1,0,1,0,0,0.0
t.co / referral,20220429,1,1,1,0,0,0.0
websearches.club / referral,20220425,1,0,1,0,0,0.0
(direct) / (none),20220502,5,4,7,4,0,0.0
(direct) / (none),20220503,9,8,10,8,0,0.0
(direct) / (none),20220504,5,4,5,4,0,0.0
(direct) / (none),20220505,23,21,23,19,0,0.0
(direct) / (none),20220506,6,4,6,4,0,0.0
(direct) / (none),20220507,1,1,1,1,0,0.0
(direct) / (none),20220508,1,1,1,1,0,0.0
(direct) / (none),20220509,15,14,17,10,0,0.0
(direct) / (none),20220510,6,4,10,9,0,0.0
(direct) / (none),20220511,5,3,6,3,0,0.0
(direct) / (none),20220512,5,3,7,4,0,0.0
(direct) / (none),20220513,7,6,7,3,0,0.0
(direct) / (none),20220516,1,1,1,1,0,0.0
(direct) / (none),20220517,4,3,5,4,0,0.0
(direct) / (none),20220518,2,1,3,2,0,0.0
(direct) / (none),20220519,2,1,2,1,0,0.0
(direct) / (none),20220520,2,2,2,2,0,0.0
(direct) / (none),20220523,1,1,1,1,0,0.0
(direct) / (none),20220524,3,1,4,1,0,0.0
(direct) / (none),20220525,3,3,3,3,0,0.0
(direct) / (none),20220526,2,2,2,1,0,0.0
(direct) / (none),20220527,1,1,1,0,0,0.0
(direct) / (none),20220528,2,2,2,2,0,0.0
(direct) / (none),20220531,3,3,4,3,0,0.0
baidu / organic,20220504,1,1,1,1,0,0.0
baidu / organic,20220518,1,1,1,1,0,0.0
duckduckgo / organic,20220525,1,1,1,0,0,0.0
El Faro de Redención / email,20220504,1,1,1,0,0,0.0
El Faro de Redención / email,20220507,1,1,1,1,0,0.0
El Faro de Redención / email,20220519,2,2,3,1,0,0.0
El Faro de Redención / email,20220520,1,0,1,1,0,0.0
El Faro de Redención / email,20220522,1,1,1,0,0,0.0
facebook.com / referral,20220512,1,1,1,1,0,0.0
facebook.com / referral,20220521,1,1,1,1,0,0.0
google / organic,20220503,1,1,1,0,0,0.0
google / organic,20220504,3,3,3,1,0,0.0
google / organic,20220505,4,3,4,0,0,0.0
google / organic,20220506,2,2,2,1,0,0.0
google / organic,20220508,1,1,1,1,0,0.0
google / organic,20220510,2,1,2,2,0,0.0
google / organic,20220511,2,1,2,0,0,0.0
google / organic,20220512,2,2,2,1,0,0.0
google / organic,20220514,1,1,1,1,0,0.0
google / organic,20220517,2,1,2,1,0,0.0
google / organic,20220518,1,0,1,1,0,0.0
google / organic,20220519,2,1,2,1,0,0.0
google / organic,20220520,2,1,3,3,0,0.0
google / organic,20220522,2,2,2,1,0,0.0
google / organic,20220523,2,1,3,2,0,0.0
google / organic,20220524,1,0,2,2,0,0.0
google / organic,20220525,1,1,1,0,0,0.0
google / organic,20220526,1,0,1,0,0,0.0
google / organic,20220529,1,1,1,1,0,0.0
google / organic,20220531,2,2,2,1,0,0.0
instagram.com / referral,20220509,1,0,2,1,0,0.0
l.facebook.com / referral,20220520,1,1,1,0,0,0.0
l.facebook.com / referral,20220524,1,0,1,1,0,0.0
l.facebook.com / referral,20220527,1,1,1,0,0,0.0
l.facebook.com / referral,20220531,1,1,1,0,0,0.0
l.instagram.com / referral,20220509,1,1,1,0,0,0.0
l.instagram.com / referral,20220513,1,1,1,0,0,0.0
l.instagram.com / referral,20220514,1,1,1,1,0,0.0
l.instagram.com / referral,20220521,1,1,1,0,0,0.0
m.facebook.com / referral,20220509,3,3,3,3,0,0.0
m.facebook.com / referral,20220510,1,1,1,1,0,0.0
m.facebook.com / referral,20220511,1,1,1,1,0,0.0
m.facebook.com / referral,20220513,1,1,1,1,0,0.0
m.facebook.com / referral,20220518,1,1,1,1,0,0.0
t.co / referral,20220502,1,1,1,0,0,0.0
t.co / referral,20220503,2,2,2,1,0,0.0
t.co / referral,20220505,1,1,1,1,0,0.0
t.co / referral,20220507,1,1,1,1,0,0.0
t.co / referral,20220509,9,9,10,7,0,0.0
t.co / referral,20220510,6,5,7,5,0,0.0
t.co / referral,20220511,1,1,1,1,0,0.0
t.co / referral,20220512,1,1,1,0,0,0.0
t.co / referral,20220513,4,4,9,3,0,0.0
t.co / referral,20220518,1,0,1,0,0,0.0
t.co / referral,20220524,3,3,3,2,0,0.0
t.co / referral,20220525,1,0,1,0,0,0.0
t.co / referral,20220526,1,1,3,0,0,0.0
youtube.com / referral,20220508,1,1,1,0,0,0.0
(direct) / (none),20220601,1,0,1,0,0,0.0
(direct) / (none),20220603,2,2,2,1,0,0.0
(direct) / (none),20220606,6,3,8,4,0,0.0
(direct) / (none),20220607,2,1,3,1,0,0.0
(direct) / (none),20220608,1,0,1,0,0,0.0
(direct) / (none),20220609,2,2,2,2,0,0.0
(direct) / (none),20220610,2,2,2,2,0,0.0
(direct) / (none),20220611,1,1,1,1,0,0.0
(direct) / (none),20220612,1,1,1,1,0,0.0
(direct) / (none),20220613,6,6,6,3,0,0.0
(direct) / (none),20220614,4,4,7,3,0,0.0
(direct) / (none),20220615,3,1,3,3,0,0.0
(direct) / (none),20220616,1,0,1,0,0,0.0
(direct) / (none),20220617,4,2,5,3,0,0.0
(direct) / (none),20220618,1,0,1,1,0,0.0
(direct) / (none),20220619,3,3,3,3,0,0.0
(direct) / (none),20220620,1,1,1,1,0,0.0
(direct) / (none),20220621,5,2,8,6,0,0.0
(direct) / (none),20220622,6,6,7,4,0,0.0
(direct) / (none),20220623,3,0,5,2,0,0.0
(direct) / (none),20220624,2,1,3,2,0,0.0
(direct) / (none),20220625,2,2,2,1,0,0.0
(direct) / (none),20220627,1,0,2,2,0,0.0
(direct) / (none),20220628,6,5,6,5,0,0.0
(direct) / (none),20220629,4,3,4,2,0,0.0
ambassadoradvertising.com / referral,20220622,1,1,1,0,0,0.0
bing / organic,20220609,1,1,1,0,0,0.0
duckduckgo / organic,20220624,1,1,1,0,0,0.0
duckduckgo / organic,20220625,1,0,1,1,0,0.0
facebook.com / referral,20220605,1,1,1,1,0,0.0
facebook.com / referral,20220610,3,3,3,3,0,0.0
facebook.com / referral,20220611,1,1,1,1,0,0.0
facebook.com / referral,20220618,1,1,1,1,0,0.0
facebook.com / referral,20220625,1,1,1,1,0,0.0
google / organic,20220601,1,1,1,0,0,0.0
google / organic,20220603,1,1,2,1,0,0.0
google / organic,20220606,1,0,1,0,0,0.0
google / organic,20220607,1,0,1,0,0,0.0
google / organic,20220608,2,1,2,0,0,0.0
google / organic,20220609,2,0,2,1,0,0.0
google / organic,20220612,1,1,1,0,0,0.0
google / organic,20220614,2,0,2,0,0,0.0
google / organic,20220615,3,3,6,5,0,0.0
google / organic,20220616,2,2,2,1,0,0.0
google / organic,20220617,1,1,1,0,0,0.0
google / organic,20220621,1,1,1,1,0,0.0
google / organic,20220624,2,1,2,2,0,0.0
google / organic,20220625,1,0,1,0,0,0.0
google / organic,20220626,2,1,2,1,0,0.0
google / organic,20220630,3,1,3,0,0,0.0
haventoday.org / referral,20220604,1,1,1,1,0,0.0
haventoday.org / referral,20220617,1,1,1,1,0,0.0
l.facebook.com / referral,20220608,1,1,1,1,0,0.0
l.facebook.com / referral,20220609,1,1,1,0,0,0.0
l.facebook.com / referral,20220613,1,0,1,1,0,0.0
l.facebook.com / referral,20220625,1,1,2,2,0,0.0
l.instagram.com / referral,20220603,1,1,1,1,0,0.0
l.instagram.com / referral,20220609,1,1,1,1,0,0.0
l.instagram.com / referral,20220615,1,1,1,0,0,0.0
l.instagram.com / referral,20220625,1,1,1,0,0,0.0
lm.facebook.com / referral,20220617,1,1,1,1,0,0.0
m.facebook.com / referral,20220616,7,7,7,6,0,0.0
m.facebook.com / referral,20220617,2,2,2,2,0,0.0
m.facebook.com / referral,20220629,1,1,1,1,0,0.0
podcasts.google.com / referral,20220609,1,0,1,0,0,0.0
podcasts.google.com / referral,20220622,1,1,1,0,0,0.0
podnews.net / referral,20220609,1,0,4,0,0,0.0
podnews.net / referral,20220610,1,0,1,1,0,0.0
podnews.net / referral,20220613,1,0,1,1,0,0.0
podnews.net / referral,20220614,1,0,4,4,0,0.0
t.co / referral,20220604,3,3,3,2,0,0.0
t.co / referral,20220605,3,2,4,4,0,0.0
t.co / referral,20220606,1,0,1,1,0,0.0
t.co / referral,20220609,3,2,3,2,0,0.0
t.co / referral,20220610,2,1,2,1,0,0.0
t.co / referral,20220612,1,1,1,1,0,0.0
t.co / referral,20220615,1,1,1,0,0,0.0
t.co / referral,20220617,3,1,3,1,0,0.0
t.co / referral,20220627,2,2,2,1,0,0.0
t.co / referral,20220628,1,1,1,1,0,0.0
t.co / referral,20220630,1,1,1,0,0,0.0
(direct) / (none),20220701,3,2,3,2,0,0.0
(direct) / (none),20220702,1,1,1,1,0,0.0
(direct) / (none),20220703,2,2,2,2,0,0.0
(direct) / (none),20220704,4,3,4,4,0,0.0
(direct) / (none),20220705,2,2,2,0,0,0.0
(direct) / (none),20220706,4,2,5,4,0,0.0
(direct) / (none),20220707,1,1,1,0,0,0.0
(direct) / (none),20220708,2,1,2,2,0,0.0
(direct) / (none),20220709,2,1,3,2,0,0.0
(direct) / (none),20220711,6,5,6,5,0,0.0
(direct) / (none),20220712,3,2,4,3,0,0.0
(direct) / (none),20220713,3,2,3,2,0,0.0
(direct) / (none),20220714,2,1,2,1,0,0.0
(direct) / (none),20220715,2,2,2,0,0,0.0
(direct) / (none),20220716,2,1,2,1,0,0.0
(direct) / (none),20220717,1,1,1,0,0,0.0
(direct) / (none),20220718,5,4,6,5,0,0.0
(direct) / (none),20220719,3,2,3,2,0,0.0
(direct) / (none),20220720,3,3,3,3,0,0.0
(direct) / (none),20220721,2,1,2,1,0,0.0
(direct) / (none),20220722,1,1,1,0,0,0.0
(direct) / (none),20220723,2,2,2,2,0,0.0
(direct) / (none),20220724,3,3,4,2,0,0.0
(direct) / (none),20220725,4,2,4,3,0,0.0
(direct) / (none),20220726,4,3,4,1,0,0.0
(direct) / (none),20220727,3,1,3,2,0,0.0
(direct) / (none),20220728,2,1,2,1,0,0.0
(direct) / (none),20220729,2,2,2,2,0,0.0
(direct) / (none),20220730,2,2,2,1,0,0.0
(direct) / (none),20220731,2,2,2,0,0,0.0
baidu / organic,20220718,1,1,1,1,0,0.0
baidu / organic,20220731,1,1,1,1,0,0.0
bing / organic,20220707,1,1,1,1,0,0.0
duckduckgo / organic,20220711,1,1,1,0,0,0.0
duckduckgo / organic,20220722,1,1,1,0,0,0.0
duckduckgo / organic,20220724,1,0,1,1,0,0.0
El Faro de Redención / email,20220715,1,1,1,1,0,0.0
El Faro de Redención / email,20220716,1,1,1,1,0,0.0
facebook.com / referral,20220721,1,1,1,1,0,0.0
facebook.com / referral,20220724,1,1,1,1,0,0.0
google / organic,20220701,2,2,2,0,0,0.0
google / organic,20220704,2,2,3,2,0,0.0
google / organic,20220705,1,0,1,1,0,0.0
google / organic,20220707,1,0,1,0,0,0.0
google / organic,20220709,2,1,3,2,0,0.0
google / organic,20220710,1,1,1,0,0,0.0
google / organic,20220711,2,2,2,0,0,0.0
google / organic,20220712,3,2,3,1,0,0.0
google / organic,20220713,1,1,1,0,0,0.0
google / organic,20220714,2,1,2,1,0,0.0
google / organic,20220717,1,1,1,1,0,0.0
google / organic,20220718,1,0,1,1,0,0.0
google / organic,20220719,2,1,2,1,0,0.0
google / organic,20220721,1,1,1,1,0,0.0
google / organic,20220722,4,3,4,1,0,0.0
google / organic,20220723,1,0,1,1,0,0.0
google / organic,20220725,3,3,3,2,0,0.0
google / organic,20220726,2,2,2,0,0,0.0
google / organic,20220727,2,0,2,1,0,0.0
google / organic,20220728,3,2,3,2,0,0.0
google / organic,20220730,3,1,3,1,0,0.0
google / organic,20220731,4,1,4,3,0,0.0
l.facebook.com / referral,20220704,1,1,1,1,0,0.0
l.facebook.com / referral,20220725,1,1,1,1,0,0.0
l.instagram.com / referral,20220707,1,1,1,0,0,0.0
lm.facebook.com / referral,20220706,1,1,1,0,0,0.0
lm.facebook.com / referral,20220730,1,1,1,1,0,0.0
m.facebook.com / referral,20220705,1,1,2,2,0,0.0
m.facebook.com / referral,20220708,1,0,1,1,0,0.0
m.facebook.com / referral,20220711,2,2,2,2,0,0.0
m.facebook.com / referral,20220712,1,1,1,1,0,0.0
m.facebook.com / referral,20220729,1,1,1,1,0,0.0
refugioespiritual.org / referral,20220730,1,1,1,1,0,0.0
t.co / referral,20220704,3,3,3,3,0,0.0
t.co / referral,20220705,2,2,2,2,0,0.0
t.co / referral,20220708,1,0,1,1,0,0.0
t.co / referral,20220711,1,1,1,0,0,0.0
t.co / referral,20220712,1,0,1,0,0,0.0
t.co / referral,20220713,3,3,3,3,0,0.0
t.co / referral,20220714,1,1,1,1,0,0.0
t.co / referral,20220716,1,0,1,1,0,0.0
t.co / referral,20220718,1,1,1,0,0,0.0
t.co / referral,20220720,1,1,1,1,0,0.0
t.co / referral,20220721,2,1,2,1,0,0.0
t.co / referral,20220725,1,1,1,0,0,0.0
websearches.club / referral,20220714,1,0,1,1,0,0.0
yahoo / organic,20220713,2,2,2,1,0,0.0
(direct) / (none),20220801,7,6,7,7,0,0.0
(direct) / (none),20220802,4,3,5,5,0,0.0
(direct) / (none),20220803,2,1,2,2,0,0.0
(direct) / (none),20220804,1,1,1,0,0,0.0
(direct) / (none),20220805,5,5,6,3,0,0.0
(direct) / (none),20220806,3,2,3,2,0,0.0
(direct) / (none),20220807,1,1,1,0,0,0.0
(direct) / (none),20220808,7,4,8,6,0,0.0
(direct) / (none),20220809,9,8,9,4,0,0.0
(direct) / (none),20220810,8,6,9,6,0,0.0
(direct) / (none),20220811,18,17,23,13,0,0.0
(direct) / (none),20220812,5,4,5,3,0,0.0
(direct) / (none),20220814,1,1,1,0,0,0.0
(direct) / (none),20220815,1,1,1,1,0,0.0
(direct) / (none),20220816,5,5,5,4,0,0.0
(direct) / (none),20220817,3,3,3,3,0,0.0
(direct) / (none),20220818,2,2,2,1,0,0.0
(direct) / (none),20220819,1,1,1,1,0,0.0
(direct) / (none),20220820,1,1,1,1,0,0.0
(direct) / (none),20220821,2,2,3,1,0,0.0
(direct) / (none),20220822,1,1,1,0,0,0.0
(direct) / (none),20220823,2,2,2,2,0,0.0
(direct) / (none),20220824,3,3,3,3,0,0.0
(direct) / (none),20220825,1,1,1,1,0,0.0
(direct) / (none),20220826,2,1,2,1,0,0.0
(direct) / (none),20220827,1,1,1,1,0,0.0
(direct) / (none),20220828,1,0,1,1,0,0.0
(direct) / (none),20220829,6,4,6,5,0,0.0
(direct) / (none),20220830,5,4,5,4,0,0.0
(direct) / (none),20220831,2,1,2,1,0,0.0
baidu / organic,20220805,2,2,2,2,0,0.0
ca.search.yahoo.com / referral,20220811,1,1,1,0,0,0.0
duckduckgo / organic,20220810,1,1,2,1,0,0.0
duckduckgo / organic,20220827,1,1,1,0,0,0.0
El Faro de Redención / email,20220807,1,1,1,0,0,0.0
El Faro de Redención / email,20220810,1,1,1,0,0,0.0
El Faro de Redención / email,20220812,3,3,3,1,0,0.0
facebook.com / referral,20220804,1,1,1,1,0,0.0
facebook.com / referral,20220807,1,1,1,1,0,0.0
facebook.com / referral,20220815,2,2,2,2,0,0.0
facebook.com / referral,20220825,1,1,1,1,0,0.0
facebook.com / referral,20220828,1,1,1,1,0,0.0
facebook.com / referral,20220831,1,1,1,1,0,0.0
google / organic,20220801,4,0,4,3,0,0.0
google / organic,20220802,3,2,5,4,0,0.0
google / organic,20220803,1,1,1,0,0,0.0
google / organic,20220806,1,1,2,1,0,0.0
google / organic,20220807,2,1,2,0,0,0.0
google / organic,20220808,1,1,2,1,0,0.0
google / organic,20220809,4,4,5,2,0,0.0
google / organic,20220810,7,5,13,4,0,0.0
google / organic,20220811,7,5,7,3,0,0.0
google / organic,20220812,7,7,8,4,0,0.0
google / organic,20220813,1,1,1,0,0,0.0
google / organic,20220814,1,0,1,1,0,0.0
google / organic,20220815,3,2,3,2,0,0.0
google / organic,20220816,2,1,2,1,0,0.0
google / organic,20220817,2,2,4,1,0,0.0
google / organic,20220818,2,1,2,2,0,0.0
google / organic,20220819,4,1,4,3,0,0.0
google / organic,20220820,3,1,4,3,0,0.0
google / organic,20220821,2,0,2,2,0,0.0
google / organic,20220822,2,1,3,1,0,0.0
google / organic,20220823,3,2,3,2,0,0.0
google / organic,20220824,3,0,5,4,0,0.0
google / organic,20220825,1,1,3,2,0,0.0
google / organic,20220826,6,3,8,5,0,0.0
google / organic,20220827,2,2,2,1,0,0.0
google / organic,20220828,1,0,1,1,0,0.0
google / organic,20220829,2,0,2,2,0,0.0
google / organic,20220830,2,1,2,1,0,0.0
google / organic,20220831,1,1,1,0,0,0.0
l.facebook.com / referral,20220811,1,1,1,0,0,0.0
l.facebook.com / referral,20220822,1,1,1,1,0,0.0
l.facebook.com / referral,20220823,1,1,1,0,0,0.0
l.facebook.com / referral,20220824,1,1,1,0,0,0.0
l.instagram.com / referral,20220802,1,1,1,1,0,0.0
lm.facebook.com / referral,20220804,1,1,1,1,0,0.0
lm.facebook.com / referral,20220808,1,1,2,1,0,0.0
lm.facebook.com / referral,20220810,1,1,1,0,0,0.0
lm.facebook.com / referral,20220812,1,1,1,1,0,0.0
m.facebook.com / referral,20220803,2,2,2,2,0,0.0
m.facebook.com / referral,20220804,1,1,1,1,0,0.0
m.facebook.com / referral,20220805,1,1,1,1,0,0.0
m.facebook.com / referral,20220808,1,1,1,0,0,0.0
m.facebook.com / referral,20220811,1,1,1,0,0,0.0
m.facebook.com / referral,20220815,1,1,1,1,0,0.0
m.facebook.com / referral,20220821,1,1,1,1,0,0.0
m.facebook.com / referral,20220825,1,1,1,1,0,0.0
podcasts.google.com / referral,20220810,1,0,1,1,0,0.0
podcasts.google.com / referral,20220812,1,0,1,0,0,0.0
t.co / referral,20220802,1,1,1,0,0,0.0
t.co / referral,20220805,1,1,1,1,0,0.0
t.co / referral,20220808,2,2,2,1,0,0.0
t.co / referral,20220815,1,0,1,1,0,0.0
t.co / referral,20220831,1,1,1,0,0,0.0
yahoo / organic,20220808,1,1,1,0,0,0.0
(direct) / (none),20220901,1,0,1,1,0,0.0
(direct) / (none),20220903,1,1,1,1,0,0.0
(direct) / (none),20220904,3,3,3,1,0,0.0
(direct) / (none),20220905,4,2,4,3,0,0.0
(direct) / (none),20220906,2,1,2,0,0,0.0
(direct) / (none),20220908,3,2,3,2,0,0.0
(direct) / (none),20220910,1,1,1,1,0,0.0
(direct) / (none),20220911,2,2,3,3,0,0.0
(direct) / (none),20220912,3,2,3,2,0,0.0
(direct) / (none),20220913,4,2,6,3,0,0.0
(direct) / (none),20220914,3,2,3,2,0,0.0
(direct) / (none),20220915,2,2,4,2,0,0.0
(direct) / (none),20220916,2,1,2,0,0,0.0
(direct) / (none),20220917,3,2,3,1,0,0.0
(direct) / (none),20220919,5,4,6,6,0,0.0
(direct) / (none),20220920,5,3,5,3,0,0.0
(direct) / (none),20220921,1,0,1,0,0,0.0
(direct) / (none),20220922,4,3,4,3,0,0.0
(direct) / (none),20220924,1,1,1,1,0,0.0
(direct) / (none),20220925,1,1,1,1,0,0.0
(direct) / (none),20220926,5,3,5,4,0,0.0
(direct) / (none),20220927,4,3,4,2,0,0.0
(direct) / (none),20220928,3,2,3,1,0,0.0
(direct) / (none),20220929,5,2,6,1,0,0.0
(direct) / (none),20220930,4,2,6,3,0,0.0
baidu / organic,20220923,4,4,4,4,0,0.0
baidu / organic,20220926,1,1,1,1,0,0.0
El Faro de Redención / email,20220903,1,1,1,1,0,0.0
El Faro de Redención / email,20220917,1,1,1,0,0,0.0
El Faro de Redención / email,20220920,5,4,6,5,0,0.0
El Faro de Redención / email,20220922,1,1,1,0,0,0.0
facebook.com / referral,20220909,1,1,1,1,0,0.0
facebook.com / referral,20220912,1,1,1,1,0,0.0
facebook.com / referral,20220917,1,1,1,1,0,0.0
facebook.com / referral,20220925,1,1,1,1,0,0.0
facebook.com / referral,20220926,1,1,1,1,0,0.0
facebook.com / referral,20220927,1,1,1,1,0,0.0
google / organic,20220901,3,2,3,1,0,0.0
google / organic,20220902,2,1,2,2,0,0.0
google / organic,20220903,2,2,2,2,0,0.0
google / organic,20220906,3,2,3,2,0,0.0
google / organic,20220907,1,1,1,0,0,0.0
google / organic,20220909,2,2,2,1,0,0.0
google / organic,20220910,1,0,1,1,0,0.0
google / organic,20220911,1,1,1,0,0,0.0
google / organic,20220913,1,1,1,0,0,0.0
google / organic,20220914,3,2,3,2,0,0.0
google / organic,20220916,1,0,1,1,0,0.0
google / organic,20220917,2,2,2,1,0,0.0
google / organic,20220920,2,1,2,2,0,0.0
google / organic,20220922,2,1,4,4,0,0.0
google / organic,20220923,1,0,1,1,0,0.0
google / organic,20220924,1,1,1,0,0,0.0
google / organic,20220925,2,2,2,2,0,0.0
google / organic,20220926,3,1,3,2,0,0.0
google / organic,20220927,1,0,2,1,0,0.0
google / organic,20220928,4,4,4,0,0,0.0
google / organic,20220929,5,2,5,3,0,0.0
google / organic,20220930,1,0,1,1,0,0.0
instagram.com / referral,20220901,1,1,1,1,0,0.0
l.instagram.com / referral,20220905,1,1,1,0,0,0.0
l.instagram.com / referral,20220922,1,1,1,1,0,0.0
l.instagram.com / referral,20220930,1,1,1,1,0,0.0
lm.facebook.com / referral,20220901,1,1,1,1,0,0.0
lm.facebook.com / referral,20220915,1,1,1,0,0,0.0
m.facebook.com / referral,20220904,3,3,3,3,0,0.0
m.facebook.com / referral,20220909,1,0,1,0,0,0.0
m.facebook.com / referral,20220922,1,1,1,1,0,0.0
podcasts.google.com / referral,20220928,1,0,1,0,0,0.0
t.co / referral,20220901,1,1,1,0,0,0.0
t.co / referral,20220914,1,1,1,0,0,0.0
t.co / referral,20220919,1,1,1,0,0,0.0
t.co / referral,20220930,1,1,1,0,0,0.0
t.e2ma.net / referral,20220915,1,1,1,1,0,0.0
yahoo / organic,20220929,1,1,1,0,0,0.0
(direct) / (none),20221001,3,2,3,2,0,0.0
(direct) / (none),20221002,2,1,2,1,0,0.0
(direct) / (none),20221003,5,3,8,5,0,0.0
(direct) / (none),20221004,5,3,6,5,0,0.0
(direct) / (none),20221005,1,1,1,0,0,0.0
(direct) / (none),20221007,3,3,3,2,0,0.0
(direct) / (none),20221008,2,0,3,2,0,0.0
(direct) / (none),20221009,4,4,4,2,0,0.0
(direct) / (none),20221010,1,1,1,1,0,0.0
(direct) / (none),20221011,3,2,5,3,0,0.0
(direct) / (none),20221012,1,1,1,1,0,0.0
(direct) / (none),20221013,2,0,2,2,0,0.0
(direct) / (none),20221014,1,0,1,1,0,0.0
(direct) / (none),20221015,1,1,2,1,0,0.0
(direct) / (none),20221016,2,0,2,2,0,0.0
(direct) / (none),20221017,1,0,1,0,0,0.0
(direct) / (none),20221018,2,1,4,3,0,0.0
(direct) / (none),20221019,3,2,3,1,0,0.0
(direct) / (none),20221020,2,2,2,2,0,0.0
(direct) / (none),20221021,1,1,1,1,0,0.0
(direct) / (none),20221022,4,4,5,4,0,0.0
(direct) / (none),20221024,4,3,4,4,0,0.0
(direct) / (none),20221025,1,0,1,1,0,0.0
(direct) / (none),20221026,2,2,2,1,0,0.0
(direct) / (none),20221027,2,1,2,0,0,0.0
(direct) / (none),20221028,2,0,2,2,0,0.0
(direct) / (none),20221029,12,12,15,6,0,0.0
(direct) / (none),20221030,3,1,3,2,0,0.0
(direct) / (none),20221031,3,1,4,3,0,0.0
baidu / organic,20221003,1,1,1,1,0,0.0
baidu / organic,20221024,3,3,3,3,0,0.0
baidu / organic,20221026,4,4,4,4,0,0.0
baidu / organic,20221031,1,1,1,1,0,0.0
bing / organic,20221019,1,1,1,0,0,0.0
bing / organic,20221023,2,1,2,1,0,0.0
bing / organic,20221024,1,0,1,1,0,0.0
bing / organic,20221027,1,0,1,0,0,0.0
bing / organic,20221031,1,0,1,1,0,0.0
duckduckgo / organic,20221009,1,1,1,0,0,0.0
facebook.com / referral,20221003,1,1,1,1,0,0.0
facebook.com / referral,20221010,1,1,1,1,0,0.0
facebook.com / referral,20221017,1,1,1,1,0,0.0
facebook.com / referral,20221018,1,1,1,1,0,0.0
facebook.com / referral,20221022,2,2,2,2,0,0.0
facebook.com / referral,20221024,1,1,1,1,0,0.0
facebook.com / referral,20221027,1,1,1,1,0,0.0
facebook.com / referral,20221031,1,1,1,1,0,0.0
google / organic,20221002,1,1,1,0,0,0.0
google / organic,20221003,3,2,3,1,0,0.0
google / organic,20221004,1,0,1,1,0,0.0
google / organic,20221005,3,1,4,3,0,0.0
google / organic,20221006,2,1,2,1,0,0.0
google / organic,20221007,2,1,2,1,0,0.0
google / organic,20221009,1,1,1,1,0,0.0
google / organic,20221010,2,2,4,2,0,0.0
google / organic,20221011,1,0,3,2,0,0.0
google / organic,20221012,3,1,3,3,0,0.0
google / organic,20221013,1,0,1,1,0,0.0
google / organic,20221014,2,1,2,1,0,0.0
google / organic,20221015,3,2,3,2,0,0.0
google / organic,20221016,2,1,2,1,0,0.0
google / organic,20221017,5,3,7,4,0,0.0
google / organic,20221018,2,1,2,2,0,0.0
google / organic,20221019,1,1,1,0,0,0.0
google / organic,20221020,5,2,5,1,0,0.0
google / organic,20221021,3,2,3,2,0,0.0
google / organic,20221022,3,1,3,2,0,0.0
google / organic,20221023,2,0,3,2,0,0.0
google / organic,20221024,2,1,2,2,0,0.0
google / organic,20221025,3,1,4,4,0,0.0
google / organic,20221026,2,0,2,2,0,0.0
google / organic,20221027,2,2,2,2,0,0.0
google / organic,20221028,2,2,2,1,0,0.0
google / organic,20221029,6,6,7,3,0,0.0
google / organic,20221030,1,0,3,0,0,0.0
google / organic,20221031,1,1,1,0,0,0.0
l.facebook.com / referral,20221022,1,1,1,0,0,0.0
l.instagram.com / referral,20221008,1,1,1,0,0,0.0
l.instagram.com / referral,20221010,1,1,1,0,0,0.0
l.instagram.com / referral,20221025,1,1,1,0,0,0.0
l.instagram.com / referral,20221028,1,1,1,0,0,0.0
lm.facebook.com / referral,20221003,1,1,1,1,0,0.0
lm.facebook.com / referral,20221016,3,3,3,1,0,0.0
m.facebook.com / referral,20221016,1,1,1,0,0,0.0
m.facebook.com / referral,20221018,2,1,2,1,0,0.0
m.facebook.com / referral,20221023,1,1,1,1,0,0.0
t.co / referral,20221005,2,2,2,0,0,0.0
t.co / referral,20221008,1,1,1,0,0,0.0
t.co / referral,20221009,1,1,1,1,0,0.0
t.co / referral,20221010,2,2,2,0,0,0.0
t.co / referral,20221011,1,0,1,0,0,0.0
t.co / referral,20221012,1,1,1,1,0,0.0
t.co / referral,20221016,3,3,3,0,0,0.0
t.co / referral,20221017,3,3,3,2,0,0.0
t.co / referral,20221025,1,1,1,0,0,0.0
t.co / referral,20221026,2,2,2,1,0,0.0
t.co / referral,20221027,1,0,1,0,0,0.0
t.co / referral,20221028,1,1,1,0,0,0.0
(direct) / (none),20221101,1,1,1,0,0,0.0
(direct) / (none),20221102,1,0,1,0,0,0.0
(direct) / (none),20221103,1,0,1,0,0,0.0
(direct) / (none),20221104,4,4,4,4,0,0.0
(direct) / (none),20221105,2,2,2,2,0,0.0
(direct) / (none),20221107,5,4,5,4,0,0.0
(direct) / (none),20221108,3,3,3,1,0,0.0
(direct) / (none),20221110,2,2,5,1,0,0.0
(direct) / (none),20221111,2,0,5,4,0,0.0
(direct) / (none),20221112,1,0,2,2,0,0.0
(direct) / (none),20221113,1,1,1,1,0,0.0
(direct) / (none),20221114,4,3,4,2,0,0.0
(direct) / (none),20221115,1,1,1,1,0,0.0
(direct) / (none),20221116,2,1,2,2,0,0.0
(direct) / (none),20221117,4,4,4,2,0,0.0
(direct) / (none),20221118,1,0,1,1,0,0.0
(direct) / (none),20221119,1,0,1,1,0,0.0
(direct) / (none),20221120,3,0,3,2,0,0.0
(direct) / (none),20221121,2,0,2,2,0,0.0
(direct) / (none),20221123,1,0,1,1,0,0.0
(direct) / (none),20221125,4,3,4,2,0,0.0
(direct) / (none),20221126,1,1,1,0,0,0.0
(direct) / (none),20221128,6,5,7,6,0,0.0
(direct) / (none),20221129,6,5,6,4,0,0.0
(direct) / (none),20221130,2,2,2,1,0,0.0
bing / organic,20221101,1,0,1,1,0,0.0
bing / organic,20221106,1,0,1,1,0,0.0
bing / organic,20221114,1,1,1,1,0,0.0
El Faro de Redención / email,20221105,1,1,1,0,0,0.0
El Faro de Redención / email,20221106,1,1,1,0,0,0.0
facebook.com / referral,20221108,1,1,1,1,0,0.0
facebook.com / referral,20221126,1,1,1,1,0,0.0
google / organic,20221101,1,1,1,0,0,0.0
google / organic,20221102,1,1,1,0,0,0.0
google / organic,20221103,1,1,1,1,0,0.0
google / organic,20221104,1,1,1,1,0,0.0
google / organic,20221106,1,0,1,0,0,0.0
google / organic,20221107,4,2,4,4,0,0.0
google / organic,20221108,1,0,1,0,0,0.0
google / organic,20221109,1,0,1,1,0,0.0
google / organic,20221111,1,0,1,0,0,0.0
google / organic,20221113,1,1,1,0,0,0.0
google / organic,20221116,2,2,2,1,0,0.0
google / organic,20221117,2,1,4,3,0,0.0
google / organic,20221118,1,0,1,1,0,0.0
google / organic,20221119,1,1,1,1,0,0.0
google / organic,20221121,2,2,2,2,0,0.0
google / organic,20221122,3,3,3,1,0,0.0
google / organic,20221123,1,0,1,1,0,0.0
google / organic,20221124,1,1,1,1,0,0.0
google / organic,20221128,2,1,3,2,0,0.0
google / organic,20221129,1,0,1,1,0,0.0
google / organic,20221130,1,1,1,1,0,0.0
m.facebook.com / referral,20221113,1,1,1,1,0,0.0
m.facebook.com / referral,20221130,1,1,1,0,0,0.0
podcasts.google.com / referral,20221128,1,1,1,0,0,0.0
t.co / referral,20221107,1,1,1,1,0,0.0
t.co / referral,20221114,1,0,1,0,0,0.0
t.co / referral,20221117,1,1,1,0,0,0.0
t.co / referral,20221121,2,2,2,0,0,0.0
t.co / referral,20221128,2,2,2,0,0,0.0
t.co / referral,20221129,1,1,1,0,0,0.0
t.co / referral,20221130,2,2,6,2,0,0.0
yahoo / organic,20221128,1,1,1,0,0,0.0
(direct) / (none),20221201,3,3,3,3,0,0.0
(direct) / (none),20221203,2,1,2,1,0,0.0
(direct) / (none),20221205,2,1,2,1,0,0.0
(direct) / (none),20221206,1,1,1,1,0,0.0
(direct) / (none),20221207,2,2,2,2,0,0.0
(direct) / (none),20221208,2,2,2,2,0,0.0
(direct) / (none),20221209,1,1,1,0,0,0.0
(direct) / (none),20221210,2,2,2,1,0,0.0
(direct) / (none),20221211,1,1,1,1,0,0.0
(direct) / (none),20221212,7,7,8,5,0,0.0
(direct) / (none),20221213,1,1,1,0,0,0.0
(direct) / (none),20221214,2,1,2,0,0,0.0
(direct) / (none),20221215,2,1,2,1,0,0.0
(direct) / (none),20221216,4,3,5,3,0,0.0
(direct) / (none),20221217,1,0,1,0,0,0.0
(direct) / (none),20221219,4,3,6,3,0,0.0
(direct) / (none),20221220,3,2,3,2,0,0.0
(direct) / (none),20221221,1,0,3,2,0,0.0
(direct) / (none),20221222,1,0,1,0,0,0.0
(direct) / (none),20221223,4,4,5,1,0,0.0
(direct) / (none),20221224,1,1,1,1,0,0.0
(direct) / (none),20221226,3,2,3,1,0,0.0
(direct) / (none),20221227,3,3,3,2,0,0.0
(direct) / (none),20221231,3,3,3,2,0,0.0
baidu / organic,20221230,1,1,1,1,0,0.0
El Faro de Redención / email,20221212,3,3,4,3,0,0.0
El Faro de Redención / email,20221223,2,1,2,0,0,0.0
El Faro de Redención / email,20221228,2,0,2,2,0,0.0
El Faro de Redención / email,20221229,1,1,1,0,0,0.0
El Faro de Redención / email,20221231,1,1,1,0,0,0.0
facebook.com / referral,20221207,1,1,1,1,0,0.0
facebook.com / referral,20221225,1,1,1,1,0,0.0
facebook.com / referral,20221226,1,1,1,1,0,0.0
google / organic,20221204,2,1,2,0,0,0.0
google / organic,20221205,1,0,1,1,0,0.0
google / organic,20221206,1,1,1,1,0,0.0
google / organic,20221208,2,0,2,2,0,0.0
google / organic,20221210,2,2,2,0,0,0.0
google / organic,20221211,1,0,1,0,0,0.0
google / organic,20221216,1,0,1,0,0,0.0
google / organic,20221217,2,1,2,2,0,0.0
google / organic,20221221,1,1,1,0,0,0.0
google / organic,20221224,1,1,1,0,0,0.0
google / organic,20221226,2,1,2,2,0,0.0
google / organic,20221229,1,1,1,0,0,0.0
google / organic,20221230,1,1,1,0,0,0.0
l.facebook.com / referral,20221224,1,1,1,1,0,0.0
l.facebook.com / referral,20221226,1,0,1,1,0,0.0
l.instagram.com / referral,20221219,1,1,1,0,0,0.0
m.facebook.com / referral,20221203,1,1,1,0,0,0.0
m.facebook.com / referral,20221208,1,1,1,0,0,0.0
m.facebook.com / referral,20221226,1,1,1,1,0,0.0
t.co / referral,20221201,1,0,2,2,0,0.0
t.co / referral,20221202,1,0,1,1,0,0.0
t.co / referral,20221211,1,1,1,1,0,0.0
t.co / referral,20221215,2,2,2,1,0,0.0
t.co / referral,20221223,1,1,1,1,0,0.0
t.co / referral,20221227,1,1,1,0,0,0.0
