ga:sourceMedium,ga:date,ga:users,ga:newUsers,ga:sessions,ga:bounces,ga:transactions,ga:transactionRevenue
(direct) / (none),20200101,1,1,1,1,0,0.0
(direct) / (none),20200102,1,0,1,0,0,0.0
(direct) / (none),20200103,3,2,3,0,0,0.0
(direct) / (none),20200105,1,1,1,0,0,0.0
(direct) / (none),20200106,1,0,1,0,0,0.0
(direct) / (none),20200107,3,2,4,2,0,0.0
(direct) / (none),20200108,3,3,3,1,0,0.0
(direct) / (none),20200109,1,0,1,0,0,0.0
(direct) / (none),20200110,3,0,3,2,0,0.0
(direct) / (none),20200111,1,0,1,1,0,0.0
(direct) / (none),20200113,2,1,2,1,0,0.0
(direct) / (none),20200114,6,4,8,3,0,0.0
(direct) / (none),20200115,5,4,7,4,0,0.0
(direct) / (none),20200116,3,1,4,2,0,0.0
(direct) / (none),20200117,3,2,3,1,0,0.0
(direct) / (none),20200118,2,2,2,1,0,0.0
(direct) / (none),20200119,1,1,1,1,0,0.0
(direct) / (none),20200120,5,3,5,2,0,0.0
(direct) / (none),20200121,3,2,3,0,0,0.0
(direct) / (none),20200122,1,0,2,0,0,0.0
(direct) / (none),20200123,1,0,1,0,0,0.0
(direct) / (none),20200124,3,2,3,2,0,0.0
(direct) / (none),20200127,3,1,3,1,0,0.0
(direct) / (none),20200128,1,0,1,0,0,0.0
(direct) / (none),20200129,1,1,1,0,0,0.0
(direct) / (none),20200130,1,0,1,0,0,0.0
(direct) / (none),20200131,1,1,1,1,0,0.0
bing / organic,20200110,1,1,1,0,0,0.0
bing / organic,20200125,1,1,1,1,0,0.0
coalicionporelevangelio.org / referral,20200105,1,0,1,1,0,0.0
coalicionporelevangelio.org / referral,20200106,5,4,5,4,0,0.0
coalicionporelevangelio.org / referral,20200107,7,4,7,7,0,0.0
coalicionporelevangelio.org / referral,20200108,3,3,3,3,0,0.0
deirdre.top / referral,20200108,1,1,1,1,0,0.0
facebook.com / referral,20200101,1,1,1,0,0,0.0
facebook.com / referral,20200103,1,0,1,0,0,0.0
facebook.com / referral,20200109,1,0,1,0,0,0.0
facebook.com / referral,20200112,1,1,1,1,0,0.0
facebook.com / referral,20200117,1,1,1,1,0,0.0
facebook.com / referral,20200119,2,1,2,1,0,0.0
facebook.com / referral,20200121,2,1,2,1,0,0.0
facebook.com / referral,20200122,2,2,2,2,0,0.0
facebook.com / referral,20200123,2,2,2,2,0,0.0
facebook.com / referral,20200124,3,3,3,3,0,0.0
facebook.com / referral,20200127,2,2,2,2,0,0.0
facebook.com / referral,20200129,2,1,2,1,0,0.0
facebook.com / referral,20200130,2,2,2,2,0,0.0
google / organic,20200101,2,2,2,0,0,0.0
google / organic,20200103,2,1,2,1,0,0.0
google / organic,20200105,1,1,1,1,0,0.0
google / organic,20200106,1,1,1,1,0,0.0
google / organic,20200107,1,1,1,0,0,0.0
google / organic,20200108,1,0,1,1,0,0.0
google / organic,20200112,1,1,1,1,0,0.0
google / organic,20200113,3,2,3,1,0,0.0
google / organic,20200114,2,2,2,1,0,0.0
google / organic,20200115,2,1,2,1,0,0.0
google / organic,20200116,3,2,4,2,0,0.0
google / organic,20200121,1,0,1,0,0,0.0
google / organic,20200123,1,0,1,1,0,0.0
google / organic,20200124,1,1,1,0,0,0.0
google / organic,20200129,1,0,1,1,0,0.0
l.facebook.com / referral,20200101,1,1,1,0,0,0.0
l.facebook.com / referral,20200105,1,0,1,1,0,0.0
l.facebook.com / referral,20200114,1,0,1,0,0,0.0
l.facebook.com / referral,20200117,1,1,1,0,0,0.0
l.instagram.com / referral,20200107,1,1,1,1,0,0.0
l.instagram.com / referral,20200114,1,0,1,0,0,0.0
l.instagram.com / referral,20200116,1,0,1,1,0,0.0
l.instagram.com / referral,20200125,1,0,1,1,0,0.0
l.instagram.com / referral,20200126,1,1,1,0,0,0.0
l.instagram.com / referral,20200127,2,0,2,2,0,0.0
l.instagram.com / referral,20200129,1,0,1,0,0,0.0
m.facebook.com / referral,20200105,1,1,1,1,0,0.0
m.facebook.com / referral,20200106,1,1,1,1,0,0.0
m.facebook.com / referral,20200118,1,1,1,0,0,0.0
m.facebook.com / referral,20200125,2,2,2,2,0,0.0
m.facebook.com / referral,20200126,1,1,1,1,0,0.0
m.facebook.com / referral,20200129,2,2,2,2,0,0.0
melissahome.top / referral,20200103,1,1,1,1,0,0.0
t.co / referral,20200129,1,0,1,0,0,0.0
t.co / referral,20200130,1,1,1,1,0,0.0
verabauer.top / referral,20200129,1,1,1,1,0,0.0
youtube.com / referral,20200102,1,0,1,1,0,0.0
youtube.com / referral,20200103,1,0,1,1,0,0.0
youtube.com / referral,20200106,1,0,1,1,0,0.0
youtube.com / referral,20200114,1,0,1,1,0,0.0
(direct) / (none),20200201,1,0,1,0,0,0.0
(direct) / (none),20200202,1,1,1,0,0,0.0
(direct) / (none),20200203,6,4,6,4,0,0.0
(direct) / (none),20200204,5,2,5,2,0,0.0
(direct) / (none),20200205,1,0,1,0,0,0.0
(direct) / (none),20200206,2,1,3,1,0,0.0
(direct) / (none),20200207,2,1,2,1,0,0.0
(direct) / (none),20200210,6,4,7,4,0,0.0
(direct) / (none),20200211,1,0,1,0,0,0.0
(direct) / (none),20200212,2,2,2,0,0,0.0
(direct) / (none),20200213,1,0,1,0,0,0.0
(direct) / (none),20200214,2,1,2,1,0,0.0
(direct) / (none),20200216,2,1,2,1,0,0.0
(direct) / (none),20200217,1,0,1,1,0,0.0
(direct) / (none),20200218,3,1,4,1,0,0.0
(direct) / (none),20200219,1,1,1,1,0,0.0
(direct) / (none),20200222,1,0,1,1,0,0.0
(direct) / (none),20200223,2,2,2,0,0,0.0
(direct) / (none),20200224,2,1,2,0,0,0.0
(direct) / (none),20200225,2,2,2,0,0,0.0
(direct) / (none),20200226,3,2,3,1,0,0.0
(direct) / (none),20200227,1,0,1,0,0,0.0
(direct) / (none),20200228,3,3,3,2,0,0.0
blogking.top / referral,20200210,1,1,1,1,0,0.0
duckduckgo / organic,20200222,1,1,1,0,0,0.0
facebook.com / referral,20200201,3,3,3,3,0,0.0
facebook.com / referral,20200202,1,1,1,1,0,0.0
facebook.com / referral,20200203,3,2,3,2,0,0.0
facebook.com / referral,20200204,2,1,2,1,0,0.0
facebook.com / referral,20200206,5,5,5,5,0,0.0
facebook.com / referral,20200207,1,0,1,1,0,0.0
facebook.com / referral,20200208,1,1,1,1,0,0.0
facebook.com / referral,20200209,2,2,2,2,0,0.0
facebook.com / referral,20200210,2,1,2,1,0,0.0
facebook.com / referral,20200211,2,2,2,2,0,0.0
facebook.com / referral,20200213,5,4,5,5,0,0.0
facebook.com / referral,20200215,2,2,2,2,0,0.0
facebook.com / referral,20200216,3,3,3,3,0,0.0
facebook.com / referral,20200217,4,3,4,3,0,0.0
facebook.com / referral,20200218,1,1,1,1,0,0.0
facebook.com / referral,20200219,2,2,2,2,0,0.0
facebook.com / referral,20200220,1,1,1,1,0,0.0
facebook.com / referral,20200221,1,1,1,1,0,0.0
facebook.com / referral,20200222,2,2,2,2,0,0.0
facebook.com / referral,20200223,1,1,1,1,0,0.0
facebook.com / referral,20200224,1,1,1,1,0,0.0
facebook.com / referral,20200228,1,1,1,1,0,0.0
facebook.com / referral,20200229,1,1,1,1,0,0.0
google / organic,20200201,1,1,1,0,0,0.0
google / organic,20200202,1,1,1,0,0,0.0
google / organic,20200203,1,1,1,0,0,0.0
google / organic,20200205,4,3,4,1,0,0.0
google / organic,20200206,1,1,1,0,0,0.0
google / organic,20200207,2,1,2,1,0,0.0
google / organic,20200208,2,1,2,2,0,0.0
google / organic,20200209,1,0,1,1,0,0.0
google / organic,20200210,1,0,1,1,0,0.0
google / organic,20200212,3,2,3,0,0,0.0
google / organic,20200214,1,0,1,1,0,0.0
google / organic,20200216,1,1,1,1,0,0.0
google / organic,20200217,1,1,3,2,0,0.0
google / organic,20200218,4,3,4,1,0,0.0
google / organic,20200219,1,0,1,1,0,0.0
google / organic,20200220,1,1,1,1,0,0.0
google / organic,20200221,1,1,2,1,0,0.0
google / organic,20200223,1,0,1,0,0,0.0
google / organic,20200226,3,2,3,2,0,0.0
l.facebook.com / referral,20200213,1,1,1,1,0,0.0
l.facebook.com / referral,20200217,1,0,1,0,0,0.0
l.instagram.com / referral,20200201,1,1,1,0,0,0.0
l.instagram.com / referral,20200223,1,1,1,0,0,0.0
l.instagram.com / referral,20200226,1,1,1,0,0,0.0
m.facebook.com / referral,20200212,1,1,1,0,0,0.0
m.facebook.com / referral,20200213,2,2,2,2,0,0.0
m.facebook.com / referral,20200214,2,2,2,1,0,0.0
m.facebook.com / referral,20200221,1,1,1,0,0,0.0
m.facebook.com / referral,20200223,1,1,1,1,0,0.0
m.facebook.com / referral,20200226,3,3,3,3,0,0.0
t.co / referral,20200223,1,1,1,0,0,0.0
t.co / referral,20200225,2,2,2,1,0,0.0
t.co / referral,20200226,1,0,2,1,0,0.0
t.co / referral,20200227,1,0,3,3,0,0.0
t.co / referral,20200228,1,0,3,3,0,0.0
thf.fluxx.io / referral,20200225,1,1,1,0,0,0.0
veramichael.top / referral,20200226,1,1,1,1,0,0.0
(direct) / (none),20200301,1,0,1,0,0,0.0
(direct) / (none),20200302,5,3,7,3,0,0.0
(direct) / (none),20200303,2,1,2,0,0,0.0
(direct) / (none),20200304,1,1,1,0,0,0.0
(direct) / (none),20200305,3,1,3,1,0,0.0
(direct) / (none),20200306,1,1,1,1,0,0.0
(direct) / (none),20200307,4,3,4,1,0,0.0
(direct) / (none),20200309,3,1,3,1,0,0.0
(direct) / (none),20200310,5,4,6,3,0,0.0
(direct) / (none),20200311,1,0,1,1,0,0.0
(direct) / (none),20200312,2,1,3,0,0,0.0
(direct) / (none),20200313,4,2,7,6,0,0.0
(direct) / (none),20200314,19,19,19,18,0,0.0
(direct) / (none),20200315,1,1,1,0,0,0.0
(direct) / (none),20200316,1,1,1,1,0,0.0
(direct) / (none),20200317,1,1,1,1,0,0.0
(direct) / (none),20200318,3,3,3,2,0,0.0
(direct) / (none),20200319,5,4,5,3,0,0.0
(direct) / (none),20200320,8,5,8,5,0,0.0
(direct) / (none),20200321,5,5,7,4,0,0.0
(direct) / (none),20200322,5,3,5,5,0,0.0
(direct) / (none),20200323,3,2,3,2,0,0.0
(direct) / (none),20200324,2,0,3,1,0,0.0
(direct) / (none),20200326,2,1,3,0,0,0.0
(direct) / (none),20200329,1,1,1,1,0,0.0
(direct) / (none),20200330,2,0,3,1,0,0.0
(direct) / (none),20200331,2,0,2,0,0,0.0
coalicionporelevangelio.org / referral,20200307,1,0,1,1,0,0.0
duckduckgo / organic,20200309,1,0,1,1,0,0.0
facebook.com / referral,20200306,1,1,1,1,0,0.0
facebook.com / referral,20200307,1,1,1,1,0,0.0
facebook.com / referral,20200309,1,1,1,1,0,0.0
facebook.com / referral,20200311,1,1,1,1,0,0.0
facebook.com / referral,20200312,2,2,2,2,0,0.0
facebook.com / referral,20200313,1,1,1,1,0,0.0
facebook.com / referral,20200314,1,1,1,1,0,0.0
facebook.com / referral,20200316,2,2,2,2,0,0.0
facebook.com / referral,20200318,1,1,1,0,0,0.0
facebook.com / referral,20200319,4,4,4,1,0,0.0
facebook.com / referral,20200327,1,1,1,1,0,0.0
facebook.com / referral,20200328,1,1,1,1,0,0.0
google / organic,20200304,1,1,1,0,0,0.0
google / organic,20200305,2,1,2,0,0,0.0
google / organic,20200306,2,1,2,2,0,0.0
google / organic,20200307,2,2,3,0,0,0.0
google / organic,20200308,2,1,2,0,0,0.0
google / organic,20200311,1,0,1,1,0,0.0
google / organic,20200315,1,0,2,2,0,0.0
google / organic,20200317,2,2,2,1,0,0.0
google / organic,20200318,4,3,5,3,0,0.0
google / organic,20200320,1,0,2,0,0,0.0
google / organic,20200321,1,0,1,0,0,0.0
google / organic,20200322,1,1,1,1,0,0.0
google / organic,20200323,3,1,3,1,0,0.0
google / organic,20200324,3,3,3,1,0,0.0
google / organic,20200325,2,2,2,0,0,0.0
google / organic,20200326,1,1,1,0,0,0.0
google / organic,20200327,1,0,1,0,0,0.0
google / organic,20200328,3,2,3,1,0,0.0
google / organic,20200330,1,1,1,0,0,0.0
google / organic,20200331,1,0,1,1,0,0.0
ingramreed.xyz / referral,20200302,1,1,1,1,0,0.0
instagram.com / referral,20200311,1,0,1,1,0,0.0
l.facebook.com / referral,20200304,1,1,1,1,0,0.0
l.facebook.com / referral,20200311,1,1,1,0,0,0.0
l.instagram.com / referral,20200310,1,0,1,0,0,0.0
l.instagram.com / referral,20200311,1,1,1,0,0,0.0
l.instagram.com / referral,20200318,1,0,1,0,0,0.0
l.instagram.com / referral,20200331,1,0,1,1,0,0.0
m.facebook.com / referral,20200302,1,1,1,1,0,0.0
m.facebook.com / referral,20200312,1,1,1,0,0,0.0
m.facebook.com / referral,20200318,6,6,6,0,0,0.0
m.facebook.com / referral,20200319,1,1,1,0,0,0.0
m.facebook.com / referral,20200320,1,1,1,1,0,0.0
m.facebook.com / referral,20200321,1,1,1,0,0,0.0
m.facebook.com / referral,20200322,1,1,1,0,0,0.0
m.facebook.com / referral,20200330,1,0,1,0,0,0.0
mandyblog.xyz / referral,20200313,1,1,1,1,0,0.0
podcasts.google.com / referral,20200304,1,1,1,0,0,0.0
t.co / referral,20200301,1,0,2,2,0,0.0
t.co / referral,20200308,1,0,1,1,0,0.0
t.co / referral,20200310,1,1,1,0,0,0.0
t.co / referral,20200313,1,1,1,0,0,0.0
t.co / referral,20200321,1,1,1,1,0,0.0
t.co / referral,20200327,1,1,2,0,0,0.0
t.co / referral,20200330,1,1,1,0,0,0.0
(direct) / (none),20200401,1,0,1,0,0,0.0
(direct) / (none),20200403,2,1,3,1,0,0.0
(direct) / (none),20200404,1,0,1,0,0,0.0
(direct) / (none),20200405,1,1,1,1,0,0.0
(direct) / (none),20200406,2,1,2,1,0,0.0
(direct) / (none),20200408,3,3,3,3,0,0.0
(direct) / (none),20200409,1,0,1,0,0,0.0
(direct) / (none),20200410,2,2,2,1,0,0.0
(direct) / (none),20200412,1,0,1,0,0,0.0
(direct) / (none),20200413,4,1,6,4,0,0.0
(direct) / (none),20200414,1,1,1,1,0,0.0
(direct) / (none),20200415,2,2,2,1,0,0.0
(direct) / (none),20200416,4,2,5,0,0,0.0
(direct) / (none),20200417,2,0,2,0,0,0.0
(direct) / (none),20200420,1,1,1,1,0,0.0
(direct) / (none),20200421,2,2,2,1,0,0.0
(direct) / (none),20200422,6,6,6,5,0,0.0
(direct) / (none),20200423,3,2,6,3,0,0.0
(direct) / (none),20200424,2,0,2,1,0,0.0
(direct) / (none),20200427,2,0,3,1,0,0.0
(direct) / (none),20200428,3,2,3,1,0,0.0
(direct) / (none),20200429,1,0,1,0,0,0.0
(direct) / (none),20200430,3,2,3,1,0,0.0
duckduckgo / organic,20200402,1,0,1,1,0,0.0
facebook.com / referral,20200402,1,1,1,1,0,0.0
facebook.com / referral,20200404,1,1,1,1,0,0.0
facebook.com / referral,20200408,1,1,1,1,0,0.0
facebook.com / referral,20200411,1,1,1,1,0,0.0
facebook.com / referral,20200412,1,1,1,1,0,0.0
google / organic,20200405,1,1,1,0,0,0.0
google / organic,20200407,1,1,1,1,0,0.0
google / organic,20200411,1,1,4,1,0,0.0
google / organic,20200412,1,1,1,0,0,0.0
google / organic,20200413,4,3,6,2,0,0.0
google / organic,20200414,1,0,1,0,0,0.0
google / organic,20200415,3,3,3,1,0,0.0
google / organic,20200416,2,1,4,4,0,0.0
google / organic,20200417,2,2,2,0,0,0.0
google / organic,20200419,2,0,2,1,0,0.0
google / organic,20200420,1,1,2,1,0,0.0
google / organic,20200422,1,1,1,0,0,0.0
google / organic,20200423,3,1,3,1,0,0.0
google / organic,20200427,1,1,1,1,0,0.0
google / organic,20200428,1,0,2,1,0,0.0
google / organic,20200429,3,1,4,2,0,0.0
google / organic,20200430,1,1,1,0,0,0.0
l.facebook.com / referral,20200402,1,1,1,0,0,0.0
l.facebook.com / referral,20200404,1,1,1,0,0,0.0
l.facebook.com / referral,20200422,1,0,1,1,0,0.0
l.instagram.com / referral,20200413,1,0,1,0,0,0.0
m.facebook.com / referral,20200401,1,1,1,0,0,0.0
oudallas.net / referral,20200421,1,1,1,1,0,0.0
t.co / referral,20200412,1,1,1,0,0,0.0
t.co / referral,20200418,1,1,1,0,0,0.0
t.co / referral,20200428,1,1,1,0,0,0.0
(direct) / (none),20200501,5,4,5,2,0,0.0
(direct) / (none),20200502,1,0,1,0,0,0.0
(direct) / (none),20200504,3,3,5,1,0,0.0
(direct) / (none),20200505,7,5,7,3,0,0.0
(direct) / (none),20200506,3,2,3,2,0,0.0
(direct) / (none),20200507,3,2,3,1,0,0.0
(direct) / (none),20200508,2,2,2,1,0,0.0
(direct) / (none),20200511,8,5,9,4,0,0.0
(direct) / (none),20200512,5,2,9,6,0,0.0
(direct) / (none),20200513,3,2,6,4,0,0.0
(direct) / (none),20200514,6,3,9,4,0,0.0
(direct) / (none),20200515,1,0,1,0,0,0.0
(direct) / (none),20200516,1,1,1,1,0,0.0
(direct) / (none),20200517,1,0,1,1,0,0.0
(direct) / (none),20200518,2,1,2,1,0,0.0
(direct) / (none),20200519,4,4,4,2,0,0.0
(direct) / (none),20200520,12,8,14,9,0,0.0
(direct) / (none),20200521,2,1,2,1,0,0.0
(direct) / (none),20200522,3,1,3,2,0,0.0
(direct) / (none),20200523,2,2,2,2,0,0.0
(direct) / (none),20200524,1,1,1,1,0,0.0
(direct) / (none),20200525,7,7,7,6,0,0.0
(direct) / (none),20200526,1,0,2,0,0,0.0
(direct) / (none),20200527,2,1,2,0,0,0.0
(direct) / (none),20200528,2,1,2,2,0,0.0
(direct) / (none),20200529,1,0,1,0,0,0.0
(direct) / (none),20200530,3,3,3,2,0,0.0
bing / organic,20200519,1,0,1,0,0,0.0
duckduckgo / organic,20200527,1,1,2,2,0,0.0
facebook.com / referral,20200504,1,1,1,0,0,0.0
facebook.com / referral,20200527,1,1,1,0,0,0.0
facebook.com / referral,20200529,1,1,1,1,0,0.0
google / organic,20200501,1,0,1,1,0,0.0
google / organic,20200503,1,1,1,0,0,0.0
google / organic,20200504,3,2,3,1,0,0.0
google / organic,20200506,2,1,2,1,0,0.0
google / organic,20200508,1,0,1,1,0,0.0
google / organic,20200509,1,1,1,0,0,0.0
google / organic,20200511,1,1,1,0,0,0.0
google / organic,20200512,3,2,5,0,0,0.0
google / organic,20200513,1,1,1,0,0,0.0
google / organic,20200515,2,2,4,1,0,0.0
google / organic,20200520,2,2,2,1,0,0.0
google / organic,20200522,1,0,1,1,0,0.0
google / organic,20200524,1,0,1,1,0,0.0
google / organic,20200526,1,1,1,0,0,0.0
google / organic,20200527,1,0,1,0,0,0.0
google / organic,20200528,1,0,1,1,0,0.0
google / organic,20200530,1,1,1,0,0,0.0
google / organic,20200531,3,2,3,1,0,0.0
l.facebook.com / referral,20200529,1,1,1,0,0,0.0
l.instagram.com / referral,20200524,1,1,1,0,0,0.0
l.instagram.com / referral,20200525,1,1,1,1,0,0.0
l.instagram.com / referral,20200526,1,1,1,1,0,0.0
m.facebook.com / referral,20200506,1,1,2,1,0,0.0
nyinfo.org / referral,20200523,1,1,1,1,0,0.0
podcasts.google.com / referral,20200506,1,0,1,0,0,0.0
sqyy.org / referral,20200511,1,1,1,1,0,0.0
sxsnjj.com / referral,20200501,1,1,1,1,0,0.0
t.co / referral,20200526,1,1,1,0,0,0.0
t.co / referral,20200527,1,1,1,0,0,0.0
yahoo / organic,20200531,1,1,1,0,0,0.0
(direct) / (none),20200601,1,0,2,0,0,0.0
(direct) / (none),20200602,2,2,2,1,0,0.0
(direct) / (none),20200603,1,1,1,1,0,0.0
(direct) / (none),20200604,2,1,2,0,0,0.0
(direct) / (none),20200606,3,2,3,1,0,0.0
(direct) / (none),20200607,2,2,2,1,0,0.0
(direct) / (none),20200608,4,2,6,3,0,0.0
(direct) / (none),20200609,1,1,1,1,0,0.0
(direct) / (none),20200610,1,1,1,1,0,0.0
(direct) / (none),20200611,1,0,1,0,0,0.0
(direct) / (none),20200612,1,0,1,0,0,0.0
(direct) / (none),20200613,1,1,1,0,0,0.0
(direct) / (none),20200614,1,1,1,0,0,0.0
(direct) / (none),20200615,3,2,3,2,0,0.0
(direct) / (none),20200616,2,1,4,0,0,0.0
(direct) / (none),20200617,2,1,2,1,0,0.0
(direct) / (none),20200618,2,0,3,0,0,0.0
(direct) / (none),20200619,2,1,2,1,0,0.0
(direct) / (none),20200620,1,1,1,0,0,0.0
(direct) / (none),20200622,1,0,1,0,0,0.0
(direct) / (none),20200623,2,1,2,0,0,0.0
(direct) / (none),20200624,1,0,1,0,0,0.0
(direct) / (none),20200625,1,1,1,1,0,0.0
(direct) / (none),20200627,1,0,1,0,0,0.0
(direct) / (none),20200629,4,2,4,2,0,0.0
(direct) / (none),20200630,3,1,3,0,0,0.0
andrewancheta.com / referral,20200601,1,1,1,1,0,0.0
baidu.com / referral,20200610,1,1,1,1,0,0.0
bing / organic,20200602,1,1,1,0,0,0.0
bing / organic,20200609,2,2,2,2,0,0.0
bing / organic,20200610,1,0,1,1,0,0.0
facebook.com / referral,20200602,1,1,1,1,0,0.0
facebook.com / referral,20200611,1,1,1,1,0,0.0
facebook.com / referral,20200612,1,1,1,1,0,0.0
facebook.com / referral,20200613,1,1,1,1,0,0.0
facebook.com / referral,20200614,1,1,1,1,0,0.0
facebook.com / referral,20200617,1,1,1,1,0,0.0
facebook.com / referral,20200618,2,2,2,2,0,0.0
facebook.com / referral,20200619,2,2,2,2,0,0.0
facebook.com / referral,20200620,1,1,1,1,0,0.0
facebook.com / referral,20200621,1,1,1,1,0,0.0
facebook.com / referral,20200623,2,2,2,2,0,0.0
facebook.com / referral,20200624,1,1,1,1,0,0.0
facebook.com / referral,20200626,1,1,1,1,0,0.0
facebook.com / referral,20200628,1,1,1,1,0,0.0
facebook.com / referral,20200630,1,1,1,1,0,0.0
google / organic,20200602,2,1,2,0,0,0.0
google / organic,20200604,2,1,2,0,0,0.0
google / organic,20200606,2,1,2,0,0,0.0
google / organic,20200607,2,2,2,0,0,0.0
google / organic,20200608,2,1,2,0,0,0.0
google / organic,20200609,2,1,2,2,0,0.0
google / organic,20200611,1,0,1,0,0,0.0
google / organic,20200614,1,1,1,1,0,0.0
google / organic,20200617,4,3,4,2,0,0.0
google / organic,20200619,1,1,1,0,0,0.0
google / organic,20200624,4,4,4,0,0,0.0
google / organic,20200625,3,1,3,3,0,0.0
google / organic,20200626,1,1,1,0,0,0.0
google / organic,20200629,1,1,1,0,0,0.0
google / organic,20200630,2,2,2,1,0,0.0
l.facebook.com / referral,20200603,1,1,1,1,0,0.0
l.instagram.com / referral,20200608,2,1,2,0,0,0.0
l.instagram.com / referral,20200625,1,1,1,0,0,0.0
t.co / referral,20200609,1,1,1,0,0,0.0
vguss.com / referral,20200619,1,1,1,1,0,0.0
(direct) / (none),20200702,3,2,5,0,0,0.0
(direct) / (none),20200703,2,2,2,2,0,0.0
(direct) / (none),20200704,1,1,1,1,0,0.0
(direct) / (none),20200706,1,0,1,0,0,0.0
(direct) / (none),20200707,4,1,6,2,0,0.0
(direct) / (none),20200708,2,1,4,0,0,0.0
(direct) / (none),20200709,4,2,5,1,0,0.0
(direct) / (none),20200710,2,2,2,1,0,0.0
(direct) / (none),20200711,3,2,3,1,0,0.0
(direct) / (none),20200712,1,0,1,0,0,0.0
(direct) / (none),20200713,2,1,3,2,0,0.0
(direct) / (none),20200714,1,0,1,0,0,0.0
(direct) / (none),20200715,1,0,1,0,0,0.0
(direct) / (none),20200716,1,0,1,0,0,0.0
(direct) / (none),20200717,3,2,5,2,0,0.0
(direct) / (none),20200718,1,1,1,1,0,0.0
(direct) / (none),20200719,1,1,1,1,0,0.0
(direct) / (none),20200720,7,4,8,1,0,0.0
(direct) / (none),20200721,2,1,2,1,0,0.0
(direct) / (none),20200723,1,1,1,0,0,0.0
(direct) / (none),20200724,1,1,1,0,0,0.0
(direct) / (none),20200726,1,1,1,0,0,0.0
(direct) / (none),20200727,6,5,7,5,0,0.0
(direct) / (none),20200728,3,1,3,2,0,0.0
(direct) / (none),20200730,7,5,7,2,0,0.0
(direct) / (none),20200731,3,1,3,2,0,0.0
bible.srchmbl.com / referral,20200714,1,1,1,0,0,0.0
bing / organic,20200729,1,1,1,1,0,0.0
coalicionporelevangelio.org / referral,20200716,1,1,1,1,0,0.0
facebook.com / referral,20200701,1,1,1,1,0,0.0
facebook.com / referral,20200703,1,1,1,1,0,0.0
facebook.com / referral,20200705,1,1,1,1,0,0.0
facebook.com / referral,20200707,1,1,1,1,0,0.0
facebook.com / referral,20200709,1,1,1,1,0,0.0
facebook.com / referral,20200711,1,1,1,1,0,0.0
facebook.com / referral,20200712,1,1,1,1,0,0.0
facebook.com / referral,20200713,2,2,4,2,0,0.0
facebook.com / referral,20200714,1,0,1,1,0,0.0
facebook.com / referral,20200719,1,1,1,1,0,0.0
facebook.com / referral,20200727,1,1,1,1,0,0.0
google / organic,20200701,1,1,1,0,0,0.0
google / organic,20200705,2,2,2,1,0,0.0
google / organic,20200706,1,1,1,0,0,0.0
google / organic,20200707,2,1,2,2,0,0.0
google / organic,20200709,2,1,2,0,0,0.0
google / organic,20200710,3,2,3,2,0,0.0
google / organic,20200711,1,1,1,0,0,0.0
google / organic,20200712,1,1,1,0,0,0.0
google / organic,20200713,2,1,3,0,0,0.0
google / organic,20200714,7,4,7,2,0,0.0
google / organic,20200715,1,0,1,1,0,0.0
google / organic,20200716,3,2,3,0,0,0.0
google / organic,20200717,2,0,2,1,0,0.0
google / organic,20200718,2,1,3,0,0,0.0
google / organic,20200719,1,0,4,2,0,0.0
google / organic,20200720,1,1,1,0,0,0.0
google / organic,20200723,2,1,2,0,0,0.0
google / organic,20200725,2,0,2,0,0,0.0
google / organic,20200726,2,0,3,1,0,0.0
google / organic,20200727,3,3,3,2,0,0.0
google / organic,20200728,5,2,6,4,0,0.0
google / organic,20200729,4,1,4,0,0,0.0
google / organic,20200730,2,1,2,1,0,0.0
google / organic,20200731,3,1,3,1,0,0.0
l.facebook.com / referral,20200707,1,1,1,0,0,0.0
l.facebook.com / referral,20200713,1,1,1,0,0,0.0
l.facebook.com / referral,20200727,1,1,1,0,0,0.0
l.facebook.com / referral,20200731,1,0,1,0,0,0.0
l.instagram.com / referral,20200703,1,1,1,0,0,0.0
l.instagram.com / referral,20200722,1,1,1,0,0,0.0
l.wl.co / referral,20200730,1,1,1,0,0,0.0
leejan.net / referral,20200729,1,1,1,1,0,0.0
m.facebook.com / referral,20200713,2,2,2,0,0,0.0
mybrowser-search.com / referral,20200715,1,1,1,0,0,0.0
podcasts.google.com / referral,20200709,1,0,1,1,0,0.0
podcasts.google.com / referral,20200713,2,1,2,0,0,0.0
t.co / referral,20200717,1,1,1,0,0,0.0
t.co / referral,20200718,1,1,1,0,0,0.0
t.co / referral,20200719,1,1,1,0,0,0.0
t.co / referral,20200721,1,1,1,0,0,0.0
t.co / referral,20200722,2,2,2,0,0,0.0
t.co / referral,20200724,1,1,1,0,0,0.0
t.co / referral,20200726,1,1,1,0,0,0.0
t.co / referral,20200727,2,1,2,0,0,0.0
t.co / referral,20200728,2,2,2,0,0,0.0
t.co / referral,20200729,3,3,4,3,0,0.0
t.co / referral,20200731,3,2,5,2,0,0.0
twr.org / referral,20200715,1,1,1,0,0,0.0
(direct) / (none),20200803,2,1,2,1,0,0.0
(direct) / (none),20200804,2,1,3,0,0,0.0
(direct) / (none),20200805,4,3,4,3,0,0.0
(direct) / (none),20200806,4,3,4,1,0,0.0
(direct) / (none),20200807,2,0,2,0,0,0.0
(direct) / (none),20200810,4,2,4,2,0,0.0
(direct) / (none),20200811,3,2,3,1,0,0.0
(direct) / (none),20200812,3,3,3,2,0,0.0
(direct) / (none),20200813,4,3,4,2,0,0.0
(direct) / (none),20200814,3,2,3,1,0,0.0
(direct) / (none),20200817,4,2,5,3,0,0.0
(direct) / (none),20200818,2,1,2,1,0,0.0
(direct) / (none),20200819,1,1,1,0,0,0.0
(direct) / (none),20200820,1,0,1,0,0,0.0
(direct) / (none),20200821,2,0,3,2,0,0.0
(direct) / (none),20200823,2,2,2,1,0,0.0
(direct) / (none),20200824,21,21,21,20,0,0.0
(direct) / (none),20200825,1,1,1,1,0,0.0
(direct) / (none),20200828,1,1,1,1,0,0.0
(direct) / (none),20200830,1,1,2,2,0,0.0
(direct) / (none),20200831,3,2,3,0,0,0.0
baidu.com / referral,20200805,3,3,3,3,0,0.0
bing / organic,20200808,1,1,1,1,0,0.0
duckduckgo / organic,20200813,1,1,1,0,0,0.0
facebook.com / referral,20200801,2,2,2,1,0,0.0
facebook.com / referral,20200830,1,1,1,1,0,0.0
google / organic,20200801,1,0,1,1,0,0.0
google / organic,20200804,1,1,1,0,0,0.0
google / organic,20200805,1,1,1,0,0,0.0
google / organic,20200806,4,1,4,0,0,0.0
google / organic,20200807,2,0,2,2,0,0.0
google / organic,20200809,1,1,1,1,0,0.0
google / organic,20200810,1,0,1,1,0,0.0
google / organic,20200812,1,1,1,1,0,0.0
google / organic,20200813,2,1,2,0,0,0.0
google / organic,20200814,2,1,2,1,0,0.0
google / organic,20200815,3,1,3,0,0,0.0
google / organic,20200817,2,2,3,1,0,0.0
google / organic,20200818,1,1,1,1,0,0.0
google / organic,20200820,1,1,1,1,0,0.0
google / organic,20200821,3,1,3,1,0,0.0
google / organic,20200823,3,2,3,0,0,0.0
google / organic,20200824,9,5,12,7,0,0.0
google / organic,20200825,2,0,2,1,0,0.0
google / organic,20200826,4,1,5,1,0,0.0
google / organic,20200827,3,1,3,1,0,0.0
google / organic,20200828,1,0,1,1,0,0.0
google / organic,20200829,4,2,4,1,0,0.0
google / organic,20200830,2,1,2,1,0,0.0
google / organic,20200831,1,0,1,1,0,0.0
l.facebook.com / referral,20200812,1,1,1,0,0,0.0
l.facebook.com / referral,20200813,1,1,1,1,0,0.0
l.facebook.com / referral,20200816,1,1,1,0,0,0.0
l.instagram.com / referral,20200827,2,2,4,1,0,0.0
lamberthome.top / referral,20200831,1,1,1,1,0,0.0
m.facebook.com / referral,20200804,3,2,3,0,0,0.0
m.facebook.com / referral,20200805,2,2,2,0,0,0.0
m.facebook.com / referral,20200813,1,1,1,1,0,0.0
t.co / referral,20200804,1,1,1,0,0,0.0
t.co / referral,20200807,1,1,1,1,0,0.0
t.co / referral,20200810,1,0,1,0,0,0.0
t.co / referral,20200811,1,1,1,0,0,0.0
t.co / referral,20200817,3,3,3,0,0,0.0
t.co / referral,20200818,2,1,2,0,0,0.0
t.co / referral,20200819,3,2,3,0,0,0.0
t.co / referral,20200822,1,0,1,0,0,0.0
t.co / referral,20200823,2,2,2,0,0,0.0
t.co / referral,20200826,1,1,1,1,0,0.0
t.co / referral,20200827,1,0,1,0,0,0.0
t.co / referral,20200828,1,1,1,0,0,0.0
t.co / referral,20200831,1,1,1,0,0,0.0
us4.admin.mailchimp.com / referral,20200824,1,0,1,1,0,0.0
(direct) / (none),20200904,2,2,3,1,0,0.0
(direct) / (none),20200905,2,2,2,0,0,0.0
(direct) / (none),20200906,2,1,5,5,0,0.0
(direct) / (none),20200907,3,1,3,2,0,0.0
(direct) / (none),20200908,3,2,3,2,0,0.0
(direct) / (none),20200909,7,4,9,2,0,0.0
(direct) / (none),20200910,5,4,5,3,0,0.0
(direct) / (none),20200911,2,1,2,0,0,0.0
(direct) / (none),20200912,12,11,15,9,0,0.0
(direct) / (none),20200913,1,0,1,1,0,0.0
(direct) / (none),20200914,5,2,5,3,0,0.0
(direct) / (none),20200915,2,0,2,1,0,0.0
(direct) / (none),20200916,1,1,1,1,0,0.0
(direct) / (none),20200917,7,4,7,4,0,0.0
(direct) / (none),20200918,5,3,6,3,0,0.0
(direct) / (none),20200919,1,1,1,0,0,0.0
(direct) / (none),20200920,1,0,5,3,0,0.0
(direct) / (none),20200921,8,5,12,6,0,0.0
(direct) / (none),20200922,5,2,7,5,0,0.0
(direct) / (none),20200923,2,1,2,2,0,0.0
(direct) / (none),20200924,1,0,1,0,0,0.0
(direct) / (none),20200925,1,0,1,0,0,0.0
(direct) / (none),20200926,1,1,1,0,0,0.0
(direct) / (none),20200927,9,9,9,8,0,0.0
(direct) / (none),20200928,5,2,5,2,0,0.0
(direct) / (none),20200929,3,2,3,0,0,0.0
(direct) / (none),20200930,3,1,4,2,0,0.0
bing / organic,20200914,1,0,2,1,0,0.0
bing / organic,20200918,1,1,1,0,0,0.0
duckduckgo / organic,20200912,1,1,2,2,0,0.0
duckduckgo / organic,20200920,1,1,1,0,0,0.0
es-la.facebook.com / referral,20200920,1,1,2,1,0,0.0
facebook.com / referral,20200901,1,1,1,1,0,0.0
facebook.com / referral,20200904,1,1,1,1,0,0.0
facebook.com / referral,20200919,1,1,1,1,0,0.0
facebook.com / referral,20200922,1,1,1,1,0,0.0
facebook.com / referral,20200926,1,1,1,1,0,0.0
getpocket.com / referral,20200927,1,0,1,1,0,0.0
google / organic,20200901,2,0,2,2,0,0.0
google / organic,20200902,1,0,1,1,0,0.0
google / organic,20200903,7,3,8,4,0,0.0
google / organic,20200904,3,0,7,6,0,0.0
google / organic,20200905,2,1,2,2,0,0.0
google / organic,20200906,2,2,3,0,0,0.0
google / organic,20200907,3,2,3,2,0,0.0
google / organic,20200908,4,1,4,1,0,0.0
google / organic,20200909,3,1,5,2,0,0.0
google / organic,20200910,1,1,1,0,0,0.0
google / organic,20200911,4,3,5,2,0,0.0
google / organic,20200912,4,2,4,1,0,0.0
google / organic,20200914,7,5,9,5,0,0.0
google / organic,20200915,1,1,2,1,0,0.0
google / organic,20200916,4,3,5,1,0,0.0
google / organic,20200917,9,9,11,2,0,0.0
google / organic,20200918,9,6,10,5,0,0.0
google / organic,20200919,3,3,6,2,0,0.0
google / organic,20200920,6,5,8,4,0,0.0
google / organic,20200922,3,2,3,1,0,0.0
google / organic,20200923,2,1,2,1,0,0.0
google / organic,20200925,4,2,5,2,0,0.0
google / organic,20200926,1,1,1,1,0,0.0
google / organic,20200927,1,0,1,1,0,0.0
google / organic,20200929,2,1,2,0,0,0.0
google / organic,20200930,2,0,3,2,0,0.0
hqq.rfesc.net / referral,20200913,1,1,1,1,0,0.0
l.facebook.com / referral,20200901,1,1,1,1,0,0.0
l.facebook.com / referral,20200902,1,1,1,0,0,0.0
l.facebook.com / referral,20200904,1,1,2,2,0,0.0
l.facebook.com / referral,20200905,1,1,1,0,0,0.0
l.facebook.com / referral,20200929,3,3,3,1,0,0.0
l.facebook.com / referral,20200930,1,1,1,1,0,0.0
l.instagram.com / referral,20200915,1,1,1,0,0,0.0
l.instagram.com / referral,20200921,1,1,1,0,0,0.0
m.facebook.com / referral,20200914,1,1,1,1,0,0.0
m.facebook.com / referral,20200929,3,3,3,3,0,0.0
oxqco.skfusion.com / referral,20200927,1,1,1,1,0,0.0
podcasts.google.com / referral,20200918,1,0,2,2,0,0.0
podcasts.google.com / referral,20200928,1,1,1,0,0,0.0
t.co / referral,20200908,1,1,1,0,0,0.0
t.co / referral,20200911,1,1,1,0,0,0.0
t.co / referral,20200913,1,1,1,0,0,0.0
t.co / referral,20200918,1,1,1,0,0,0.0
t.co / referral,20200922,1,1,1,0,0,0.0
t.co / referral,20200923,2,2,2,0,0,0.0
t.co / referral,20200927,3,3,3,1,0,0.0
t.co / referral,20200928,1,1,1,0,0,0.0
t.co / referral,20200929,1,1,1,0,0,0.0
yahoo / organic,20200909,1,1,1,0,0,0.0
yahoo / organic,20200925,1,0,2,1,0,0.0
(direct) / (none),20201001,2,1,2,1,0,0.0
(direct) / (none),20201002,1,0,1,1,0,0.0
(direct) / (none),20201003,10,8,11,10,0,0.0
(direct) / (none),20201004,5,5,5,5,0,0.0
(direct) / (none),20201006,6,4,8,4,0,0.0
(direct) / (none),20201007,1,1,1,1,0,0.0
(direct) / (none),20201008,2,0,2,0,0,0.0
(direct) / (none),20201009,1,1,1,1,0,0.0
(direct) / (none),20201010,8,7,8,6,0,0.0
(direct) / (none),20201011,1,1,1,1,0,0.0
(direct) / (none),20201013,6,4,8,4,0,0.0
(direct) / (none),20201014,1,1,1,1,0,0.0
(direct) / (none),20201015,3,1,4,2,0,0.0
(direct) / (none),20201016,1,1,1,1,0,0.0
(direct) / (none),20201018,1,1,1,0,0,0.0
(direct) / (none),20201019,3,2,4,0,0,0.0
(direct) / (none),20201020,9,7,9,7,0,0.0
(direct) / (none),20201021,1,0,1,0,0,0.0
(direct) / (none),20201022,2,2,2,2,0,0.0
(direct) / (none),20201023,3,2,4,2,0,0.0
(direct) / (none),20201026,1,1,1,1,0,0.0
(direct) / (none),20201027,1,1,1,0,0,0.0
(direct) / (none),20201028,2,2,2,0,0,0.0
(direct) / (none),20201029,4,3,4,2,0,0.0
(direct) / (none),20201030,1,1,1,0,0,0.0
(direct) / (none),20201031,1,1,1,1,0,0.0
baidu / organic,20201027,2,2,2,2,0,0.0
baidu / organic,20201031,2,2,2,2,0,0.0
duckduckgo / organic,20201021,1,1,1,1,0,0.0
facebook.com / referral,20201007,1,1,1,1,0,0.0
facebook.com / referral,20201016,1,1,1,1,0,0.0
facebook.com / referral,20201018,1,1,1,1,0,0.0
facebook.com / referral,20201019,1,1,1,1,0,0.0
facebook.com / referral,20201020,1,1,1,1,0,0.0
facebook.com / referral,20201022,1,1,1,1,0,0.0
facebook.com / referral,20201031,1,1,1,1,0,0.0
google / organic,20201001,1,0,1,1,0,0.0
google / organic,20201003,4,3,7,2,0,0.0
google / organic,20201004,4,1,5,1,0,0.0
google / organic,20201005,3,2,3,3,0,0.0
google / organic,20201006,2,2,2,0,0,0.0
google / organic,20201007,4,2,4,3,0,0.0
google / organic,20201008,2,0,2,2,0,0.0
google / organic,20201009,1,0,1,0,0,0.0
google / organic,20201011,1,0,1,1,0,0.0
google / organic,20201012,2,0,2,0,0,0.0
google / organic,20201013,3,1,3,2,0,0.0
google / organic,20201014,2,1,2,1,0,0.0
google / organic,20201015,1,0,1,0,0,0.0
google / organic,20201016,2,0,2,0,0,0.0
google / organic,20201018,3,0,5,4,0,0.0
google / organic,20201019,2,0,2,2,0,0.0
google / organic,20201020,2,1,2,2,0,0.0
google / organic,20201021,2,1,2,1,0,0.0
google / organic,20201022,4,2,4,2,0,0.0
google / organic,20201023,2,1,2,1,0,0.0
google / organic,20201024,3,0,4,2,0,0.0
google / organic,20201025,2,0,2,2,0,0.0
google / organic,20201026,2,0,2,1,0,0.0
google / organic,20201027,3,1,5,3,0,0.0
google / organic,20201028,3,1,4,2,0,0.0
google / organic,20201029,3,2,3,2,0,0.0
google / organic,20201030,3,0,3,1,0,0.0
google / organic,20201031,1,1,1,0,0,0.0
l.facebook.com / referral,20201001,1,0,1,1,0,0.0
l.facebook.com / referral,20201003,1,1,2,1,0,0.0
l.facebook.com / referral,20201007,1,1,1,0,0,0.0
l.wl.co / referral,20201011,1,1,1,0,0,0.0
l.wl.co / referral,20201012,1,0,1,1,0,0.0
l.wl.co / referral,20201013,1,0,1,1,0,0.0
lm.facebook.com / referral,20201003,1,0,1,0,0,0.0
m.facebook.com / referral,20201001,1,1,1,1,0,0.0
m.facebook.com / referral,20201003,1,1,1,1,0,0.0
m.facebook.com / referral,20201004,1,1,1,1,0,0.0
m.facebook.com / referral,20201030,1,1,1,1,0,0.0
podcasts.google.com / referral,20201025,1,0,1,0,0,0.0
t.co / referral,20201005,1,1,1,1,0,0.0
t.co / referral,20201006,1,1,1,1,0,0.0
t.co / referral,20201010,1,1,1,0,0,0.0
t.co / referral,20201019,1,1,1,0,0,0.0
t.co / referral,20201025,1,1,1,0,0,0.0
t.co / referral,20201029,2,2,2,1,0,0.0
twr360.org / referral,20201001,1,1,1,1,0,0.0
yahoo / organic,20201006,1,1,1,0,0,0.0
yahoo / organic,20201007,1,0,1,0,0,0.0
yahoo / organic,20201025,1,1,1,0,0,0.0
(direct) / (none),20201101,1,1,2,0,0,0.0
(direct) / (none),20201102,3,1,3,2,0,0.0
(direct) / (none),20201103,10,8,11,9,0,0.0
(direct) / (none),20201104,2,1,2,1,0,0.0
(direct) / (none),20201106,2,1,3,0,0,0.0
(direct) / (none),20201107,1,1,1,1,0,0.0
(direct) / (none),20201109,7,4,8,4,0,0.0
(direct) / (none),20201110,4,3,4,1,0,0.0
(direct) / (none),20201111,1,0,1,0,0,0.0
(direct) / (none),20201112,2,2,3,2,0,0.0
(direct) / (none),20201113,2,1,2,2,0,0.0
(direct) / (none),20201115,1,1,1,1,0,0.0
(direct) / (none),20201116,4,2,4,1,0,0.0
(direct) / (none),20201117,4,3,4,2,0,0.0
(direct) / (none),20201118,3,1,3,1,0,0.0
(direct) / (none),20201119,2,1,2,1,0,0.0
(direct) / (none),20201121,2,2,2,1,0,0.0
(direct) / (none),20201122,2,2,3,3,0,0.0
(direct) / (none),20201123,6,4,6,2,0,0.0
(direct) / (none),20201124,8,7,8,7,0,0.0
(direct) / (none),20201125,5,2,5,2,0,0.0
(direct) / (none),20201126,5,4,5,3,0,0.0
(direct) / (none),20201127,1,0,1,0,0,0.0
(direct) / (none),20201128,1,0,1,0,0,0.0
(direct) / (none),20201130,3,2,3,1,0,0.0
baidu / organic,20201103,2,2,2,2,0,0.0
facebook.com / referral,20201104,1,1,1,1,0,0.0
facebook.com / referral,20201108,1,1,1,1,0,0.0
facebook.com / referral,20201121,2,2,2,2,0,0.0
facebook.com / referral,20201122,2,2,2,2,0,0.0
google / organic,20201101,1,0,1,0,0,0.0
google / organic,20201102,1,0,1,1,0,0.0
google / organic,20201103,1,0,1,1,0,0.0
google / organic,20201104,4,3,4,1,0,0.0
google / organic,20201105,5,3,5,1,0,0.0
google / organic,20201106,3,1,4,4,0,0.0
google / organic,20201109,3,2,3,2,0,0.0
google / organic,20201110,2,0,2,2,0,0.0
google / organic,20201111,2,1,2,1,0,0.0
google / organic,20201112,3,0,3,3,0,0.0
google / organic,20201113,4,2,4,2,0,0.0
google / organic,20201114,1,0,2,2,0,0.0
google / organic,20201116,4,2,5,4,0,0.0
google / organic,20201117,4,2,4,3,0,0.0
google / organic,20201118,7,5,7,4,0,0.0
google / organic,20201119,3,0,3,3,0,0.0
google / organic,20201120,3,0,3,3,0,0.0
google / organic,20201121,2,1,2,0,0,0.0
google / organic,20201123,3,0,3,3,0,0.0
google / organic,20201124,4,2,4,2,0,0.0
google / organic,20201125,3,1,3,2,0,0.0
google / organic,20201126,3,1,5,3,0,0.0
google / organic,20201127,2,1,2,2,0,0.0
google / organic,20201130,3,1,3,1,0,0.0
l.facebook.com / referral,20201109,1,1,1,0,0,0.0
l.facebook.com / referral,20201112,1,1,1,0,0,0.0
l.facebook.com / referral,20201113,1,1,1,0,0,0.0
l.instagram.com / referral,20201103,1,1,1,0,0,0.0
l.instagram.com / referral,20201110,1,1,1,0,0,0.0
l.instagram.com / referral,20201111,1,1,1,1,0,0.0
l.instagram.com / referral,20201116,1,1,2,0,0,0.0
m.facebook.com / referral,20201106,1,1,1,1,0,0.0
m.facebook.com / referral,20201123,3,3,4,3,0,0.0
podcasts.google.com / referral,20201101,1,0,1,0,0,0.0
podcasts.google.com / referral,20201116,1,0,1,0,0,0.0
t.co / referral,20201110,1,1,1,0,0,0.0
t.co / referral,20201119,1,1,1,0,0,0.0
t.co / referral,20201120,1,0,1,0,0,0.0
t.co / referral,20201125,1,1,1,0,0,0.0
t.co / referral,20201127,1,1,1,1,0,0.0
(direct) / (none),20201201,20,19,20,18,0,0.0
(direct) / (none),20201203,9,8,10,9,0,0.0
(direct) / (none),20201206,3,3,3,3,0,0.0
(direct) / (none),20201207,1,0,1,0,0,0.0
(direct) / (none),20201209,7,7,7,6,0,0.0
(direct) / (none),20201210,2,1,3,1,0,0.0
(direct) / (none),20201213,4,4,6,5,0,0.0
(direct) / (none),20201214,6,3,6,2,0,0.0
(direct) / (none),20201215,3,3,3,2,0,0.0
(direct) / (none),20201216,2,0,2,1,0,0.0
(direct) / (none),20201217,8,7,8,6,0,0.0
(direct) / (none),20201218,2,1,2,1,0,0.0
(direct) / (none),20201223,1,1,1,0,0,0.0
(direct) / (none),20201224,1,1,1,1,0,0.0
(direct) / (none),20201227,1,1,1,1,0,0.0
(direct) / (none),20201228,2,1,3,2,0,0.0
(direct) / (none),20201229,1,0,1,1,0,0.0
(direct) / (none),20201230,1,0,1,0,0,0.0
(direct) / (none),20201231,5,3,5,3,0,0.0
bing / organic,20201219,1,1,1,0,0,0.0
bing / organic,20201231,1,1,1,0,0,0.0
duckduckgo / organic,20201216,1,1,1,0,0,0.0
facebook.com / referral,20201213,1,1,1,1,0,0.0
facebook.com / referral,20201221,1,1,1,1,0,0.0
facebook.com / referral,20201227,2,2,2,2,0,0.0
facebook.com / referral,20201231,1,1,1,1,0,0.0
google / organic,20201201,2,0,2,1,0,0.0
google / organic,20201202,2,0,3,3,0,0.0
google / organic,20201203,5,3,6,6,0,0.0
google / organic,20201204,1,0,1,1,0,0.0
google / organic,20201205,2,1,3,2,0,0.0
google / organic,20201206,2,2,2,0,0,0.0
google / organic,20201207,2,1,2,1,0,0.0
google / organic,20201208,2,0,2,0,0,0.0
google / organic,20201209,3,0,3,3,0,0.0
google / organic,20201210,2,0,2,2,0,0.0
google / organic,20201211,3,0,3,2,0,0.0
google / organic,20201212,3,1,3,1,0,0.0
google / organic,20201213,1,1,2,1,0,0.0
google / organic,20201214,3,2,6,2,0,0.0
google / organic,20201215,5,4,5,1,0,0.0
google / organic,20201216,1,0,1,1,0,0.0
google / organic,20201217,3,2,3,1,0,0.0
google / organic,20201218,2,0,2,2,0,0.0
google / organic,20201219,1,1,1,0,0,0.0
google / organic,20201220,2,0,2,0,0,0.0
google / organic,20201221,4,2,4,1,0,0.0
google / organic,20201222,2,0,2,2,0,0.0
google / organic,20201223,4,3,4,3,0,0.0
google / organic,20201224,4,2,5,1,0,0.0
google / organic,20201225,4,0,4,4,0,0.0
google / organic,20201226,1,0,1,1,0,0.0
google / organic,20201227,1,1,1,1,0,0.0
google / organic,20201228,2,0,2,2,0,0.0
google / organic,20201229,3,1,3,2,0,0.0
google / organic,20201230,6,2,6,6,0,0.0
google / organic,20201231,2,1,2,2,0,0.0
l.facebook.com / referral,20201220,1,1,1,0,0,0.0
lm.facebook.com / referral,20201210,1,1,2,1,0,0.0
m.facebook.com / referral,20201229,1,1,1,0,0,0.0
t.co / referral,20201201,1,1,1,0,0,0.0
t.co / referral,20201203,1,1,1,0,0,0.0
t.co / referral,20201209,1,1,1,1,0,0.0
t.co / referral,20201210,1,1,2,1,0,0.0
t.co / referral,20201222,2,2,2,0,0,0.0
t.co / referral,20201224,1,0,1,0,0,0.0
t.co / referral,20201227,1,0,1,1,0,0.0
umh.niuting.org / referral,20201208,1,1,1,1,0,0.0
youtube.com / referral,20201202,1,1,1,0,0,0.0
youtube.com / referral,20201203,1,0,1,1,0,0.0
