ga:sourceMedium,ga:date,ga:users,ga:newUsers,ga:sessions,ga:bounces,ga:transactions,ga:transactionRevenue
(direct) / (none),20230101,2,1,2,1,0,0.0
(direct) / (none),20230102,2,1,2,1,0,0.0
(direct) / (none),20230103,5,5,5,2,0,0.0
(direct) / (none),20230104,3,3,3,2,0,0.0
(direct) / (none),20230105,6,6,6,4,0,0.0
(direct) / (none),20230106,4,3,4,1,0,0.0
(direct) / (none),20230108,2,0,2,2,0,0.0
(direct) / (none),20230109,3,3,3,2,0,0.0
(direct) / (none),20230110,2,1,3,1,0,0.0
(direct) / (none),20230111,1,1,1,1,0,0.0
(direct) / (none),20230112,3,3,4,2,0,0.0
(direct) / (none),20230113,2,2,3,2,0,0.0
(direct) / (none),20230114,1,0,1,1,0,0.0
(direct) / (none),20230115,1,0,1,0,0,0.0
(direct) / (none),20230116,3,2,3,2,0,0.0
(direct) / (none),20230117,1,0,2,0,0,0.0
(direct) / (none),20230119,3,2,4,2,0,0.0
(direct) / (none),20230120,9,8,11,6,0,0.0
(direct) / (none),20230121,3,2,3,1,0,0.0
(direct) / (none),20230123,3,3,4,3,0,0.0
(direct) / (none),20230124,5,5,5,3,0,0.0
(direct) / (none),20230125,1,1,1,0,0,0.0
(direct) / (none),20230126,1,0,1,0,0,0.0
(direct) / (none),20230127,5,5,6,6,0,0.0
(direct) / (none),20230128,3,3,3,3,0,0.0
(direct) / (none),20230130,3,3,3,2,0,0.0
(direct) / (none),20230131,3,0,3,1,0,0.0
bing / organic,20230103,1,1,1,0,0,0.0
facebook.com / referral,20230108,1,1,1,1,0,0.0
facebook.com / referral,20230111,1,1,1,1,0,0.0
facebook.com / referral,20230113,1,1,1,1,0,0.0
facebook.com / referral,20230118,2,2,2,2,0,0.0
facebook.com / referral,20230120,1,1,1,1,0,0.0
facebook.com / referral,20230122,1,1,1,1,0,0.0
facebook.com / referral,20230125,1,1,1,1,0,0.0
facebook.com / referral,20230128,1,1,1,1,0,0.0
google / organic,20230101,1,1,1,0,0,0.0
google / organic,20230103,1,1,1,0,0,0.0
google / organic,20230104,2,2,2,2,0,0.0
google / organic,20230105,4,2,5,3,0,0.0
google / organic,20230106,1,0,1,0,0,0.0
google / organic,20230107,1,1,2,1,0,0.0
google / organic,20230108,4,2,4,2,0,0.0
google / organic,20230109,2,0,2,0,0,0.0
google / organic,20230110,3,0,3,3,0,0.0
google / organic,20230111,1,0,4,4,0,0.0
google / organic,20230112,1,0,2,1,0,0.0
google / organic,20230114,1,0,2,2,0,0.0
google / organic,20230115,1,0,1,1,0,0.0
google / organic,20230116,1,0,1,1,0,0.0
google / organic,20230117,5,4,5,2,0,0.0
google / organic,20230118,4,3,5,1,0,0.0
google / organic,20230119,2,0,2,1,0,0.0
google / organic,20230120,3,1,5,3,0,0.0
google / organic,20230122,1,1,1,1,0,0.0
google / organic,20230124,2,1,2,2,0,0.0
google / organic,20230125,2,1,2,1,0,0.0
google / organic,20230126,1,1,1,1,0,0.0
google / organic,20230127,2,1,2,2,0,0.0
google / organic,20230128,1,0,1,1,0,0.0
google / organic,20230129,2,1,2,2,0,0.0
google / organic,20230130,1,1,1,0,0,0.0
l.facebook.com / referral,20230103,1,1,1,0,0,0.0
l.facebook.com / referral,20230106,1,1,1,0,0,0.0
l.facebook.com / referral,20230124,1,1,1,1,0,0.0
l.instagram.com / referral,20230101,1,1,1,0,0,0.0
l.instagram.com / referral,20230107,1,1,1,0,0,0.0
l.instagram.com / referral,20230119,1,1,1,0,0,0.0
l.instagram.com / referral,20230120,1,1,2,1,0,0.0
l.instagram.com / referral,20230123,1,0,1,1,0,0.0
l.instagram.com / referral,20230124,1,1,1,1,0,0.0
l.instagram.com / referral,20230127,1,1,1,0,0,0.0
lm.facebook.com / referral,20230103,3,3,3,1,0,0.0
lm.facebook.com / referral,20230105,1,1,1,0,0,0.0
lm.facebook.com / referral,20230116,1,0,1,0,0,0.0
m.facebook.com / referral,20230102,1,1,1,1,0,0.0
m.facebook.com / referral,20230105,2,2,2,2,0,0.0
m.facebook.com / referral,20230119,1,1,1,0,0,0.0
m.facebook.com / referral,20230129,1,1,1,1,0,0.0
t.co / referral,20230109,1,1,1,0,0,0.0
t.co / referral,20230116,1,1,1,0,0,0.0
t.co / referral,20230117,4,3,8,2,0,0.0
t.co / referral,20230120,2,0,3,2,0,0.0
t.co / referral,20230124,1,1,1,1,0,0.0
t.co / referral,20230129,1,1,1,0,0,0.0
(direct) / (none),20230201,1,0,1,0,0,0.0
(direct) / (none),20230202,4,4,4,2,0,0.0
(direct) / (none),20230203,2,1,2,2,0,0.0
(direct) / (none),20230204,1,1,1,1,0,0.0
(direct) / (none),20230205,2,2,2,2,0,0.0
(direct) / (none),20230206,3,2,4,2,0,0.0
(direct) / (none),20230207,4,2,4,1,0,0.0
(direct) / (none),20230209,1,1,1,1,0,0.0
(direct) / (none),20230210,2,2,2,1,0,0.0
(direct) / (none),20230211,4,4,4,4,0,0.0
(direct) / (none),20230212,3,3,3,3,0,0.0
(direct) / (none),20230213,3,3,3,3,0,0.0
(direct) / (none),20230214,3,3,4,3,0,0.0
(direct) / (none),20230215,1,0,1,0,0,0.0
(direct) / (none),20230216,4,4,4,3,0,0.0
(direct) / (none),20230217,3,3,3,2,0,0.0
(direct) / (none),20230218,5,5,7,6,0,0.0
(direct) / (none),20230219,2,2,2,2,0,0.0
(direct) / (none),20230221,5,3,5,2,0,0.0
(direct) / (none),20230222,3,2,5,3,0,0.0
(direct) / (none),20230223,2,1,2,1,0,0.0
(direct) / (none),20230224,2,1,2,1,0,0.0
(direct) / (none),20230225,3,3,4,3,0,0.0
(direct) / (none),20230226,1,1,1,1,0,0.0
(direct) / (none),20230227,3,1,3,1,0,0.0
(direct) / (none),20230228,3,2,4,2,0,0.0
bing / organic,20230227,1,1,1,1,0,0.0
duckduckgo / organic,20230209,1,1,2,1,0,0.0
facebook.com / referral,20230203,1,1,1,1,0,0.0
facebook.com / referral,20230206,1,1,1,1,0,0.0
facebook.com / referral,20230211,1,1,1,1,0,0.0
facebook.com / referral,20230213,2,2,2,2,0,0.0
facebook.com / referral,20230214,3,3,3,3,0,0.0
facebook.com / referral,20230215,5,5,5,5,0,0.0
facebook.com / referral,20230216,3,3,3,3,0,0.0
facebook.com / referral,20230217,4,4,4,4,0,0.0
facebook.com / referral,20230218,5,5,5,5,0,0.0
facebook.com / referral,20230219,3,3,3,3,0,0.0
facebook.com / referral,20230220,1,1,1,1,0,0.0
facebook.com / referral,20230221,6,6,6,6,0,0.0
facebook.com / referral,20230222,3,3,3,3,0,0.0
facebook.com / referral,20230223,10,10,10,10,0,0.0
facebook.com / referral,20230224,12,12,12,12,0,0.0
facebook.com / referral,20230225,11,11,11,11,0,0.0
facebook.com / referral,20230226,12,12,12,12,0,0.0
facebook.com / referral,20230227,11,11,11,11,0,0.0
facebook.com / referral,20230228,11,11,11,11,0,0.0
google / organic,20230201,4,3,5,3,0,0.0
google / organic,20230202,1,1,1,1,0,0.0
google / organic,20230205,1,1,1,0,0,0.0
google / organic,20230206,1,1,1,0,0,0.0
google / organic,20230207,1,1,1,0,0,0.0
google / organic,20230208,1,1,1,1,0,0.0
google / organic,20230210,1,0,2,1,0,0.0
google / organic,20230215,4,4,4,0,0,0.0
google / organic,20230217,4,4,4,1,0,0.0
google / organic,20230219,3,3,3,2,0,0.0
google / organic,20230221,1,1,1,0,0,0.0
google / organic,20230222,1,0,1,1,0,0.0
google / organic,20230223,1,1,1,1,0,0.0
google / organic,20230224,1,0,1,1,0,0.0
google / organic,20230226,2,2,2,1,0,0.0
google / organic,20230227,2,2,2,1,0,0.0
l.facebook.com / referral,20230203,1,1,1,0,0,0.0
l.facebook.com / referral,20230210,1,1,1,0,0,0.0
l.facebook.com / referral,20230217,1,0,1,0,0,0.0
l.facebook.com / referral,20230218,1,0,1,1,0,0.0
l.facebook.com / referral,20230222,1,1,1,0,0,0.0
l.facebook.com / referral,20230223,1,0,2,1,0,0.0
lm.facebook.com / referral,20230202,1,1,1,0,0,0.0
lm.facebook.com / referral,20230206,1,1,1,0,0,0.0
lm.facebook.com / referral,20230207,2,2,2,0,0,0.0
lm.facebook.com / referral,20230211,1,0,1,0,0,0.0
lm.facebook.com / referral,20230224,1,1,1,0,0,0.0
m.facebook.com / referral,20230207,1,1,1,1,0,0.0
m.facebook.com / referral,20230208,1,1,1,0,0,0.0
m.facebook.com / referral,20230212,1,1,1,1,0,0.0
m.facebook.com / referral,20230213,1,1,1,1,0,0.0
m.facebook.com / referral,20230224,2,2,2,1,0,0.0
t.co / referral,20230203,1,1,1,1,0,0.0
t.co / referral,20230210,1,1,1,0,0,0.0
t.co / referral,20230214,1,1,1,0,0,0.0
t.co / referral,20230216,2,1,2,1,0,0.0
t.co / referral,20230217,1,1,1,0,0,0.0
(direct) / (none),20230301,12,10,12,4,0,0.0
(direct) / (none),20230302,5,4,5,4,0,0.0
(direct) / (none),20230303,2,1,2,1,0,0.0
(direct) / (none),20230305,3,2,3,2,0,0.0
(direct) / (none),20230306,8,7,8,3,0,0.0
(direct) / (none),20230307,5,3,8,5,0,0.0
(direct) / (none),20230308,3,3,3,1,0,0.0
(direct) / (none),20230309,3,2,4,2,0,0.0
(direct) / (none),20230310,1,0,1,1,0,0.0
(direct) / (none),20230311,1,0,2,1,0,0.0
(direct) / (none),20230312,4,3,6,5,0,0.0
(direct) / (none),20230313,6,5,6,6,0,0.0
(direct) / (none),20230314,4,3,4,3,0,0.0
(direct) / (none),20230315,3,2,3,2,0,0.0
(direct) / (none),20230316,2,2,2,1,0,0.0
(direct) / (none),20230317,7,7,9,3,0,0.0
(direct) / (none),20230318,1,1,1,1,0,0.0
(direct) / (none),20230319,1,1,1,1,0,0.0
(direct) / (none),20230320,5,4,5,4,0,0.0
(direct) / (none),20230321,2,2,2,1,0,0.0
(direct) / (none),20230322,4,4,4,2,0,0.0
(direct) / (none),20230323,1,1,1,1,0,0.0
(direct) / (none),20230324,1,1,1,1,0,0.0
(direct) / (none),20230325,1,0,1,0,0,0.0
(direct) / (none),20230327,2,2,2,2,0,0.0
(direct) / (none),20230328,8,8,8,5,0,0.0
(direct) / (none),20230329,2,2,2,2,0,0.0
(direct) / (none),20230330,5,4,5,5,0,0.0
(direct) / (none),20230331,1,1,2,0,0,0.0
baidu / organic,20230312,1,1,1,1,0,0.0
bing / organic,20230314,1,1,1,1,0,0.0
ca.search.yahoo.com / referral,20230301,1,0,1,0,0,0.0
ca.search.yahoo.com / referral,20230303,1,0,1,0,0,0.0
ca.search.yahoo.com / referral,20230306,1,0,1,0,0,0.0
ca.search.yahoo.com / referral,20230310,1,0,3,2,0,0.0
ca.search.yahoo.com / referral,20230314,1,0,1,0,0,0.0
ca.search.yahoo.com / referral,20230320,1,0,2,0,0,0.0
ca.search.yahoo.com / referral,20230321,1,0,1,0,0,0.0
ca.search.yahoo.com / referral,20230330,1,0,2,0,0,0.0
ecosia.org / organic,20230306,1,1,1,0,0,0.0
El Faro de Redención / email,20230301,1,1,1,1,0,0.0
El Faro de Redención / email,20230303,1,1,1,1,0,0.0
El Faro de Redención / email,20230328,1,0,1,0,0,0.0
facebook.com / referral,20230301,9,9,9,9,0,0.0
facebook.com / referral,20230302,12,12,12,12,0,0.0
facebook.com / referral,20230303,13,13,13,13,0,0.0
facebook.com / referral,20230304,7,7,7,7,0,0.0
facebook.com / referral,20230305,5,5,5,5,0,0.0
facebook.com / referral,20230306,12,12,12,12,0,0.0
facebook.com / referral,20230307,11,11,11,11,0,0.0
facebook.com / referral,20230308,12,12,12,12,0,0.0
facebook.com / referral,20230309,12,12,12,12,0,0.0
facebook.com / referral,20230310,5,5,5,5,0,0.0
facebook.com / referral,20230311,8,8,8,8,0,0.0
facebook.com / referral,20230312,7,7,7,7,0,0.0
facebook.com / referral,20230313,6,6,6,6,0,0.0
facebook.com / referral,20230314,9,9,9,9,0,0.0
facebook.com / referral,20230315,7,7,7,7,0,0.0
facebook.com / referral,20230316,7,7,7,7,0,0.0
facebook.com / referral,20230317,10,10,10,10,0,0.0
facebook.com / referral,20230318,8,8,8,8,0,0.0
facebook.com / referral,20230319,7,7,7,7,0,0.0
facebook.com / referral,20230320,8,8,8,8,0,0.0
facebook.com / referral,20230321,5,5,5,5,0,0.0
facebook.com / referral,20230322,7,7,7,7,0,0.0
facebook.com / referral,20230323,3,3,3,3,0,0.0
facebook.com / referral,20230324,8,8,8,8,0,0.0
facebook.com / referral,20230325,10,10,10,10,0,0.0
facebook.com / referral,20230326,3,3,3,3,0,0.0
facebook.com / referral,20230327,4,4,4,4,0,0.0
facebook.com / referral,20230328,3,3,3,3,0,0.0
facebook.com / referral,20230329,7,7,7,7,0,0.0
facebook.com / referral,20230330,7,7,7,7,0,0.0
facebook.com / referral,20230331,7,7,7,7,0,0.0
google / organic,20230301,4,4,5,2,0,0.0
google / organic,20230302,2,1,2,0,0,0.0
google / organic,20230303,4,1,4,0,0,0.0
google / organic,20230304,1,1,1,1,0,0.0
google / organic,20230305,1,1,1,1,0,0.0
google / organic,20230307,4,4,6,3,0,0.0
google / organic,20230309,1,0,1,0,0,0.0
google / organic,20230312,1,1,1,0,0,0.0
google / organic,20230315,1,1,1,1,0,0.0
google / organic,20230316,1,1,1,0,0,0.0
google / organic,20230317,1,0,1,0,0,0.0
google / organic,20230318,2,2,2,0,0,0.0
google / organic,20230321,1,1,1,0,0,0.0
google / organic,20230322,1,1,1,0,0,0.0
google / organic,20230323,2,1,2,1,0,0.0
google / organic,20230324,1,1,1,0,0,0.0
google / organic,20230325,1,1,1,1,0,0.0
google / organic,20230326,1,1,1,1,0,0.0
google / organic,20230327,3,3,4,3,0,0.0
google / organic,20230328,2,1,2,1,0,0.0
google / organic,20230329,1,0,1,1,0,0.0
google / organic,20230331,1,1,1,1,0,0.0
l.facebook.com / referral,20230317,1,1,1,1,0,0.0
l.facebook.com / referral,20230322,1,1,1,0,0,0.0
l.facebook.com / referral,20230326,1,1,1,0,0,0.0
l.facebook.com / referral,20230327,1,0,1,0,0,0.0
l.instagram.com / referral,20230304,1,1,1,1,0,0.0
l.instagram.com / referral,20230305,1,1,1,1,0,0.0
l.instagram.com / referral,20230328,1,1,1,1,0,0.0
lm.facebook.com / referral,20230322,1,1,1,0,0,0.0
lm.facebook.com / referral,20230323,1,1,1,1,0,0.0
lm.facebook.com / referral,20230325,1,1,1,0,0,0.0
m.facebook.com / referral,20230310,1,1,1,0,0,0.0
m.facebook.com / referral,20230312,1,1,1,0,0,0.0
m.facebook.com / referral,20230313,1,1,1,0,0,0.0
m.facebook.com / referral,20230319,1,1,1,1,0,0.0
m.facebook.com / referral,20230325,3,3,3,1,0,0.0
m.facebook.com / referral,20230328,1,1,1,1,0,0.0
nfocusdriver.com / referral,20230326,1,1,1,1,0,0.0
t.co / referral,20230301,1,0,1,1,0,0.0
t.co / referral,20230306,2,1,3,1,0,0.0
t.co / referral,20230323,1,1,1,0,0,0.0
t.co / referral,20230325,1,1,1,0,0,0.0
t.co / referral,20230327,1,0,2,2,0,0.0
t.co / referral,20230329,1,1,1,1,0,0.0
yahoo / organic,20230313,1,1,1,0,0,0.0
(direct) / (none),20230401,1,1,1,1,0,0.0
(direct) / (none),20230402,1,1,1,1,0,0.0
(direct) / (none),20230403,3,2,3,3,0,0.0
(direct) / (none),20230404,6,4,7,5,0,0.0
(direct) / (none),20230405,2,0,2,1,0,0.0
(direct) / (none),20230406,3,2,3,2,0,0.0
(direct) / (none),20230407,1,1,1,1,0,0.0
(direct) / (none),20230408,1,1,1,0,0,0.0
(direct) / (none),20230409,1,1,1,1,0,0.0
(direct) / (none),20230410,3,3,3,3,0,0.0
(direct) / (none),20230411,3,3,3,3,0,0.0
(direct) / (none),20230412,2,1,2,2,0,0.0
(direct) / (none),20230413,9,7,9,6,0,0.0
(direct) / (none),20230414,1,1,1,1,0,0.0
(direct) / (none),20230415,1,1,1,0,0,0.0
(direct) / (none),20230416,2,2,2,1,0,0.0
(direct) / (none),20230417,3,3,3,1,0,0.0
(direct) / (none),20230418,6,5,7,5,0,0.0
(direct) / (none),20230419,9,7,9,4,0,0.0
(direct) / (none),20230420,12,11,12,8,0,0.0
(direct) / (none),20230421,9,7,10,8,0,0.0
(direct) / (none),20230423,4,4,4,4,0,0.0
(direct) / (none),20230424,3,2,4,3,0,0.0
(direct) / (none),20230426,2,1,2,1,0,0.0
(direct) / (none),20230428,2,2,2,2,0,0.0
(direct) / (none),20230429,3,2,3,1,0,0.0
ca.search.yahoo.com / referral,20230425,1,0,1,0,0,0.0
duckduckgo / organic,20230410,1,1,1,0,0,0.0
duckduckgo / organic,20230412,1,1,2,2,0,0.0
duckduckgo / organic,20230413,1,0,2,2,0,0.0
El Faro de Redención / email,20230418,1,1,1,0,0,0.0
El Faro de Redención / email,20230419,4,3,5,4,0,0.0
El Faro de Redención / email,20230420,1,1,1,0,0,0.0
El Faro de Redención / email,20230421,1,0,1,0,0,0.0
El Faro de Redención / email,20230422,1,1,1,0,0,0.0
El Faro de Redención / email,20230424,1,0,1,0,0,0.0
facebook.com / referral,20230403,5,5,5,5,0,0.0
facebook.com / referral,20230404,4,4,4,4,0,0.0
facebook.com / referral,20230405,4,4,4,4,0,0.0
facebook.com / referral,20230406,1,1,1,1,0,0.0
facebook.com / referral,20230407,2,2,2,2,0,0.0
facebook.com / referral,20230408,6,6,6,6,0,0.0
facebook.com / referral,20230409,2,2,2,2,0,0.0
facebook.com / referral,20230410,3,3,3,3,0,0.0
facebook.com / referral,20230411,8,8,8,8,0,0.0
facebook.com / referral,20230413,6,6,6,6,0,0.0
facebook.com / referral,20230415,5,5,5,5,0,0.0
facebook.com / referral,20230416,6,6,6,6,0,0.0
facebook.com / referral,20230417,1,1,1,1,0,0.0
facebook.com / referral,20230418,7,7,7,7,0,0.0
facebook.com / referral,20230419,10,10,10,10,0,0.0
facebook.com / referral,20230420,5,5,5,5,0,0.0
facebook.com / referral,20230421,4,4,4,4,0,0.0
facebook.com / referral,20230422,5,5,5,5,0,0.0
facebook.com / referral,20230423,6,6,6,6,0,0.0
facebook.com / referral,20230424,9,9,9,9,0,0.0
facebook.com / referral,20230425,3,3,3,3,0,0.0
facebook.com / referral,20230427,4,4,4,4,0,0.0
facebook.com / referral,20230428,5,5,5,5,0,0.0
facebook.com / referral,20230429,2,2,2,2,0,0.0
facebook.com / referral,20230430,3,3,3,3,0,0.0
figensahin.com / referral,20230419,1,1,1,1,0,0.0
google / organic,20230401,2,1,3,2,0,0.0
google / organic,20230402,3,1,3,2,0,0.0
google / organic,20230403,2,2,2,0,0,0.0
google / organic,20230406,3,2,3,0,0,0.0
google / organic,20230408,3,3,3,2,0,0.0
google / organic,20230409,1,0,1,1,0,0.0
google / organic,20230410,8,8,11,5,0,0.0
google / organic,20230411,6,5,6,0,0,0.0
google / organic,20230412,7,6,7,3,0,0.0
google / organic,20230413,5,4,5,2,0,0.0
google / organic,20230414,3,3,3,1,0,0.0
google / organic,20230415,3,2,3,2,0,0.0
google / organic,20230417,1,1,1,0,0,0.0
google / organic,20230418,3,2,4,1,0,0.0
google / organic,20230419,4,3,6,2,0,0.0
google / organic,20230421,5,4,5,3,0,0.0
google / organic,20230422,1,1,1,0,0,0.0
google / organic,20230423,1,0,2,1,0,0.0
google / organic,20230424,1,0,1,0,0,0.0
google / organic,20230425,2,1,2,0,0,0.0
google / organic,20230426,2,1,2,0,0,0.0
google / organic,20230427,2,2,2,0,0,0.0
google / organic,20230428,1,0,4,3,0,0.0
google / organic,20230429,1,0,1,0,0,0.0
google / organic,20230430,1,1,1,0,0,0.0
l.facebook.com / referral,20230401,1,1,2,0,0,0.0
l.facebook.com / referral,20230426,1,0,1,0,0,0.0
l.instagram.com / referral,20230401,1,1,1,1,0,0.0
l.instagram.com / referral,20230406,1,1,1,1,0,0.0
l.instagram.com / referral,20230408,1,1,1,1,0,0.0
l.instagram.com / referral,20230410,2,2,2,1,0,0.0
l.instagram.com / referral,20230412,1,1,1,1,0,0.0
l.instagram.com / referral,20230417,1,1,2,1,0,0.0
l.instagram.com / referral,20230424,1,0,1,1,0,0.0
linktr.ee / referral,20230414,1,1,1,1,0,0.0
linktr.ee / referral,20230424,1,1,1,0,0,0.0
lm.facebook.com / referral,20230418,6,6,7,3,0,0.0
lm.facebook.com / referral,20230419,2,2,2,2,0,0.0
lm.facebook.com / referral,20230430,1,1,1,1,0,0.0
m.facebook.com / referral,20230401,1,1,1,0,0,0.0
m.facebook.com / referral,20230408,2,2,2,2,0,0.0
m.facebook.com / referral,20230411,1,1,1,0,0,0.0
m.facebook.com / referral,20230418,6,6,6,1,0,0.0
m.facebook.com / referral,20230419,5,4,5,4,0,0.0
m.facebook.com / referral,20230420,2,2,2,2,0,0.0
m.facebook.com / referral,20230424,1,1,1,1,0,0.0
t.co / referral,20230402,1,1,1,1,0,0.0
t.co / referral,20230404,2,2,2,1,0,0.0
t.co / referral,20230405,2,2,2,0,0,0.0
t.co / referral,20230406,1,1,1,0,0,0.0
t.co / referral,20230410,4,4,4,1,0,0.0
t.co / referral,20230416,1,1,1,0,0,0.0
t.co / referral,20230417,4,4,4,1,0,0.0
t.co / referral,20230418,1,1,1,0,0,0.0
t.co / referral,20230420,1,1,1,0,0,0.0
yahoo / organic,20230410,1,1,1,1,0,0.0
yahoo / organic,20230412,1,1,1,0,0,0.0
(direct) / (none),20230501,4,4,4,3,0,0.0
(direct) / (none),20230502,2,2,2,2,0,0.0
(direct) / (none),20230503,1,1,1,0,0,0.0
(direct) / (none),20230504,9,9,9,3,0,0.0
(direct) / (none),20230505,4,2,6,4,0,0.0
(direct) / (none),20230506,1,0,1,1,0,0.0
(direct) / (none),20230507,3,2,3,1,0,0.0
(direct) / (none),20230508,3,2,3,1,0,0.0
(direct) / (none),20230509,2,2,2,1,0,0.0
(direct) / (none),20230510,1,1,1,0,0,0.0
(direct) / (none),20230511,4,4,4,3,0,0.0
(direct) / (none),20230512,2,1,2,2,0,0.0
(direct) / (none),20230513,2,1,2,1,0,0.0
(direct) / (none),20230514,2,2,2,2,0,0.0
(direct) / (none),20230515,4,3,4,3,0,0.0
(direct) / (none),20230516,3,2,3,3,0,0.0
(direct) / (none),20230520,5,5,5,4,0,0.0
(direct) / (none),20230521,2,2,2,2,0,0.0
(direct) / (none),20230522,3,3,4,3,0,0.0
(direct) / (none),20230523,4,4,4,4,0,0.0
(direct) / (none),20230524,1,1,1,0,0,0.0
(direct) / (none),20230525,1,1,1,1,0,0.0
(direct) / (none),20230529,1,1,1,1,0,0.0
(direct) / (none),20230530,3,2,4,2,0,0.0
(direct) / (none),20230531,7,6,7,6,0,0.0
bing / organic,20230511,1,1,1,0,0,0.0
bing / organic,20230524,1,1,1,0,0,0.0
ca.search.yahoo.com / referral,20230502,1,0,3,1,0,0.0
ca.search.yahoo.com / referral,20230503,1,0,2,0,0,0.0
ca.search.yahoo.com / referral,20230506,1,0,1,0,0,0.0
ca.search.yahoo.com / referral,20230508,1,0,1,0,0,0.0
El Faro de Redención / email,20230524,1,1,1,0,0,0.0
El Faro de Redención / email,20230528,1,0,1,0,0,0.0
ericshome.store / referral,20230525,1,1,1,1,0,0.0
facebook.com / referral,20230501,4,4,4,4,0,0.0
facebook.com / referral,20230502,7,7,7,7,0,0.0
facebook.com / referral,20230503,7,7,7,7,0,0.0
facebook.com / referral,20230504,7,7,7,7,0,0.0
facebook.com / referral,20230505,7,7,7,7,0,0.0
facebook.com / referral,20230506,4,4,4,4,0,0.0
facebook.com / referral,20230507,7,7,7,7,0,0.0
facebook.com / referral,20230508,5,5,5,5,0,0.0
facebook.com / referral,20230509,5,5,5,5,0,0.0
facebook.com / referral,20230510,1,1,1,1,0,0.0
facebook.com / referral,20230525,1,1,1,1,0,0.0
google / organic,20230501,3,0,3,2,0,0.0
google / organic,20230502,1,0,1,0,0,0.0
google / organic,20230504,1,1,1,0,0,0.0
google / organic,20230506,2,2,2,0,0,0.0
google / organic,20230508,2,2,2,0,0,0.0
google / organic,20230509,1,0,1,0,0,0.0
google / organic,20230511,4,4,4,1,0,0.0
google / organic,20230512,1,1,1,0,0,0.0
google / organic,20230515,3,3,4,3,0,0.0
google / organic,20230516,1,0,1,1,0,0.0
google / organic,20230518,2,2,3,2,0,0.0
google / organic,20230519,1,1,1,1,0,0.0
google / organic,20230522,1,0,1,1,0,0.0
google / organic,20230523,2,2,2,0,0,0.0
google / organic,20230524,1,1,1,0,0,0.0
google / organic,20230525,2,2,2,0,0,0.0
google / organic,20230526,1,0,1,1,0,0.0
google / organic,20230529,1,1,1,0,0,0.0
google / organic,20230530,1,1,1,0,0,0.0
google / organic,20230531,1,1,1,1,0,0.0
l.facebook.com / referral,20230501,2,1,2,2,0,0.0
l.facebook.com / referral,20230505,1,0,1,1,0,0.0
l.facebook.com / referral,20230506,1,0,2,2,0,0.0
l.instagram.com / referral,20230504,1,1,1,1,0,0.0
l.instagram.com / referral,20230510,5,5,5,3,0,0.0
l.instagram.com / referral,20230511,4,4,4,3,0,0.0
l.instagram.com / referral,20230513,2,2,2,1,0,0.0
l.instagram.com / referral,20230515,1,1,1,0,0,0.0
l.instagram.com / referral,20230517,1,1,1,1,0,0.0
lm.facebook.com / referral,20230503,2,1,2,1,0,0.0
lm.facebook.com / referral,20230507,1,1,1,0,0,0.0
lm.facebook.com / referral,20230524,1,1,1,1,0,0.0
lm.facebook.com / referral,20230525,1,0,1,1,0,0.0
m.facebook.com / referral,20230501,1,1,1,0,0,0.0
m.facebook.com / referral,20230508,1,1,1,1,0,0.0
m.facebook.com / referral,20230511,1,1,1,0,0,0.0
podbean.com / referral,20230508,1,0,1,1,0,0.0
t.co / referral,20230509,1,1,1,0,0,0.0
t.co / referral,20230515,2,1,3,2,0,0.0
t.co / referral,20230516,2,1,2,1,0,0.0
t.co / referral,20230518,1,1,1,0,0,0.0
t.co / referral,20230522,1,1,1,0,0,0.0
t.co / referral,20230523,2,2,2,0,0,0.0
t.co / referral,20230531,1,1,1,1,0,0.0
www-twr360-org.translate.goog / referral,20230518,1,1,1,0,0,0.0
(direct) / (none),20230601,3,3,3,3,0,0.0
(direct) / (none),20230603,1,1,1,1,0,0.0
(direct) / (none),20230605,2,2,2,2,0,0.0
(direct) / (none),20230606,1,1,1,1,0,0.0
(direct) / (none),20230607,3,2,5,3,0,0.0
(direct) / (none),20230608,1,1,1,1,0,0.0
(direct) / (none),20230609,1,1,1,1,0,0.0
(direct) / (none),20230610,2,2,2,2,0,0.0
(direct) / (none),20230611,1,1,1,1,0,0.0
(direct) / (none),20230612,3,3,3,3,0,0.0
(direct) / (none),20230613,2,1,2,0,0,0.0
(direct) / (none),20230614,2,1,2,0,0,0.0
(direct) / (none),20230615,3,3,3,2,0,0.0
(direct) / (none),20230616,3,3,3,3,0,0.0
(direct) / (none),20230617,1,1,1,1,0,0.0
(direct) / (none),20230618,2,2,2,2,0,0.0
(direct) / (none),20230619,2,2,2,1,0,0.0
(direct) / (none),20230620,2,2,2,1,0,0.0
(direct) / (none),20230621,2,1,2,1,0,0.0
(direct) / (none),20230622,1,1,1,0,0,0.0
(direct) / (none),20230624,2,2,3,3,0,0.0
(direct) / (none),20230625,2,0,2,1,0,0.0
(direct) / (none),20230626,3,2,3,2,0,0.0
(direct) / (none),20230627,2,2,2,1,0,0.0
(direct) / (none),20230628,4,4,5,4,0,0.0
(direct) / (none),20230629,1,1,1,1,0,0.0
(direct) / (none),20230630,3,1,4,3,0,0.0
El Faro de Redención / email,20230611,1,0,1,0,0,0.0
El Faro de Redención / email,20230614,2,2,2,1,0,0.0
El Faro de Redención / email,20230625,1,1,1,1,0,0.0
El Faro de Redención / email,20230630,1,1,1,1,0,0.0
ethelsblog.online / referral,20230611,1,1,1,1,0,0.0
facebook.com / referral,20230616,1,1,1,1,0,0.0
facebook.com / referral,20230625,1,1,1,1,0,0.0
facebook.com / referral,20230626,1,1,1,1,0,0.0
facebook.com / referral,20230627,1,1,1,1,0,0.0
Fy Abeb ef Efefadva / email,20230629,3,3,3,1,0,0.0
google / organic,20230602,3,3,3,1,0,0.0
google / organic,20230607,1,1,1,1,0,0.0
google / organic,20230608,3,2,3,2,0,0.0
google / organic,20230609,4,4,5,2,0,0.0
google / organic,20230610,1,0,1,1,0,0.0
google / organic,20230611,2,1,3,1,0,0.0
google / organic,20230612,1,1,1,0,0,0.0
google / organic,20230619,1,1,1,0,0,0.0
google / organic,20230620,1,1,1,1,0,0.0
google / organic,20230622,3,3,3,1,0,0.0
google / organic,20230623,1,1,1,0,0,0.0
google / organic,20230624,2,2,2,0,0,0.0
google / organic,20230625,1,1,1,1,0,0.0
google / organic,20230626,2,2,2,0,0,0.0
google / organic,20230628,1,1,1,0,0,0.0
google / organic,20230629,1,1,1,0,0,0.0
google / organic,20230630,2,1,2,0,0,0.0
kendrablog.online / referral,20230625,1,1,1,1,0,0.0
l.instagram.com / referral,20230606,1,1,1,1,0,0.0
l.instagram.com / referral,20230607,1,1,1,0,0,0.0
l.instagram.com / referral,20230612,2,2,2,2,0,0.0
l.instagram.com / referral,20230619,1,1,1,0,0,0.0
l.instagram.com / referral,20230623,2,2,2,0,0,0.0
l.instagram.com / referral,20230624,1,1,1,0,0,0.0
l.instagram.com / referral,20230627,1,1,1,0,0,0.0
lm.facebook.com / referral,20230615,1,1,1,1,0,0.0
lm.facebook.com / referral,20230628,1,1,1,0,0,0.0
m.facebook.com / referral,20230622,1,1,1,1,0,0.0
m.facebook.com / referral,20230623,2,2,2,1,0,0.0
m.facebook.com / referral,20230624,1,1,1,1,0,0.0
m.facebook.com / referral,20230627,1,1,1,0,0,0.0
m.facebook.com / referral,20230628,2,2,2,0,0,0.0
t.co / referral,20230608,1,1,1,0,0,0.0
t.co / referral,20230613,5,4,5,1,0,0.0
t.co / referral,20230614,1,1,1,0,0,0.0
t.co / referral,20230628,2,1,2,1,0,0.0
(direct) / (none),20230701,1,1,1,1,0,0.0
(direct) / (none),20230702,2,2,2,2,0,0.0
(direct) / (none),20230703,4,2,4,2,0,0.0
El Faro de Redención / email,20230702,1,1,1,0,0,0.0
google / organic,20230703,3,2,3,3,0,0.0
m.facebook.com / referral,20230703,2,2,2,1,0,0.0
