ga:sourceMedium,ga:date,ga:users,ga:newUsers,ga:sessions,ga:bounces,ga:transactions,ga:transactionRevenue
(direct) / (none),20220101,30,14,33,25,0,0.0
(direct) / (none),20220102,24,8,31,17,0,0.0
(direct) / (none),20220103,44,21,48,31,0,0.0
(direct) / (none),20220104,60,33,69,38,0,0.0
(direct) / (none),20220105,66,38,74,42,0,0.0
(direct) / (none),20220106,59,37,64,35,0,0.0
(direct) / (none),20220107,72,50,79,40,0,0.0
(direct) / (none),20220108,35,22,40,19,0,0.0
(direct) / (none),20220109,20,7,28,10,0,0.0
(direct) / (none),20220110,48,28,58,29,0,0.0
(direct) / (none),20220111,49,25,58,31,0,0.0
(direct) / (none),20220112,54,31,61,30,0,0.0
(direct) / (none),20220113,43,22,54,23,0,0.0
(direct) / (none),20220114,43,20,50,31,0,0.0
(direct) / (none),20220115,23,7,32,16,0,0.0
(direct) / (none),20220116,35,18,41,26,0,0.0
(direct) / (none),20220117,40,18,45,24,0,0.0
(direct) / (none),20220118,44,16,48,23,0,0.0
(direct) / (none),20220119,40,16,49,31,0,0.0
(direct) / (none),20220120,40,18,41,23,0,0.0
(direct) / (none),20220121,30,12,35,20,0,0.0
(direct) / (none),20220122,30,13,34,17,0,0.0
(direct) / (none),20220123,22,10,26,16,0,0.0
(direct) / (none),20220124,38,17,40,20,0,0.0
(direct) / (none),20220125,36,14,41,21,0,0.0
(direct) / (none),20220126,42,21,52,33,0,0.0
(direct) / (none),20220127,35,12,40,27,0,0.0
(direct) / (none),20220128,23,8,26,15,0,0.0
(direct) / (none),20220129,23,9,25,13,0,0.0
(direct) / (none),20220130,22,14,28,17,0,0.0
(direct) / (none),20220131,33,11,41,26,0,0.0
app.asana.com / referral,20220126,1,1,1,1,0,0.0
bing / organic,20220101,3,2,4,3,0,0.0
bing / organic,20220102,1,0,4,3,0,0.0
bing / organic,20220103,1,0,2,1,0,0.0
bing / organic,20220104,1,0,2,1,0,0.0
bing / organic,20220105,2,0,4,2,0,0.0
bing / organic,20220106,1,0,1,0,0,0.0
bing / organic,20220107,2,0,3,1,0,0.0
bing / organic,20220108,1,0,1,0,0,0.0
bing / organic,20220109,1,0,1,0,0,0.0
bing / organic,20220110,2,0,4,2,0,0.0
bing / organic,20220111,1,0,2,1,0,0.0
bing / organic,20220112,1,0,1,0,0,0.0
bing / organic,20220113,1,0,5,5,0,0.0
bing / organic,20220114,1,0,3,2,0,0.0
bing / organic,20220115,1,0,3,2,0,0.0
bing / organic,20220116,1,0,2,1,0,0.0
bing / organic,20220117,2,0,3,1,0,0.0
bing / organic,20220118,2,0,3,0,0,0.0
bing / organic,20220119,1,0,1,0,0,0.0
bing / organic,20220120,2,0,2,1,0,0.0
bing / organic,20220121,1,0,2,1,0,0.0
bing / organic,20220122,1,0,1,0,0,0.0
bing / organic,20220123,1,0,2,0,0,0.0
bing / organic,20220124,1,0,3,2,0,0.0
bing / organic,20220125,1,0,2,1,0,0.0
bing / organic,20220126,1,0,2,1,0,0.0
bing / organic,20220127,1,0,3,1,0,0.0
bing / organic,20220128,1,0,3,2,0,0.0
bing / organic,20220129,1,0,2,1,0,0.0
bing / organic,20220130,1,0,2,1,0,0.0
bing / organic,20220131,1,0,2,0,0,0.0
duckduckgo / organic,20220104,1,1,1,1,0,0.0
google / organic,20220101,8,8,8,5,0,0.0
google / organic,20220102,3,2,3,3,0,0.0
google / organic,20220103,14,11,15,8,0,0.0
google / organic,20220104,15,9,16,7,0,0.0
google / organic,20220105,16,12,18,9,0,0.0
google / organic,20220106,10,7,12,2,0,0.0
google / organic,20220107,11,10,15,4,0,0.0
google / organic,20220108,8,3,10,6,0,0.0
google / organic,20220109,4,2,4,1,0,0.0
google / organic,20220110,14,9,14,6,0,0.0
google / organic,20220111,17,15,17,9,0,0.0
google / organic,20220112,17,12,19,6,0,0.0
google / organic,20220113,11,6,13,5,0,0.0
google / organic,20220114,13,8,14,7,0,0.0
google / organic,20220115,6,4,6,3,0,0.0
google / organic,20220116,1,0,1,0,0,0.0
google / organic,20220117,3,1,3,1,0,0.0
google / organic,20220118,3,0,4,3,0,0.0
google / organic,20220119,3,0,3,3,0,0.0
google / organic,20220120,2,0,4,1,0,0.0
google / organic,20220121,1,0,1,1,0,0.0
google / organic,20220122,1,1,1,0,0,0.0
google / organic,20220123,1,0,1,0,0,0.0
google / organic,20220124,3,1,3,1,0,0.0
google / organic,20220125,2,1,2,0,0,0.0
google / organic,20220126,2,0,2,1,0,0.0
google / organic,20220127,2,0,4,2,0,0.0
google / organic,20220128,2,1,4,3,0,0.0
google / organic,20220131,4,3,6,3,0,0.0
haven.streamon.fm / referral,20220105,1,1,2,1,0,0.0
haven.streamon.fm / referral,20220106,1,0,2,2,0,0.0
haven.streamon.fm / referral,20220107,1,0,1,0,0,0.0
haven.streamon.fm / referral,20220110,1,0,2,2,0,0.0
haven.streamon.fm / referral,20220113,1,0,1,1,0,0.0
haven.streamon.fm / referral,20220127,1,0,1,0,0,0.0
haven.streamon.fm / referral,20220128,1,0,2,1,0,0.0
haven.streamon.fm / referral,20220131,1,0,1,0,0,0.0
havenministries.com / referral,20220104,1,1,1,1,0,0.0
havenministries.com / referral,20220125,1,1,1,1,0,0.0
havenministries.com / referral,20220127,1,1,1,0,0,0.0
haventoday.org / referral,20220101,12,6,15,3,0,0.0
haventoday.org / referral,20220102,9,6,13,0,0,0.0
haventoday.org / referral,20220103,12,8,21,5,0,0.0
haventoday.org / referral,20220104,30,21,34,12,0,0.0
haventoday.org / referral,20220105,21,10,25,8,0,0.0
haventoday.org / referral,20220106,32,21,41,17,0,0.0
haventoday.org / referral,20220107,29,18,36,5,0,0.0
haventoday.org / referral,20220108,17,11,21,4,0,0.0
haventoday.org / referral,20220109,14,11,17,2,0,0.0
haventoday.org / referral,20220110,29,18,32,10,0,0.0
haventoday.org / referral,20220111,28,21,35,8,0,0.0
haventoday.org / referral,20220112,29,20,34,14,0,0.0
haventoday.org / referral,20220113,28,19,33,10,0,0.0
haventoday.org / referral,20220114,24,20,29,10,0,0.0
haventoday.org / referral,20220115,3,0,3,0,0,0.0
haventoday.org / referral,20220116,1,0,2,2,0,0.0
haventoday.org / referral,20220117,6,0,7,4,0,0.0
haventoday.org / referral,20220119,4,0,6,5,0,0.0
haventoday.org / referral,20220120,3,0,3,1,0,0.0
haventoday.org / referral,20220122,3,0,4,3,0,0.0
haventoday.org / referral,20220123,1,0,1,1,0,0.0
haventoday.org / referral,20220125,1,0,1,0,0,0.0
haventoday.org / referral,20220127,1,0,1,1,0,0.0
haventoday.org / referral,20220128,1,0,1,0,0,0.0
haventoday.org / referral,20220129,2,0,2,1,0,0.0
haventoday.org / referral,20220130,1,0,1,1,0,0.0
haventoday.org / referral,20220131,2,0,2,2,0,0.0
kfmradio.ca / referral,20220101,1,1,1,1,0,0.0
l.facebook.com / referral,20220101,1,0,1,0,0,0.0
l.facebook.com / referral,20220107,1,1,1,1,0,0.0
l.facebook.com / referral,20220109,1,0,1,0,0,0.0
l.facebook.com / referral,20220126,1,0,1,1,0,0.0
l.messenger.com / referral,20220108,1,1,1,1,0,0.0
lm.facebook.com / referral,20220120,1,0,1,0,0,0.0
london.faithfm.org / referral,20220106,1,1,3,3,0,0.0
london.faithfm.org / referral,20220110,1,1,1,1,0,0.0
london.faithfm.org / referral,20220112,1,1,1,0,0,0.0
london.faithfm.org / referral,20220113,1,0,1,1,0,0.0
london.faithfm.org / referral,20220118,1,0,1,1,0,0.0
london.faithfm.org / referral,20220127,1,1,1,1,0,0.0
london.faithfm.org / referral,20220131,1,1,1,0,0,0.0
m.facebook.com / referral,20220101,1,1,1,0,0,0.0
m.facebook.com / referral,20220102,3,1,3,3,0,0.0
m.facebook.com / referral,20220103,1,1,1,1,0,0.0
m.facebook.com / referral,20220104,5,4,5,4,0,0.0
m.facebook.com / referral,20220105,2,1,2,1,0,0.0
m.facebook.com / referral,20220106,3,3,3,3,0,0.0
m.facebook.com / referral,20220107,1,1,1,0,0,0.0
m.facebook.com / referral,20220108,1,1,1,1,0,0.0
m.facebook.com / referral,20220109,2,1,2,2,0,0.0
m.facebook.com / referral,20220111,2,2,2,2,0,0.0
m.facebook.com / referral,20220112,2,1,2,2,0,0.0
m.facebook.com / referral,20220113,3,2,3,3,0,0.0
m.facebook.com / referral,20220114,2,1,2,2,0,0.0
m.facebook.com / referral,20220115,2,2,2,2,0,0.0
m.facebook.com / referral,20220116,1,1,1,1,0,0.0
m.facebook.com / referral,20220119,1,1,1,1,0,0.0
m.facebook.com / referral,20220120,1,1,1,1,0,0.0
m.facebook.com / referral,20220121,1,0,1,1,0,0.0
m.facebook.com / referral,20220123,2,1,2,2,0,0.0
m.facebook.com / referral,20220124,1,1,1,1,0,0.0
m.facebook.com / referral,20220126,2,2,2,2,0,0.0
m.facebook.com / referral,20220129,2,2,2,2,0,0.0
m.facebook.com / referral,20220130,1,1,1,1,0,0.0
m.facebook.com / referral,20220131,1,1,2,2,0,0.0
mail.google.com / referral,20220102,1,1,1,0,0,0.0
us8.admin.mailchimp.com / referral,20220105,1,0,2,0,0,0.0
us8.admin.mailchimp.com / referral,20220110,1,0,1,0,0,0.0
us8.admin.mailchimp.com / referral,20220114,1,0,1,0,0,0.0
us8.admin.mailchimp.com / referral,20220126,1,0,1,0,0,0.0
(direct) / (none),20220201,25,7,30,19,0,0.0
(direct) / (none),20220202,44,24,47,24,0,0.0
(direct) / (none),20220203,48,18,60,39,0,0.0
(direct) / (none),20220204,50,25,54,32,0,0.0
(direct) / (none),20220205,37,24,43,26,0,0.0
(direct) / (none),20220206,32,13,39,23,0,0.0
(direct) / (none),20220207,48,18,62,30,0,0.0
(direct) / (none),20220208,40,14,43,21,0,0.0
(direct) / (none),20220209,38,14,44,26,0,0.0
(direct) / (none),20220210,61,26,71,35,0,0.0
(direct) / (none),20220211,25,6,35,20,0,0.0
(direct) / (none),20220212,33,18,37,17,0,0.0
(direct) / (none),20220213,28,14,32,19,0,0.0
(direct) / (none),20220214,41,16,52,31,0,0.0
(direct) / (none),20220215,37,16,42,23,0,0.0
app.asana.com / referral,20220204,1,0,1,1,0,0.0
app.asana.com / referral,20220207,1,0,6,2,0,0.0
app.asana.com / referral,20220208,1,0,1,0,0,0.0
bing / organic,20220202,1,0,1,0,0,0.0
bing / organic,20220203,1,0,1,0,0,0.0
bing / organic,20220204,1,0,1,0,0,0.0
bing / organic,20220205,1,0,1,0,0,0.0
bing / organic,20220207,1,0,1,0,0,0.0
bing / organic,20220209,1,0,2,1,0,0.0
bing / organic,20220210,1,0,3,2,0,0.0
bing / organic,20220211,2,1,2,1,0,0.0
bing / organic,20220212,1,0,3,2,0,0.0
bing / organic,20220213,2,0,2,0,0,0.0
bing / organic,20220214,2,0,2,1,0,0.0
bing / organic,20220215,2,1,2,1,0,0.0
duckduckgo / organic,20220212,1,1,1,1,0,0.0
google / organic,20220201,3,1,3,0,0,0.0
google / organic,20220202,4,1,4,0,0,0.0
google / organic,20220203,6,3,7,1,0,0.0
google / organic,20220204,4,1,9,2,0,0.0
google / organic,20220205,2,1,2,0,0,0.0
google / organic,20220206,1,0,1,1,0,0.0
google / organic,20220207,3,2,3,3,0,0.0
google / organic,20220208,6,0,6,2,0,0.0
google / organic,20220209,3,1,4,1,0,0.0
google / organic,20220210,2,0,3,2,0,0.0
google / organic,20220211,9,3,11,7,0,0.0
google / organic,20220212,8,5,8,4,0,0.0
google / organic,20220213,2,2,2,0,0,0.0
google / organic,20220214,5,2,5,3,0,0.0
google / organic,20220215,4,4,4,3,0,0.0
greatstoriescharlesmorris.podbean.com / referral,20220210,1,0,1,0,0,0.0
haven.streamon.fm / referral,20220201,1,0,2,1,0,0.0
haven.streamon.fm / referral,20220202,1,0,1,0,0,0.0
haven.streamon.fm / referral,20220209,1,0,1,0,0,0.0
haven.streamon.fm / referral,20220210,1,0,3,0,0,0.0
haven.streamon.fm / referral,20220211,1,0,3,2,0,0.0
haven.streamon.fm / referral,20220214,1,0,2,1,0,0.0
haven.streamon.fm / referral,20220215,1,0,1,0,0,0.0
havenministries.com / referral,20220201,1,1,1,1,0,0.0
havenministries.com / referral,20220202,1,1,1,1,0,0.0
havenministries.com / referral,20220210,1,1,1,1,0,0.0
havenministries.com / referral,20220214,1,1,1,1,0,0.0
haventoday.org / referral,20220202,2,0,2,1,0,0.0
haventoday.org / referral,20220203,2,0,4,4,0,0.0
haventoday.org / referral,20220205,2,0,2,0,0,0.0
haventoday.org / referral,20220207,2,0,2,0,0,0.0
haventoday.org / referral,20220208,1,0,1,1,0,0.0
haventoday.org / referral,20220209,3,0,3,1,0,0.0
haventoday.org / referral,20220210,3,0,6,3,0,0.0
haventoday.org / referral,20220211,3,0,3,1,0,0.0
haventoday.org / referral,20220212,2,0,2,2,0,0.0
haventoday.org / referral,20220213,1,0,1,1,0,0.0
haventoday.org / referral,20220214,3,2,3,2,0,0.0
haventoday.org / referral,20220215,3,1,3,2,0,0.0
kfmradio.ca / referral,20220208,1,0,1,1,0,0.0
kfmradio.ca / referral,20220214,1,1,1,1,0,0.0
l.facebook.com / referral,20220211,1,1,1,1,0,0.0
l.facebook.com / referral,20220215,1,1,1,1,0,0.0
linktr.ee / referral,20220212,1,1,1,0,0,0.0
lm.facebook.com / referral,20220206,1,0,1,1,0,0.0
lm.facebook.com / referral,20220210,1,1,1,1,0,0.0
lm.facebook.com / referral,20220211,1,0,1,1,0,0.0
lm.facebook.com / referral,20220213,1,1,1,0,0,0.0
lm.facebook.com / referral,20220214,1,1,1,1,0,0.0
london.faithfm.org / referral,20220201,1,1,1,1,0,0.0
london.faithfm.org / referral,20220202,1,1,1,1,0,0.0
m.facebook.com / referral,20220201,1,1,1,1,0,0.0
m.facebook.com / referral,20220202,5,5,5,5,0,0.0
m.facebook.com / referral,20220203,2,2,2,2,0,0.0
m.facebook.com / referral,20220204,2,2,2,1,0,0.0
m.facebook.com / referral,20220205,2,1,2,2,0,0.0
m.facebook.com / referral,20220207,2,1,2,2,0,0.0
m.facebook.com / referral,20220208,1,1,1,1,0,0.0
m.facebook.com / referral,20220209,1,1,1,1,0,0.0
m.facebook.com / referral,20220210,2,2,3,1,0,0.0
m.facebook.com / referral,20220211,1,1,1,1,0,0.0
m.facebook.com / referral,20220212,4,4,4,4,0,0.0
m.facebook.com / referral,20220213,3,2,3,3,0,0.0
m.facebook.com / referral,20220214,1,1,1,1,0,0.0
m.facebook.com / referral,20220215,1,0,1,1,0,0.0
startpage.com / referral,20220202,1,0,1,1,0,0.0
us8.admin.mailchimp.com / referral,20220202,1,0,1,0,0,0.0
us8.admin.mailchimp.com / referral,20220208,1,0,1,0,0,0.0
us8.admin.mailchimp.com / referral,20220210,1,0,2,1,0,0.0
