ga:sourceMedium,ga:date,ga:users,ga:newUsers,ga:sessions,ga:bounces,ga:transactions,ga:transactionRevenue
(direct) / (none),20180101,3,3,3,2,0,0.0
(direct) / (none),20180102,2,2,2,2,0,0.0
(direct) / (none),20180103,3,3,3,3,0,0.0
(direct) / (none),20180104,1,1,1,1,0,0.0
(direct) / (none),20180105,3,3,3,1,0,0.0
(direct) / (none),20180106,3,3,3,2,0,0.0
(direct) / (none),20180107,1,1,1,1,0,0.0
(direct) / (none),20180108,3,3,3,2,0,0.0
(direct) / (none),20180114,22,22,22,22,0,0.0
(direct) / (none),20180121,2,2,2,2,0,0.0
(direct) / (none),20180127,1,1,1,1,0,0.0
(direct) / (none),20180130,1,1,1,0,0,0.0
Bible in 90 Days Challenge / email,20180101,1,0,1,1,0,0.0
bing / organic,20180101,3,3,3,1,0,0.0
bing / organic,20180102,2,2,2,2,0,0.0
bing / organic,20180103,2,2,2,1,0,0.0
bing / organic,20180105,2,2,2,1,0,0.0
bing / organic,20180111,1,1,1,1,0,0.0
bing / organic,20180113,1,1,1,1,0,0.0
bing / organic,20180116,1,0,1,1,0,0.0
bing / organic,20180119,1,1,1,1,0,0.0
bing / organic,20180120,2,2,2,0,0,0.0
bing / organic,20180122,1,1,1,0,0,0.0
bing / organic,20180123,1,1,1,1,0,0.0
bing / organic,20180127,1,1,1,1,0,0.0
bing / organic,20180130,1,1,1,1,0,0.0
bing / organic,20180131,1,1,1,1,0,0.0
duckduckgo.com / referral,20180110,1,1,1,1,0,0.0
duckduckgo.com / referral,20180129,1,1,1,1,0,0.0
facebook.com / referral,20180109,1,1,1,0,0,0.0
google / organic,20180102,1,1,1,0,0,0.0
google / organic,20180104,1,1,1,0,0,0.0
google / organic,20180105,3,2,4,3,0,0.0
google / organic,20180108,1,1,2,1,0,0.0
google / organic,20180109,1,1,1,1,0,0.0
google / organic,20180113,1,1,1,1,0,0.0
google / organic,20180114,1,1,2,2,0,0.0
google / organic,20180115,1,1,1,1,0,0.0
google / organic,20180117,4,4,4,3,0,0.0
google / organic,20180118,4,3,8,7,0,0.0
google / organic,20180119,1,0,4,4,0,0.0
google / organic,20180121,1,1,1,1,0,0.0
google / organic,20180123,1,1,1,1,0,0.0
google / organic,20180124,2,1,2,2,0,0.0
google / organic,20180125,4,3,4,4,0,0.0
google / organic,20180126,2,2,2,1,0,0.0
google / organic,20180128,1,1,1,1,0,0.0
google / organic,20180129,1,1,1,1,0,0.0
google / organic,20180130,2,2,2,2,0,0.0
haventoday.ca / referral,20180102,1,1,1,0,0,0.0
haventoday.ca / referral,20180105,2,1,2,1,0,0.0
haventoday.ca / referral,20180113,1,1,1,0,0,0.0
haventoday.org / referral,20180101,2,2,2,0,0,0.0
haventoday.org / referral,20180102,3,3,3,2,0,0.0
haventoday.org / referral,20180103,2,2,2,1,0,0.0
haventoday.org / referral,20180110,1,1,1,0,0,0.0
haventoday.org / referral,20180112,1,1,1,0,0,0.0
haventoday.org / referral,20180113,1,1,1,1,0,0.0
haventoday.org / referral,20180114,1,1,1,1,0,0.0
haventoday.org / referral,20180116,1,1,1,1,0,0.0
haventoday.org / referral,20180121,1,0,1,1,0,0.0
haventoday.org / referral,20180122,1,1,1,1,0,0.0
haventoday.org / referral,20180124,1,1,2,2,0,0.0
info.dogpile.com / referral,20180104,1,1,1,1,0,0.0
k9safesearch.com / referral,20180126,1,1,2,0,0,0.0
lookup.t-mobile.com / referral,20180118,1,1,1,1,0,0.0
m.facebook.com / referral,20180102,3,3,3,3,0,0.0
m.facebook.com / referral,20180103,1,1,1,0,0,0.0
m.facebook.com / referral,20180104,2,2,2,1,0,0.0
m.facebook.com / referral,20180107,1,1,1,1,0,0.0
r.search.aol.com / referral,20180115,1,1,1,1,0,0.0
search.charter.net / referral,20180115,1,1,1,0,0,0.0
searchencrypt.com / referral,20180102,1,1,1,1,0,0.0
theautoprofit.ml / referral,20180103,1,1,1,1,0,0.0
timer4web.com / referral,20180110,1,1,1,0,0,0.0
uptime-as.net / referral,20180104,1,1,1,1,0,0.0
uptime-as.net / referral,20180107,1,1,1,1,0,0.0
uptime-as.net / referral,20180110,1,1,1,1,0,0.0
uptime-as.net / referral,20180113,1,1,1,1,0,0.0
uptime-as.net / referral,20180117,1,1,1,1,0,0.0
uptime-as.net / referral,20180120,1,1,1,1,0,0.0
uptime-as.net / referral,20180122,1,1,1,1,0,0.0
uptime-as.net / referral,20180128,1,1,1,1,0,0.0
uptime-eu.net / referral,20180102,1,1,1,1,0,0.0
uptime-eu.net / referral,20180107,1,1,1,1,0,0.0
uptime-eu.net / referral,20180112,1,1,1,1,0,0.0
uptime-eu.net / referral,20180115,1,1,1,1,0,0.0
uptime-eu.net / referral,20180117,2,2,2,2,0,0.0
uptime-eu.net / referral,20180122,1,1,1,1,0,0.0
uptime-eu.net / referral,20180124,1,1,1,1,0,0.0
uptime-eu.net / referral,20180125,1,1,1,1,0,0.0
uptime-eu.net / referral,20180127,1,1,1,1,0,0.0
uptime-eu.net / referral,20180129,1,1,1,1,0,0.0
uptime-eu.net / referral,20180131,1,1,1,1,0,0.0
uptime-us.net / referral,20180108,1,1,1,1,0,0.0
uptime-us.net / referral,20180109,1,1,1,1,0,0.0
uptime-us.net / referral,20180111,2,2,2,2,0,0.0
uptime-us.net / referral,20180114,2,2,2,2,0,0.0
uptime-us.net / referral,20180116,1,1,1,1,0,0.0
uptime-us.net / referral,20180117,1,1,1,1,0,0.0
uptime-us.net / referral,20180121,1,1,1,1,0,0.0
uptime-us.net / referral,20180122,2,2,2,2,0,0.0
uptime-us.net / referral,20180123,1,1,1,1,0,0.0
uptime-us.net / referral,20180124,1,1,1,1,0,0.0
uptime-us.net / referral,20180128,2,2,2,2,0,0.0
uptime-us.net / referral,20180130,2,2,2,2,0,0.0
yahoo / organic,20180102,2,2,2,0,0,0.0
yahoo / organic,20180114,2,2,2,2,0,0.0
yahoo / organic,20180115,1,1,1,1,0,0.0
yahoo / organic,20180129,1,1,1,1,0,0.0
(direct) / (none),20180201,1,1,1,1,0,0.0
(direct) / (none),20180206,1,1,1,1,0,0.0
(direct) / (none),20180213,1,1,1,1,0,0.0
(direct) / (none),20180216,1,1,1,1,0,0.0
(direct) / (none),20180221,1,1,1,1,0,0.0
(direct) / (none),20180222,2,2,2,2,0,0.0
bing / organic,20180218,1,1,1,1,0,0.0
finder.cox.net / referral,20180201,1,1,1,1,0,0.0
google / organic,20180204,1,1,1,1,0,0.0
google / organic,20180206,1,1,1,1,0,0.0
google / organic,20180207,2,2,2,2,0,0.0
google / organic,20180209,1,1,1,0,0,0.0
google / organic,20180210,3,3,3,1,0,0.0
google / organic,20180214,2,2,2,2,0,0.0
google / organic,20180215,1,1,1,1,0,0.0
google / organic,20180216,1,1,1,1,0,0.0
google / organic,20180220,1,1,1,0,0,0.0
google / organic,20180222,1,1,1,1,0,0.0
google / organic,20180225,2,2,2,2,0,0.0
google / organic,20180226,3,2,4,4,0,0.0
google / organic,20180228,1,1,1,1,0,0.0
haventoday.ca / referral,20180207,1,1,1,0,0,0.0
haventoday.org / referral,20180215,1,1,1,0,0,0.0
haventoday.org / referral,20180216,1,0,1,1,0,0.0
haventoday.org / referral,20180217,1,0,1,1,0,0.0
james.blog1989.com / referral,20180227,1,1,1,1,0,0.0
uptime-as.net / referral,20180201,1,1,1,1,0,0.0
yahoo / organic,20180202,1,1,1,1,0,0.0
(direct) / (none),20180307,1,1,1,1,0,0.0
(direct) / (none),20180309,1,1,1,1,0,0.0
(direct) / (none),20180312,1,1,1,1,0,0.0
(direct) / (none),20180314,1,1,1,0,0,0.0
(direct) / (none),20180318,1,1,1,1,0,0.0
(direct) / (none),20180322,1,1,1,1,0,0.0
(direct) / (none),20180329,1,1,1,1,0,0.0
bing / organic,20180304,1,1,1,1,0,0.0
bing / organic,20180307,1,1,1,0,0,0.0
bing / organic,20180327,1,1,1,1,0,0.0
google / organic,20180303,1,1,1,1,0,0.0
google / organic,20180304,1,1,1,1,0,0.0
google / organic,20180305,1,1,1,1,0,0.0
google / organic,20180306,1,1,1,1,0,0.0
google / organic,20180308,1,1,1,1,0,0.0
google / organic,20180311,1,1,1,1,0,0.0
google / organic,20180315,1,1,1,0,0,0.0
google / organic,20180316,1,0,1,0,0,0.0
google / organic,20180317,1,1,1,1,0,0.0
google / organic,20180321,1,1,1,1,0,0.0
google / organic,20180323,1,1,1,1,0,0.0
google / organic,20180324,1,0,1,1,0,0.0
google / organic,20180326,1,1,1,1,0,0.0
google / organic,20180329,1,1,1,0,0,0.0
google / organic,20180330,1,1,1,1,0,0.0
google / organic,20180331,2,2,2,2,0,0.0
haventoday.org / referral,20180316,1,1,1,0,0,0.0
haventoday.org / referral,20180324,1,1,1,0,0,0.0
haventoday.org / referral,20180330,2,2,2,1,0,0.0
haventoday.org / referral,20180331,1,0,1,0,0,0.0
shantanu.blog1989.com / referral,20180313,1,1,1,1,0,0.0
thelma.blog1989.com / referral,20180318,1,1,1,1,0,0.0
timer4web.com / referral,20180302,1,1,1,0,0,0.0
yahoo / organic,20180328,1,1,1,1,0,0.0
(direct) / (none),20180403,1,1,1,1,0,0.0
(direct) / (none),20180411,1,1,1,1,0,0.0
(direct) / (none),20180418,1,1,1,1,0,0.0
(direct) / (none),20180419,1,1,1,1,0,0.0
(direct) / (none),20180420,1,1,2,1,0,0.0
(direct) / (none),20180421,1,1,1,1,0,0.0
(direct) / (none),20180424,21,21,21,21,0,0.0
(direct) / (none),20180425,1,1,1,1,0,0.0
(direct) / (none),20180428,1,1,1,1,0,0.0
(direct) / (none),20180429,1,1,1,1,0,0.0
bing / organic,20180409,1,1,2,1,0,0.0
bing / organic,20180416,2,2,2,1,0,0.0
bing / organic,20180422,2,2,2,2,0,0.0
google / organic,20180401,2,1,2,2,0,0.0
google / organic,20180402,1,1,1,1,0,0.0
google / organic,20180406,1,1,1,1,0,0.0
google / organic,20180407,1,1,1,1,0,0.0
google / organic,20180408,1,1,1,1,0,0.0
google / organic,20180409,2,2,2,2,0,0.0
google / organic,20180410,1,1,1,1,0,0.0
google / organic,20180411,1,1,1,0,0,0.0
google / organic,20180412,1,1,1,1,0,0.0
google / organic,20180413,2,2,2,2,0,0.0
google / organic,20180414,1,1,1,1,0,0.0
google / organic,20180415,2,2,2,2,0,0.0
google / organic,20180416,3,3,3,3,0,0.0
google / organic,20180418,3,3,3,2,0,0.0
google / organic,20180419,3,3,3,3,0,0.0
google / organic,20180420,2,2,2,0,0,0.0
google / organic,20180421,1,0,1,0,0,0.0
google / organic,20180422,2,1,2,2,0,0.0
google / organic,20180423,1,1,1,1,0,0.0
google / organic,20180424,2,2,2,2,0,0.0
google / organic,20180426,1,1,1,1,0,0.0
google / organic,20180428,1,1,1,1,0,0.0
google / organic,20180429,1,1,1,1,0,0.0
haventoday.org / referral,20180401,2,1,2,2,0,0.0
haventoday.org / referral,20180402,1,0,1,1,0,0.0
haventoday.org / referral,20180403,1,0,1,1,0,0.0
haventoday.org / referral,20180404,1,0,1,1,0,0.0
haventoday.org / referral,20180405,1,0,1,1,0,0.0
haventoday.org / referral,20180406,1,0,1,1,0,0.0
haventoday.org / referral,20180407,1,0,1,1,0,0.0
haventoday.org / referral,20180429,1,1,1,1,0,0.0
incomekey.net / referral,20180408,1,1,1,1,0,0.0
junosearch.net / referral,20180414,1,1,2,0,0,0.0
pinterest.com / referral,20180414,1,1,1,1,0,0.0
us.search.yahoo.com / referral,20180420,1,1,1,1,0,0.0
yahoo / organic,20180402,1,1,1,1,0,0.0
yahoo / organic,20180424,1,1,1,1,0,0.0
(direct) / (none),20180501,23,23,23,23,0,0.0
(direct) / (none),20180502,1,1,1,1,0,0.0
(direct) / (none),20180514,1,1,1,1,0,0.0
(direct) / (none),20180515,1,1,1,1,0,0.0
(direct) / (none),20180516,1,1,1,1,0,0.0
(direct) / (none),20180518,3,3,3,3,0,0.0
(direct) / (none),20180522,21,21,21,21,0,0.0
(direct) / (none),20180528,1,1,1,1,0,0.0
Bible in 90 Days Challenge / email,20180525,2,2,2,1,0,0.0
bing / organic,20180504,1,1,1,1,0,0.0
bing / organic,20180511,1,1,1,1,0,0.0
bing / organic,20180517,1,0,1,1,0,0.0
google / organic,20180501,2,2,2,2,0,0.0
google / organic,20180504,2,2,2,2,0,0.0
google / organic,20180505,1,1,1,1,0,0.0
google / organic,20180506,1,1,1,0,0,0.0
google / organic,20180513,1,1,1,1,0,0.0
google / organic,20180514,2,2,2,2,0,0.0
google / organic,20180515,2,2,2,2,0,0.0
google / organic,20180516,3,3,4,4,0,0.0
google / organic,20180517,1,1,1,1,0,0.0
google / organic,20180518,4,4,5,4,0,0.0
google / organic,20180519,1,1,1,1,0,0.0
google / organic,20180522,1,1,1,1,0,0.0
google / organic,20180523,2,2,2,2,0,0.0
google / organic,20180524,1,1,1,1,0,0.0
google / organic,20180526,1,1,1,0,0,0.0
google / organic,20180529,2,1,2,2,0,0.0
google / organic,20180530,2,2,2,2,0,0.0
google / organic,20180531,2,2,2,2,0,0.0
haventoday.org / referral,20180517,2,2,2,0,0,0.0
incomekey.net / referral,20180510,2,2,2,2,0,0.0
yahoo / organic,20180504,1,1,1,0,0,0.0
yahoo / organic,20180506,1,1,1,1,0,0.0
yahoo / organic,20180509,1,1,1,1,0,0.0
yahoo / organic,20180510,2,2,2,1,0,0.0
(direct) / (none),20180602,23,23,23,23,0,0.0
(direct) / (none),20180604,1,1,1,0,0,0.0
(direct) / (none),20180606,1,1,1,1,0,0.0
(direct) / (none),20180608,3,3,3,3,0,0.0
(direct) / (none),20180611,2,2,2,2,0,0.0
(direct) / (none),20180615,1,1,1,0,0,0.0
(direct) / (none),20180620,1,1,1,1,0,0.0
(direct) / (none),20180623,1,1,1,1,0,0.0
bing / organic,20180613,1,1,1,1,0,0.0
bing / organic,20180615,1,1,1,1,0,0.0
bing / organic,20180616,1,1,1,0,0,0.0
bing / organic,20180627,1,1,1,0,0,0.0
bing / organic,20180628,1,1,1,1,0,0.0
blog100.org / referral,20180604,1,1,1,1,0,0.0
duckduckgo.com / referral,20180626,1,1,1,1,0,0.0
google / organic,20180601,1,1,1,1,0,0.0
google / organic,20180603,1,1,1,1,0,0.0
google / organic,20180604,1,1,1,1,0,0.0
google / organic,20180605,1,1,1,1,0,0.0
google / organic,20180606,1,1,1,1,0,0.0
google / organic,20180607,1,1,1,1,0,0.0
google / organic,20180610,1,1,1,1,0,0.0
google / organic,20180611,2,2,2,2,0,0.0
google / organic,20180613,1,1,1,1,0,0.0
google / organic,20180615,3,3,3,3,0,0.0
google / organic,20180617,1,1,1,1,0,0.0
google / organic,20180619,2,2,2,2,0,0.0
google / organic,20180620,2,2,2,2,0,0.0
google / organic,20180623,3,1,3,3,0,0.0
google / organic,20180624,2,2,2,2,0,0.0
google / organic,20180625,1,1,1,1,0,0.0
google / organic,20180626,2,2,3,3,0,0.0
haventoday.org / referral,20180602,1,1,1,1,0,0.0
haventoday.org / referral,20180623,1,1,1,0,0,0.0
KPDQ List / email,20180626,1,1,1,1,0,0.0
resell-seo-services.com / referral,20180615,1,1,1,1,0,0.0
resell-seo-services.com / referral,20180621,2,2,2,2,0,0.0
(direct) / (none),20180704,1,1,1,1,0,0.0
(direct) / (none),20180708,1,1,1,1,0,0.0
(direct) / (none),20180709,1,1,1,1,0,0.0
(direct) / (none),20180713,2,2,2,2,0,0.0
(direct) / (none),20180716,1,1,1,1,0,0.0
(direct) / (none),20180719,1,1,1,1,0,0.0
(direct) / (none),20180724,1,1,1,1,0,0.0
(direct) / (none),20180725,1,1,1,1,0,0.0
bing / organic,20180711,1,1,1,1,0,0.0
bing / organic,20180725,1,1,1,1,0,0.0
google / organic,20180702,1,1,1,1,0,0.0
google / organic,20180708,1,1,1,1,0,0.0
google / organic,20180709,3,3,3,3,0,0.0
google / organic,20180711,1,1,1,1,0,0.0
google / organic,20180712,1,1,1,1,0,0.0
google / organic,20180718,2,2,2,1,0,0.0
google / organic,20180719,2,2,2,1,0,0.0
google / organic,20180720,1,1,1,1,0,0.0
google / organic,20180721,2,2,2,1,0,0.0
google / organic,20180723,2,2,2,2,0,0.0
google / organic,20180727,1,1,1,1,0,0.0
google / organic,20180728,1,1,1,0,0,0.0
gull.soef.net / referral,20180719,1,1,1,1,0,0.0
havenministries.com / referral,20180714,1,1,1,1,0,0.0
haventoday.ca / referral,20180730,1,1,1,1,0,0.0
haventoday.ca / referral,20180731,1,1,1,0,0,0.0
haventoday.org / referral,20180715,1,1,1,0,0,0.0
l.facebook.com / referral,20180713,1,1,1,1,0,0.0
pinterest.com / referral,20180718,1,1,1,1,0,0.0
resell-seo-services.com / referral,20180717,1,1,1,1,0,0.0
resell-seo-services.com / referral,20180721,1,1,1,1,0,0.0
resell-seo-services.com / referral,20180728,1,1,1,1,0,0.0
resell-seo-services.com / referral,20180730,1,1,1,1,0,0.0
seoservices2018.com / referral,20180719,1,1,1,1,0,0.0
yahoo / organic,20180708,1,1,1,0,0,0.0
yahoo / organic,20180730,1,1,1,1,0,0.0
(direct) / (none),20180801,1,1,1,1,0,0.0
(direct) / (none),20180804,1,1,1,1,0,0.0
(direct) / (none),20180807,2,2,2,2,0,0.0
(direct) / (none),20180808,1,1,1,1,0,0.0
(direct) / (none),20180809,1,1,1,1,0,0.0
(direct) / (none),20180810,1,1,1,1,0,0.0
(direct) / (none),20180815,1,1,1,1,0,0.0
(direct) / (none),20180816,1,1,1,1,0,0.0
(direct) / (none),20180825,2,1,2,2,0,0.0
(direct) / (none),20180826,2,2,2,2,0,0.0
(direct) / (none),20180828,2,2,2,2,0,0.0
auto-seo-service.com / referral,20180817,45,45,45,45,0,0.0
auto-seo-service.org / referral,20180826,3,3,3,3,0,0.0
auto-seo-service.org / referral,20180827,35,35,35,35,0,0.0
autoseo-service.org / referral,20180828,39,39,40,40,0,0.0
autoseoservice.org / referral,20180831,26,26,26,26,0,0.0
bing / organic,20180819,1,1,1,1,0,0.0
facebook.com / referral,20180813,1,1,1,1,0,0.0
google / organic,20180801,1,0,1,1,0,0.0
google / organic,20180804,5,5,5,5,0,0.0
google / organic,20180805,1,1,1,1,0,0.0
google / organic,20180806,1,1,1,1,0,0.0
google / organic,20180807,1,1,1,1,0,0.0
google / organic,20180808,1,1,1,1,0,0.0
google / organic,20180809,1,1,1,1,0,0.0
google / organic,20180810,3,3,3,3,0,0.0
google / organic,20180812,1,1,1,1,0,0.0
google / organic,20180813,2,2,2,2,0,0.0
google / organic,20180814,3,3,3,3,0,0.0
google / organic,20180815,2,2,2,2,0,0.0
google / organic,20180816,3,3,3,3,0,0.0
google / organic,20180817,3,3,3,3,0,0.0
google / organic,20180818,3,3,3,3,0,0.0
google / organic,20180819,4,3,4,4,0,0.0
google / organic,20180820,1,1,1,1,0,0.0
google / organic,20180821,3,3,3,3,0,0.0
google / organic,20180822,3,3,3,2,0,0.0
google / organic,20180824,2,2,2,2,0,0.0
google / organic,20180825,1,1,1,1,0,0.0
google / organic,20180827,4,4,5,5,0,0.0
google / organic,20180828,1,1,1,1,0,0.0
google / organic,20180830,7,7,8,8,0,0.0
google / organic,20180831,1,1,1,1,0,0.0
havenministries.com / referral,20180815,1,1,1,1,0,0.0
KPDQ List / email,20180806,1,0,1,1,0,0.0
resell-seo-services.com / referral,20180801,1,1,1,1,0,0.0
resell-seo-services.com / referral,20180804,1,1,1,1,0,0.0
resell-seo-services.com / referral,20180812,1,1,1,1,0,0.0
resell-seo-services.com / referral,20180814,1,1,1,1,0,0.0
resell-seo-services.com / referral,20180816,19,19,19,19,0,0.0
yahoo / organic,20180803,1,1,1,1,0,0.0
yahoo / organic,20180812,1,1,1,0,0,0.0
yahoo / organic,20180828,1,1,1,1,0,0.0
(direct) / (none),20180901,1,1,1,1,0,0.0
(direct) / (none),20180903,1,1,1,1,0,0.0
(direct) / (none),20180907,1,1,1,1,0,0.0
(direct) / (none),20180908,1,1,1,1,0,0.0
(direct) / (none),20180911,2,2,2,1,0,0.0
(direct) / (none),20180916,1,1,1,1,0,0.0
(direct) / (none),20180917,1,1,1,1,0,0.0
(direct) / (none),20180919,1,1,1,1,0,0.0
(direct) / (none),20180920,2,2,2,2,0,0.0
(direct) / (none),20180924,2,2,2,2,0,0.0
(direct) / (none),20180926,2,2,2,2,0,0.0
(direct) / (none),20180928,1,1,1,1,0,0.0
(direct) / (none),20180930,20,20,20,20,0,0.0
baidu / organic,20180902,1,1,1,1,0,0.0
blogstar.fun / referral,20180930,1,1,1,1,0,0.0
duckduckgo.com / referral,20180929,1,1,1,1,0,0.0
facebook.com / referral,20180911,1,1,1,1,0,0.0
google / organic,20180901,4,4,4,4,0,0.0
google / organic,20180902,2,1,2,2,0,0.0
google / organic,20180903,4,4,4,4,0,0.0
google / organic,20180904,1,1,1,1,0,0.0
google / organic,20180905,1,1,1,1,0,0.0
google / organic,20180906,3,3,3,3,0,0.0
google / organic,20180907,1,1,1,1,0,0.0
google / organic,20180909,1,1,1,1,0,0.0
google / organic,20180912,1,1,1,1,0,0.0
google / organic,20180913,1,1,1,0,0,0.0
google / organic,20180915,2,2,2,1,0,0.0
google / organic,20180916,4,4,4,3,0,0.0
google / organic,20180918,1,1,1,1,0,0.0
google / organic,20180920,2,2,2,2,0,0.0
google / organic,20180921,1,1,1,1,0,0.0
google / organic,20180922,4,4,4,4,0,0.0
google / organic,20180923,3,3,3,3,0,0.0
google / organic,20180924,3,3,3,3,0,0.0
google / organic,20180925,2,2,2,2,0,0.0
google / organic,20180926,2,2,2,2,0,0.0
google / organic,20180927,1,1,1,1,0,0.0
google / organic,20180928,4,4,4,4,0,0.0
google / organic,20180929,2,2,2,2,0,0.0
google / organic,20180930,1,1,1,1,0,0.0
haventoday.org / referral,20180909,1,1,1,0,0,0.0
kakablog.net / referral,20180901,1,1,1,1,0,0.0
KPDQ List / email,20180930,1,0,1,1,0,0.0
pinterest.com / referral,20180921,1,1,1,1,0,0.0
searchencrypt.com / referral,20180913,1,1,1,0,0,0.0
(direct) / (none),20181001,1,1,1,1,0,0.0
(direct) / (none),20181003,1,1,1,1,0,0.0
(direct) / (none),20181004,3,3,3,3,0,0.0
(direct) / (none),20181006,1,1,1,1,0,0.0
(direct) / (none),20181010,8,8,8,8,0,0.0
(direct) / (none),20181012,1,1,1,1,0,0.0
(direct) / (none),20181014,1,1,1,0,0,0.0
(direct) / (none),20181015,3,3,3,2,0,0.0
(direct) / (none),20181020,1,1,1,1,0,0.0
(direct) / (none),20181023,3,3,3,3,0,0.0
(direct) / (none),20181024,1,1,1,1,0,0.0
(direct) / (none),20181025,3,3,3,3,0,0.0
(direct) / (none),20181027,3,2,4,1,0,0.0
(direct) / (none),20181028,1,1,1,0,0,0.0
dytech-dft.com / referral,20181010,9,9,9,9,0,0.0
get-clickir.info / referral,20181009,11,11,11,11,0,0.0
google / organic,20181001,4,4,4,3,0,0.0
google / organic,20181002,3,2,3,3,0,0.0
google / organic,20181003,1,1,1,1,0,0.0
google / organic,20181004,1,1,1,1,0,0.0
google / organic,20181006,1,1,1,1,0,0.0
google / organic,20181007,1,1,1,1,0,0.0
google / organic,20181008,4,4,4,3,0,0.0
google / organic,20181011,2,2,2,2,0,0.0
google / organic,20181013,1,1,1,1,0,0.0
google / organic,20181015,1,1,2,2,0,0.0
google / organic,20181016,1,1,1,1,0,0.0
google / organic,20181017,3,3,3,1,0,0.0
google / organic,20181020,1,1,1,1,0,0.0
google / organic,20181022,1,1,1,0,0,0.0
google / organic,20181023,1,1,1,1,0,0.0
google / organic,20181024,2,2,2,2,0,0.0
google / organic,20181025,2,2,2,2,0,0.0
haventoday.org / referral,20181005,1,1,1,0,0,0.0
haventoday.org / referral,20181027,2,1,2,0,0,0.0
original-paintingsor.info / referral,20181002,18,18,18,10,0,0.0
perform-likety-alibaba.info / referral,20181001,20,20,20,12,0,0.0
worldwide-seo-services.com / referral,20181001,1,1,1,1,0,0.0
yahoo / organic,20181022,1,1,1,1,0,0.0
yahoo / organic,20181027,1,1,1,1,0,0.0
(direct) / (none),20181102,1,1,1,0,0,0.0
(direct) / (none),20181106,1,1,1,1,0,0.0
(direct) / (none),20181109,1,1,1,1,0,0.0
(direct) / (none),20181114,1,1,1,0,0,0.0
(direct) / (none),20181115,1,1,1,0,0,0.0
(direct) / (none),20181116,1,1,1,1,0,0.0
(direct) / (none),20181123,27,27,27,27,0,0.0
(direct) / (none),20181127,1,1,1,1,0,0.0
(direct) / (none),20181130,1,1,1,1,0,0.0
bing / organic,20181102,1,1,1,1,0,0.0
bing / organic,20181104,1,1,1,1,0,0.0
google / organic,20181105,2,2,2,2,0,0.0
google / organic,20181106,2,2,2,2,0,0.0
google / organic,20181108,2,2,2,2,0,0.0
google / organic,20181110,1,1,1,1,0,0.0
google / organic,20181111,1,1,1,1,0,0.0
google / organic,20181118,2,2,2,2,0,0.0
google / organic,20181119,2,2,2,2,0,0.0
google / organic,20181120,1,1,1,1,0,0.0
google / organic,20181128,3,3,3,3,0,0.0
google / organic,20181130,1,1,1,1,0,0.0
growth-hackingead.info / referral,20181119,10,10,10,10,0,0.0
haventoday.ca / referral,20181119,1,1,1,1,0,0.0
haventoday.org / referral,20181102,1,1,1,0,0,0.0
howblog.top / referral,20181123,3,3,3,3,0,0.0
krumble-adsic.info / referral,20181116,20,20,20,11,0,0.0
search.suddenlink.net / referral,20181113,1,1,1,0,0,0.0
seo-b2b.com / referral,20181113,1,1,1,1,0,0.0
(direct) / (none),20181201,1,1,1,1,0,0.0
(direct) / (none),20181202,1,1,1,0,0,0.0
(direct) / (none),20181205,1,1,1,1,0,0.0
(direct) / (none),20181209,1,1,1,0,0,0.0
(direct) / (none),20181211,1,1,1,1,0,0.0
(direct) / (none),20181213,1,1,1,1,0,0.0
(direct) / (none),20181217,1,1,1,1,0,0.0
(direct) / (none),20181224,3,3,3,3,0,0.0
(direct) / (none),20181225,1,1,1,0,0,0.0
(direct) / (none),20181226,2,2,2,1,0,0.0
(direct) / (none),20181231,1,1,1,1,0,0.0
99-reasons-for-seo.com / referral,20181204,25,25,25,25,0,0.0
duckduckgo.com / referral,20181230,1,1,1,1,0,0.0
duckduckgo.com / referral,20181231,1,1,1,0,0,0.0
facebook.com / referral,20181217,1,1,1,1,0,0.0
facebook.com / referral,20181227,1,1,1,1,0,0.0
facebook.com / referral,20181231,1,1,1,1,0,0.0
google / organic,20181204,1,1,1,1,0,0.0
google / organic,20181207,2,2,2,2,0,0.0
google / organic,20181208,1,1,1,1,0,0.0
google / organic,20181210,2,2,2,2,0,0.0
google / organic,20181211,1,1,1,1,0,0.0
google / organic,20181212,1,1,1,1,0,0.0
google / organic,20181213,1,0,1,1,0,0.0
google / organic,20181215,1,1,1,1,0,0.0
google / organic,20181216,1,1,1,1,0,0.0
google / organic,20181217,1,1,2,2,0,0.0
google / organic,20181222,1,1,1,1,0,0.0
google / organic,20181226,1,1,1,1,0,0.0
google / organic,20181227,2,2,2,2,0,0.0
google / organic,20181228,2,2,2,1,0,0.0
google / organic,20181229,1,1,1,1,0,0.0
havenministries.com / referral,20181229,1,1,2,1,0,0.0
haventoday.ca / referral,20181230,1,1,1,0,0,0.0
haventoday.org / referral,20181227,1,1,1,0,0,0.0
krumbleer-advertising.info / referral,20181207,8,8,8,8,0,0.0
m.facebook.com / referral,20181206,1,1,1,0,0,0.0
m.facebook.com / referral,20181210,1,1,1,1,0,0.0
m.facebook.com / referral,20181211,1,1,1,1,0,0.0
r.duckduckgo.com / referral,20181215,1,1,1,1,0,0.0
seo-tips.top / referral,20181216,2,2,2,2,0,0.0
yahoo / organic,20181211,1,1,1,0,0,0.0
yahoo / organic,20181231,1,1,1,0,0,0.0
