ga:channelGrouping,ga:date,ga:users,ga:newUsers,ga:sessions,ga:bounces,ga:transactions,ga:transactionRevenue
Direct,20190105,2,2,2,2,0,0.0
Organic Search,20190101,2,2,2,2,0,0.0
Organic Search,20190102,3,3,3,2,0,0.0
Organic Search,20190104,2,2,2,0,0,0.0
Organic Search,20190105,3,3,3,2,0,0.0
Organic Search,20190106,5,5,7,5,0,0.0
Referral,20190101,2,2,2,1,0,0.0
Referral,20190102,2,2,3,0,0,0.0
Referral,20190106,1,1,1,1,0,0.0
Referral,20190107,2,1,2,1,0,0.0
Social,20190102,1,1,1,1,0,0.0
Social,20190104,6,6,6,5,0,0.0
Social,20190105,2,1,2,2,0,0.0
Social,20190106,1,1,1,1,0,0.0
Direct,20190221,3,3,3,3,0,0.0
Referral,20190417,1,1,1,1,0,0.0
Referral,20190501,2,2,2,2,0,0.0
Referral,20190505,3,3,3,3,0,0.0
Referral,20190509,1,1,1,1,0,0.0
Referral,20190513,1,1,1,1,0,0.0
