ga:pagePath,ga:date,ga:sessions,ga:newUsers,ga:bounces,ga:transactions,ga:transactionRevenue,ga:pageviews,ga:uniquePageviews,ga:entrances
/,20190101,3,3,2,0,0.0,6,3,3
/,20190102,5,4,1,0,0.0,10,5,5
/,20190104,6,6,3,0,0.0,8,6,6
/,20190105,3,3,3,0,0.0,3,3,3
/,20190106,6,4,4,0,0.0,10,6,6
/,20190107,2,1,1,0,0.0,6,2,2
/?fbclid=IwAR1ikbRtSG1CP9aX1dXA8dKvV_xl8jbbceQQzct8CmA-UhY-Udj9uKvJyRk,20190104,1,1,1,0,0.0,1,1,1
/?fbclid=IwAR2qYrplKtnN68eX6quUJjW5oBWlfF_a6lFwSsGuLryq1lHQQDmb77SGcDE,20190102,1,1,1,0,0.0,1,1,1
/?fbclid=IwAR3JgeKCxF_HJYZaExPzUql_Bnx0Ovvh3Dw9uvX1__idza5GqRXfoORnN5U,20190104,1,1,1,0,0.0,1,1,1
/?fbclid=IwAR3JgeKCxF_HJYZaExPzUql_Bnx0Ovvh3Dw9uvX1__idza5GqRXfoORnN5U,20190105,1,0,1,0,0.0,1,1,1
/home/confirmation/,20190101,0,0,0,0,0.0,2,1,0
/home/confirmation/,20190102,0,0,0,0,0.0,4,4,0
/home/confirmation/,20190104,0,0,0,0,0.0,2,2,0
/home/confirmation/,20190106,0,0,0,0,0.0,3,2,0
/home/confirmation/,20190107,0,0,0,0,0.0,1,1,0
/home/confirmation/?fbclid=IwAR2MKCDj3ne2Mfsp5xJyr32WIrtDys0GvnbvtQBc2GGiZIE-Ua00gqfYcno,20190106,1,1,1,0,0.0,1,1,1
/install/index.php.bak?step=11&inslockfile=a&s_lang=x&install_demo_name=../data/admin/config_update.php,20190105,1,1,1,0,0.0,1,1,1
/week1/,20190101,1,1,1,0,0.0,1,1,1
/week1/,20190102,1,1,1,0,0.0,1,1,1
/week1/,20190104,0,0,0,0,0.0,1,1,0
/week1/,20190105,0,0,0,0,0.0,1,1,0
/week1/,20190106,2,2,2,0,0.0,2,2,2
/week13/,20190105,1,1,0,0,0.0,1,1,1
/week7/,20190105,1,1,1,0,0.0,1,1,1
/,20190221,3,3,3,0,0.0,3,3,3
/h/2667374.html,20190417,1,1,1,0,0.0,1,1,1
/h/2667374.html,20190501,2,2,2,0,0.0,2,2,2
/h/2667374.html,20190505,3,3,3,0,0.0,3,3,3
/h/2667374.html,20190509,1,1,1,0,0.0,1,1,1
/h/2667374.html,20190513,1,1,1,0,0.0,1,1,1
