ga:interestOtherCategory,ga:date,ga:users,ga:newUsers,ga:sessions,ga:bounces,ga:transactions,ga:transactionRevenue
Arts & Entertainment/Celebrities & Entertainment News,20200102,10,7,10,7,0,0.0
Arts & Entertainment/Celebrities & Entertainment News,20200107,13,10,13,5,0,0.0
Arts & Entertainment/Celebrities & Entertainment News,20200109,12,8,13,7,0,0.0
Arts & Entertainment/Celebrities & Entertainment News,20200114,13,10,13,5,0,0.0
Arts & Entertainment/Celebrities & Entertainment News,20200115,12,9,13,8,0,0.0
Arts & Entertainment/Celebrities & Entertainment News,20200116,14,8,19,13,0,0.0
Arts & Entertainment/Celebrities & Entertainment News,20200117,11,4,12,6,0,0.0
Arts & Entertainment/Celebrities & Entertainment News,20200118,12,8,13,3,0,0.0
Arts & Entertainment/Celebrities & Entertainment News,20200120,18,8,21,9,0,0.0
Arts & Entertainment/Celebrities & Entertainment News,20200121,21,10,24,16,0,0.0
Arts & Entertainment/Celebrities & Entertainment News,20200122,21,10,23,15,0,0.0
Arts & Entertainment/Celebrities & Entertainment News,20200123,28,15,29,19,0,0.0
Arts & Entertainment/Celebrities & Entertainment News,20200124,21,10,24,9,0,0.0
Arts & Entertainment/Celebrities & Entertainment News,20200125,13,8,13,8,0,0.0
Arts & Entertainment/Celebrities & Entertainment News,20200127,20,13,23,11,0,0.0
Arts & Entertainment/Celebrities & Entertainment News,20200128,18,8,18,7,0,0.0
Arts & Entertainment/Celebrities & Entertainment News,20200129,24,12,31,16,0,0.0
Arts & Entertainment/Celebrities & Entertainment News,20200130,20,9,22,14,0,0.0
Arts & Entertainment/Celebrities & Entertainment News,20200131,15,5,15,9,0,0.0
Arts & Entertainment/TV & Video/Online Video,20200123,13,9,13,4,0,0.0
Arts & Entertainment/TV & Video/Online Video,20200128,10,6,12,4,0,0.0
Food & Drink/Cooking & Recipes,20200121,10,4,12,8,0,0.0
Food & Drink/Cooking & Recipes,20200123,10,6,11,6,0,0.0
Food & Drink/Cooking & Recipes,20200124,11,7,14,8,0,0.0
Food & Drink/Cooking & Recipes,20200130,10,6,12,7,0,0.0
Law & Government/Government/Royalty,20200120,10,4,14,10,0,0.0
Law & Government/Government/Royalty,20200121,11,3,14,10,0,0.0
Law & Government/Government/Royalty,20200122,12,6,14,10,0,0.0
Law & Government/Government/Royalty,20200123,14,9,14,11,0,0.0
Law & Government/Government/Royalty,20200124,10,8,11,4,0,0.0
Law & Government/Government/Royalty,20200127,11,7,12,7,0,0.0
Law & Government/Government/Royalty,20200129,14,7,19,9,0,0.0
Law & Government/Government/Royalty,20200130,10,5,11,6,0,0.0
News/Weather,20200101,10,5,12,8,0,0.0
News/Weather,20200102,14,9,14,8,0,0.0
News/Weather,20200106,12,9,13,2,0,0.0
News/Weather,20200117,11,5,12,5,0,0.0
News/Weather,20200121,10,4,11,5,0,0.0
News/Weather,20200122,14,5,17,10,0,0.0
News/Weather,20200123,23,14,25,13,0,0.0
News/Weather,20200124,17,9,22,8,0,0.0
News/Weather,20200127,12,8,14,9,0,0.0
News/Weather,20200129,19,10,25,9,0,0.0
News/Weather,20200130,18,9,22,11,0,0.0
News/Weather,20200131,13,9,16,7,0,0.0
Sports/Team Sports/Hockey,20200123,10,6,12,6,0,0.0
Arts & Entertainment/Celebrities & Entertainment News,20200201,13,6,15,5,0,0.0
Arts & Entertainment/Celebrities & Entertainment News,20200203,31,16,34,20,0,0.0
Arts & Entertainment/Celebrities & Entertainment News,20200204,24,9,31,13,0,0.0
Arts & Entertainment/Celebrities & Entertainment News,20200205,22,8,25,13,0,0.0
Arts & Entertainment/Celebrities & Entertainment News,20200206,21,12,28,12,0,0.0
Arts & Entertainment/Celebrities & Entertainment News,20200207,26,12,32,16,0,0.0
Arts & Entertainment/Celebrities & Entertainment News,20200210,22,6,28,12,0,0.0
Arts & Entertainment/Celebrities & Entertainment News,20200211,15,8,18,7,0,0.0
Arts & Entertainment/Celebrities & Entertainment News,20200212,15,9,17,10,0,0.0
Arts & Entertainment/Celebrities & Entertainment News,20200213,14,6,16,11,0,0.0
Arts & Entertainment/Celebrities & Entertainment News,20200214,11,6,11,8,0,0.0
Arts & Entertainment/Celebrities & Entertainment News,20200216,10,7,11,4,0,0.0
Arts & Entertainment/Celebrities & Entertainment News,20200217,16,8,16,7,0,0.0
Arts & Entertainment/Celebrities & Entertainment News,20200218,16,8,22,14,0,0.0
Arts & Entertainment/Celebrities & Entertainment News,20200219,19,7,22,12,0,0.0
Arts & Entertainment/Celebrities & Entertainment News,20200220,10,4,11,6,0,0.0
Arts & Entertainment/Celebrities & Entertainment News,20200221,14,7,15,8,0,0.0
Arts & Entertainment/Celebrities & Entertainment News,20200224,12,5,18,10,0,0.0
Arts & Entertainment/Celebrities & Entertainment News,20200225,14,6,23,9,0,0.0
Arts & Entertainment/Celebrities & Entertainment News,20200226,15,8,22,13,0,0.0
Arts & Entertainment/Celebrities & Entertainment News,20200227,17,8,17,7,0,0.0
Arts & Entertainment/Celebrities & Entertainment News,20200228,14,8,16,6,0,0.0
Arts & Entertainment/Celebrities & Entertainment News,20200229,11,9,11,5,0,0.0
Food & Drink/Cooking & Recipes,20200203,11,6,13,6,0,0.0
Food & Drink/Cooking & Recipes,20200207,11,4,14,6,0,0.0
Food & Drink/Cooking & Recipes,20200219,12,5,15,11,0,0.0
Law & Government/Government/Royalty,20200203,13,6,16,8,0,0.0
Law & Government/Government/Royalty,20200204,15,5,19,10,0,0.0
Law & Government/Government/Royalty,20200205,10,3,13,7,0,0.0
Law & Government/Government/Royalty,20200206,15,8,18,7,0,0.0
Law & Government/Government/Royalty,20200207,17,10,23,7,0,0.0
Law & Government/Government/Royalty,20200210,14,4,19,10,0,0.0
Law & Government/Government/Royalty,20200212,10,6,10,5,0,0.0
Law & Government/Government/Royalty,20200217,10,2,10,4,0,0.0
Law & Government/Government/Royalty,20200224,10,3,16,7,0,0.0
News/Weather,20200202,10,6,12,1,0,0.0
News/Weather,20200203,24,12,28,14,0,0.0
News/Weather,20200204,18,9,21,9,0,0.0
News/Weather,20200205,13,5,16,7,0,0.0
News/Weather,20200206,15,5,17,11,0,0.0
News/Weather,20200207,11,4,14,4,0,0.0
News/Weather,20200210,16,6,19,8,0,0.0
News/Weather,20200211,15,8,18,9,0,0.0
News/Weather,20200217,10,5,10,5,0,0.0
News/Weather,20200218,10,5,14,10,0,0.0
News/Weather,20200219,11,2,13,7,0,0.0
News/Weather,20200220,11,3,12,4,0,0.0
News/Weather,20200221,13,3,16,7,0,0.0
News/Weather,20200224,12,3,15,8,0,0.0
News/Weather,20200225,16,8,19,7,0,0.0
News/Weather,20200227,12,3,15,7,0,0.0
News/Weather,20200228,17,9,18,9,0,0.0
News/Weather,20200229,12,6,14,7,0,0.0
Reference/General Reference/Dictionaries & Encyclopedias,20200207,11,5,14,8,0,0.0
Reference/General Reference/Dictionaries & Encyclopedias,20200227,10,4,14,6,0,0.0
Reference/General Reference/Dictionaries & Encyclopedias,20200228,10,5,12,6,0,0.0
Travel & Transportation/Transportation/Air Travel,20200203,13,4,14,8,0,0.0
Arts & Entertainment/Celebrities & Entertainment News,20200302,11,2,12,8,0,0.0
Arts & Entertainment/Celebrities & Entertainment News,20200303,18,9,20,9,0,0.0
Arts & Entertainment/Celebrities & Entertainment News,20200304,31,15,36,21,0,0.0
Arts & Entertainment/Celebrities & Entertainment News,20200305,18,11,23,10,0,0.0
Arts & Entertainment/Celebrities & Entertainment News,20200306,23,18,25,17,0,0.0
Arts & Entertainment/Celebrities & Entertainment News,20200308,15,11,18,10,0,0.0
Arts & Entertainment/Celebrities & Entertainment News,20200309,21,13,23,7,0,0.0
Arts & Entertainment/Celebrities & Entertainment News,20200311,13,5,14,9,0,0.0
Arts & Entertainment/Celebrities & Entertainment News,20200312,19,9,23,16,0,0.0
Arts & Entertainment/Celebrities & Entertainment News,20200313,10,7,11,8,0,0.0
Arts & Entertainment/Celebrities & Entertainment News,20200317,10,4,10,6,0,0.0
Arts & Entertainment/Celebrities & Entertainment News,20200318,14,7,16,9,0,0.0
Arts & Entertainment/Celebrities & Entertainment News,20200319,29,19,32,17,0,0.0
Arts & Entertainment/Celebrities & Entertainment News,20200320,14,5,23,8,0,0.0
Arts & Entertainment/Celebrities & Entertainment News,20200323,26,15,34,20,0,0.0
Arts & Entertainment/Celebrities & Entertainment News,20200324,13,6,14,9,0,0.0
Arts & Entertainment/Celebrities & Entertainment News,20200325,13,7,19,8,0,0.0
Arts & Entertainment/Celebrities & Entertainment News,20200326,18,16,20,14,0,0.0
Arts & Entertainment/Celebrities & Entertainment News,20200327,13,9,16,7,0,0.0
Arts & Entertainment/Celebrities & Entertainment News,20200328,11,9,12,8,0,0.0
Arts & Entertainment/Celebrities & Entertainment News,20200330,21,3,25,6,0,0.0
Arts & Entertainment/Celebrities & Entertainment News,20200331,16,7,20,11,0,0.0
Arts & Entertainment/Events & Listings/Movie Listings & Theater Showtimes,20200304,10,6,10,7,0,0.0
Arts & Entertainment/TV & Video/Online Video,20200304,12,5,13,6,0,0.0
Arts & Entertainment/TV & Video/Online Video,20200308,10,7,10,4,0,0.0
Arts & Entertainment/TV & Video/Online Video,20200309,13,9,14,7,0,0.0
Arts & Entertainment/TV & Video/Online Video,20200323,15,10,15,8,0,0.0
Food & Drink/Cooking & Recipes,20200304,13,7,16,9,0,0.0
Food & Drink/Cooking & Recipes,20200308,11,9,12,8,0,0.0
Food & Drink/Cooking & Recipes,20200323,17,13,21,12,0,0.0
Food & Drink/Cooking & Recipes,20200326,11,6,11,5,0,0.0
Food & Drink/Cooking & Recipes,20200331,11,6,12,4,0,0.0
Food & Drink/Food/Baked Goods,20200312,11,7,12,5,0,0.0
Law & Government/Government/Royalty,20200304,13,2,15,8,0,0.0
Law & Government/Government/Royalty,20200312,11,8,12,7,0,0.0
Law & Government/Government/Royalty,20200319,11,5,13,7,0,0.0
Law & Government/Government/Royalty,20200325,10,6,11,5,0,0.0
News/Politics,20200304,13,5,14,9,0,0.0
News/Weather,20200301,11,2,14,10,0,0.0
News/Weather,20200302,16,5,19,10,0,0.0
News/Weather,20200303,19,6,19,7,0,0.0
News/Weather,20200304,21,9,25,11,0,0.0
News/Weather,20200305,17,6,22,10,0,0.0
News/Weather,20200306,17,9,18,11,0,0.0
News/Weather,20200308,10,5,13,3,0,0.0
News/Weather,20200309,21,11,23,10,0,0.0
News/Weather,20200310,12,3,13,6,0,0.0
News/Weather,20200311,15,5,17,10,0,0.0
News/Weather,20200312,18,9,19,9,0,0.0
News/Weather,20200318,10,4,12,4,0,0.0
News/Weather,20200319,12,7,12,6,0,0.0
News/Weather,20200323,13,8,14,10,0,0.0
News/Weather,20200330,12,2,13,4,0,0.0
News/Weather,20200331,11,5,13,5,0,0.0
Reference/General Reference/Dictionaries & Encyclopedias,20200304,11,3,16,4,0,0.0
Reference/General Reference/Dictionaries & Encyclopedias,20200306,11,4,12,6,0,0.0
Reference/General Reference/Dictionaries & Encyclopedias,20200323,10,7,15,9,0,0.0
Sports/Team Sports/American Football,20200303,11,5,12,5,0,0.0
Sports/Team Sports/American Football,20200304,12,9,12,6,0,0.0
Travel & Transportation/Transportation/Air Travel,20200304,11,7,11,6,0,0.0
Travel & Transportation/Transportation/Air Travel,20200323,10,9,10,7,0,0.0
Arts & Entertainment/Celebrities & Entertainment News,20200401,14,5,17,8,0,0.0
Arts & Entertainment/Celebrities & Entertainment News,20200402,18,6,19,5,0,0.0
Arts & Entertainment/Celebrities & Entertainment News,20200403,24,9,27,13,0,0.0
Arts & Entertainment/Celebrities & Entertainment News,20200404,18,13,18,10,0,0.0
Arts & Entertainment/Celebrities & Entertainment News,20200405,13,9,14,3,0,0.0
Arts & Entertainment/Celebrities & Entertainment News,20200406,22,9,22,10,0,0.0
Arts & Entertainment/Celebrities & Entertainment News,20200407,12,4,12,7,0,0.0
Arts & Entertainment/Celebrities & Entertainment News,20200408,13,3,13,8,0,0.0
Arts & Entertainment/Celebrities & Entertainment News,20200409,14,8,17,9,0,0.0
Arts & Entertainment/Celebrities & Entertainment News,20200410,16,10,18,10,0,0.0
Arts & Entertainment/Celebrities & Entertainment News,20200413,15,7,25,6,0,0.0
Arts & Entertainment/Celebrities & Entertainment News,20200414,22,11,28,17,0,0.0
Arts & Entertainment/Celebrities & Entertainment News,20200415,16,4,20,11,0,0.0
Arts & Entertainment/Celebrities & Entertainment News,20200416,11,3,13,8,0,0.0
Arts & Entertainment/Celebrities & Entertainment News,20200417,17,5,21,11,0,0.0
Arts & Entertainment/Celebrities & Entertainment News,20200418,14,8,15,10,0,0.0
Arts & Entertainment/Celebrities & Entertainment News,20200420,15,5,17,8,0,0.0
Arts & Entertainment/Celebrities & Entertainment News,20200421,14,8,14,5,0,0.0
Arts & Entertainment/Celebrities & Entertainment News,20200422,15,4,17,7,0,0.0
Arts & Entertainment/Celebrities & Entertainment News,20200423,14,10,17,9,0,0.0
Arts & Entertainment/Celebrities & Entertainment News,20200424,13,5,20,9,0,0.0
Arts & Entertainment/Celebrities & Entertainment News,20200427,12,7,13,6,0,0.0
Arts & Entertainment/Celebrities & Entertainment News,20200430,14,5,19,8,0,0.0
Arts & Entertainment/TV & Video/Online Video,20200403,16,8,17,11,0,0.0
Arts & Entertainment/TV & Video/Online Video,20200404,11,7,11,6,0,0.0
Arts & Entertainment/TV & Video/Online Video,20200408,10,3,13,7,0,0.0
Arts & Entertainment/TV & Video/Online Video,20200409,10,6,14,11,0,0.0
Arts & Entertainment/TV & Video/Online Video,20200410,12,8,14,10,0,0.0
Arts & Entertainment/TV & Video/Online Video,20200423,16,9,16,7,0,0.0
Arts & Entertainment/TV & Video/Online Video,20200426,11,7,16,7,0,0.0
Food & Drink/Cooking & Recipes,20200403,13,6,16,9,0,0.0
Food & Drink/Cooking & Recipes,20200406,12,4,13,7,0,0.0
Food & Drink/Cooking & Recipes,20200409,10,5,12,7,0,0.0
Food & Drink/Cooking & Recipes,20200414,12,8,15,11,0,0.0
Food & Drink/Cooking & Recipes,20200418,10,8,11,9,0,0.0
Food & Drink/Cooking & Recipes,20200424,11,6,12,6,0,0.0
Food & Drink/Cooking & Recipes,20200430,11,2,14,1,0,0.0
Law & Government/Government/Royalty,20200406,13,5,13,8,0,0.0
Law & Government/Government/Royalty,20200410,11,8,13,9,0,0.0
Law & Government/Government/Royalty,20200414,10,5,11,6,0,0.0
News/Weather,20200403,10,2,11,4,0,0.0
News/Weather,20200406,13,7,15,5,0,0.0
News/Weather,20200407,12,5,17,8,0,0.0
News/Weather,20200408,10,5,10,4,0,0.0
News/Weather,20200409,16,9,18,9,0,0.0
News/Weather,20200410,11,6,12,8,0,0.0
News/Weather,20200413,12,6,20,8,0,0.0
News/Weather,20200414,10,4,10,5,0,0.0
News/Weather,20200415,10,5,11,5,0,0.0
News/Weather,20200416,11,6,13,7,0,0.0
News/Weather,20200420,12,6,15,8,0,0.0
Reference/General Reference/Dictionaries & Encyclopedias,20200402,15,6,16,7,0,0.0
Reference/General Reference/Dictionaries & Encyclopedias,20200417,11,7,12,6,0,0.0
Travel & Transportation/Transportation/Air Travel,20200402,10,3,11,3,0,0.0
Travel & Transportation/Transportation/Air Travel,20200403,13,5,17,6,0,0.0
Travel & Transportation/Transportation/Air Travel,20200406,12,3,14,2,0,0.0
Arts & Entertainment/Celebrities & Entertainment News,20200501,10,5,15,6,0,0.0
Arts & Entertainment/Celebrities & Entertainment News,20200511,13,3,17,5,0,0.0
Arts & Entertainment/Celebrities & Entertainment News,20200513,11,3,15,7,0,0.0
Arts & Entertainment/Celebrities & Entertainment News,20200514,11,4,14,5,0,0.0
Arts & Entertainment/Celebrities & Entertainment News,20200515,13,7,13,4,0,0.0
Arts & Entertainment/Celebrities & Entertainment News,20200521,11,3,12,5,0,0.0
Arts & Entertainment/Celebrities & Entertainment News,20200526,13,7,13,0,0,0.0
Arts & Entertainment/Celebrities & Entertainment News,20200527,10,2,10,4,0,0.0
Arts & Entertainment/TV & Video/Online Video,20200524,10,9,11,9,0,0.0
Arts & Entertainment/TV & Video/Online Video,20200527,12,6,15,6,0,0.0
Food & Drink/Cooking & Recipes,20200501,11,5,14,3,0,0.0
Food & Drink/Cooking & Recipes,20200504,11,3,14,2,0,0.0
Food & Drink/Cooking & Recipes,20200512,11,5,13,5,0,0.0
Food & Drink/Food/Baked Goods,20200501,10,5,12,4,0,0.0
Food & Drink/Food/Baked Goods,20200521,10,6,10,3,0,0.0
News/Weather,20200505,10,4,10,5,0,0.0
News/Weather,20200521,10,4,13,5,0,0.0
[Life Events] Business Creation/Recently Started a Business,20200612,21,15,24,11,0,0.0
[Life Events] Business Creation/Recently Started a Business,20200615,18,11,21,9,0,0.0
[Life Events] Business Creation/Starting a Business Soon,20200612,20,15,23,10,0,0.0
[Life Events] Business Creation/Starting a Business Soon,20200615,18,11,21,9,0,0.0
[Life Events] College Graduation/Graduating Soon,20200612,20,15,23,10,0,0.0
[Life Events] College Graduation/Graduating Soon,20200615,17,11,20,8,0,0.0
[Life Events] College Graduation/Recently Graduated,20200612,20,15,23,10,0,0.0
[Life Events] College Graduation/Recently Graduated,20200615,17,11,20,8,0,0.0
[Life Events] Job Change/Recently Started New Job,20200612,21,15,24,10,0,0.0
[Life Events] Job Change/Recently Started New Job,20200614,10,5,13,5,0,0.0
[Life Events] Job Change/Recently Started New Job,20200615,18,11,21,8,0,0.0
[Life Events] Job Change/Starting New Job Soon,20200612,20,15,23,10,0,0.0
[Life Events] Job Change/Starting New Job Soon,20200615,17,11,20,8,0,0.0
[Life Events] Marriage/Getting Married Soon,20200612,19,15,22,9,0,0.0
[Life Events] Marriage/Getting Married Soon,20200615,17,11,20,8,0,0.0
[Life Events] Marriage/Recently Married,20200612,19,15,22,9,0,0.0
[Life Events] Marriage/Recently Married,20200615,17,11,20,8,0,0.0
[Life Events] Moving/Moving Soon,20200612,20,15,23,10,0,0.0
[Life Events] Moving/Moving Soon,20200615,17,11,20,8,0,0.0
[Life Events] Moving/Recently Moved,20200612,20,15,23,10,0,0.0
[Life Events] Moving/Recently Moved,20200615,17,11,20,8,0,0.0
[Life Events] Purchasing a Home/Purchasing a Home Soon,20200612,19,15,22,9,0,0.0
[Life Events] Purchasing a Home/Purchasing a Home Soon,20200615,17,11,20,8,0,0.0
[Life Events] Purchasing a Home/Recently Purchased a Home,20200612,20,15,23,10,0,0.0
[Life Events] Purchasing a Home/Recently Purchased a Home,20200615,17,11,20,8,0,0.0
[Life Events] Retirement/Recently Retired,20200612,19,15,22,9,0,0.0
[Life Events] Retirement/Recently Retired,20200615,17,11,20,8,0,0.0
[Life Events] Retirement/Retiring Soon,20200612,19,15,22,9,0,0.0
[Life Events] Retirement/Retiring Soon,20200615,17,11,20,8,0,0.0
Arts & Entertainment/Celebrities & Entertainment News,20200601,13,6,15,9,0,0.0
Arts & Entertainment/Celebrities & Entertainment News,20200608,14,4,16,9,0,0.0
Arts & Entertainment/Celebrities & Entertainment News,20200609,16,7,20,10,0,0.0
Arts & Entertainment/Celebrities & Entertainment News,20200611,10,4,11,7,0,0.0
Arts & Entertainment/Celebrities & Entertainment News,20200622,14,7,16,13,0,0.0
Arts & Entertainment/Celebrities & Entertainment News,20200623,12,4,15,11,0,0.0
Arts & Entertainment/Celebrities & Entertainment News,20200624,11,6,13,9,0,0.0
Arts & Entertainment/Celebrities & Entertainment News,20200625,10,2,11,4,0,0.0
Arts & Entertainment/Celebrities & Entertainment News,20200630,16,8,18,6,0,0.0
Arts & Entertainment/TV & Video/Online Video,20200616,12,7,13,8,0,0.0
Arts & Entertainment/TV & Video/Online Video,20200622,15,8,15,13,0,0.0
Arts & Entertainment/TV & Video/Online Video,20200623,12,3,14,10,0,0.0
Arts & Entertainment/TV & Video/Online Video,20200630,18,8,19,8,0,0.0
Food & Drink/Cooking & Recipes,20200622,11,6,11,8,0,0.0
Food & Drink/Cooking & Recipes,20200630,16,7,16,2,0,0.0
Food & Drink/Food/Baked Goods,20200608,10,4,11,4,0,0.0
Food & Drink/Food/Baked Goods,20200630,12,5,12,6,0,0.0
"Home & Garden/Patio, Lawn & Garden/Gardening",20200608,12,2,14,6,0,0.0
"Home & Garden/Patio, Lawn & Garden/Gardening",20200609,11,1,11,3,0,0.0
News/Weather,20200601,11,7,15,5,0,0.0
News/Weather,20200608,11,3,15,8,0,0.0
News/Weather,20200609,10,2,10,3,0,0.0
Arts & Entertainment/Celebrities & Entertainment News,20200706,11,3,13,11,0,0.0
Arts & Entertainment/Celebrities & Entertainment News,20200707,13,6,16,9,0,0.0
Arts & Entertainment/Celebrities & Entertainment News,20200708,12,2,13,7,0,0.0
Arts & Entertainment/Celebrities & Entertainment News,20200709,13,3,17,11,0,0.0
Arts & Entertainment/Celebrities & Entertainment News,20200710,11,4,17,14,0,0.0
Arts & Entertainment/Celebrities & Entertainment News,20200713,13,4,14,7,0,0.0
Arts & Entertainment/Celebrities & Entertainment News,20200714,12,6,15,8,0,0.0
Arts & Entertainment/Celebrities & Entertainment News,20200720,12,5,14,7,0,0.0
Arts & Entertainment/TV & Video/Online Video,20200702,10,2,10,5,0,0.0
Arts & Entertainment/TV & Video/Online Video,20200707,15,8,15,9,0,0.0
Arts & Entertainment/TV & Video/Online Video,20200708,10,2,12,7,0,0.0
Arts & Entertainment/TV & Video/Online Video,20200709,10,3,10,9,0,0.0
Arts & Entertainment/TV & Video/Online Video,20200713,10,2,12,6,0,0.0
Arts & Entertainment/TV & Video/Online Video,20200714,10,4,11,7,0,0.0
Arts & Entertainment/Celebrities & Entertainment News,20200804,10,3,10,4,0,0.0
Arts & Entertainment/Celebrities & Entertainment News,20200806,12,7,13,8,0,0.0
Arts & Entertainment/Celebrities & Entertainment News,20200813,11,2,11,5,0,0.0
Arts & Entertainment/Celebrities & Entertainment News,20200824,12,7,12,6,0,0.0
Arts & Entertainment/Celebrities & Entertainment News,20200831,13,5,15,6,0,0.0
Food & Drink/Cooking & Recipes,20200820,11,3,14,8,0,0.0
Food & Drink/Cooking & Recipes,20200825,11,7,15,8,0,0.0
News/Weather,20200807,11,4,15,8,0,0.0
News/Weather,20200813,11,4,14,8,0,0.0
News/Weather,20200819,12,2,18,6,0,0.0
Arts & Entertainment/Celebrities & Entertainment News,20200904,11,5,14,6,0,0.0
Arts & Entertainment/Celebrities & Entertainment News,20200908,11,3,14,8,0,0.0
Arts & Entertainment/Celebrities & Entertainment News,20200909,10,4,10,3,0,0.0
Arts & Entertainment/Celebrities & Entertainment News,20200916,15,6,16,7,0,0.0
Arts & Entertainment/Celebrities & Entertainment News,20200917,11,4,11,4,0,0.0
Arts & Entertainment/Celebrities & Entertainment News,20200918,11,4,12,7,0,0.0
Arts & Entertainment/Celebrities & Entertainment News,20200921,17,4,24,11,0,0.0
Arts & Entertainment/TV & Video/Online Video,20200930,10,6,13,7,0,0.0
News/Weather,20200916,11,4,11,6,0,0.0
Arts & Entertainment/Celebrities & Entertainment News,20201005,14,5,18,7,0,0.0
Arts & Entertainment/Celebrities & Entertainment News,20201008,11,4,12,5,0,0.0
Arts & Entertainment/Celebrities & Entertainment News,20201029,10,4,11,5,0,0.0
Law & Government/Government/Royalty,20201005,10,4,13,5,0,0.0
News/Weather,20201021,10,6,10,3,0,0.0
News/Weather,20201024,10,6,11,5,0,0.0
Arts & Entertainment/Celebrities & Entertainment News,20201117,14,8,15,6,0,0.0
Arts & Entertainment/Celebrities & Entertainment News,20201119,12,7,14,7,0,0.0
Arts & Entertainment/Celebrities & Entertainment News,20201120,12,5,13,5,0,0.0
Arts & Entertainment/Celebrities & Entertainment News,20201123,10,6,10,3,0,0.0
Arts & Entertainment/Celebrities & Entertainment News,20201125,13,6,15,8,0,0.0
Arts & Entertainment/Celebrities & Entertainment News,20201126,12,3,14,6,0,0.0
Arts & Entertainment/Celebrities & Entertainment News,20201127,13,9,20,9,0,0.0
Arts & Entertainment/TV & Video/Online Video,20201119,11,8,13,7,0,0.0
Arts & Entertainment/TV & Video/Online Video,20201127,11,7,16,6,0,0.0
Food & Drink/Cooking & Recipes,20201105,12,7,14,6,0,0.0
Food & Drink/Cooking & Recipes,20201117,13,8,16,5,0,0.0
Food & Drink/Cooking & Recipes,20201119,11,7,12,4,0,0.0
Food & Drink/Food/Fruits & Vegetables,20201119,10,6,11,4,0,0.0
News/Weather,20201119,14,8,16,8,0,0.0
News/Weather,20201124,13,5,15,6,0,0.0
News/Weather,20201125,18,8,20,11,0,0.0
News/Weather,20201127,10,7,10,5,0,0.0
Arts & Entertainment/Celebrities & Entertainment News,20201201,11,7,12,6,0,0.0
Arts & Entertainment/Celebrities & Entertainment News,20201204,11,8,11,5,0,0.0
Arts & Entertainment/Celebrities & Entertainment News,20201215,13,5,14,7,0,0.0
Arts & Entertainment/Celebrities & Entertainment News,20201216,15,6,16,6,0,0.0
Arts & Entertainment/Celebrities & Entertainment News,20201217,14,5,16,11,0,0.0
Arts & Entertainment/Celebrities & Entertainment News,20201218,12,2,13,6,0,0.0
Arts & Entertainment/Celebrities & Entertainment News,20201221,10,4,11,8,0,0.0
Arts & Entertainment/Celebrities & Entertainment News,20201229,10,3,11,4,0,0.0
Arts & Entertainment/Celebrities & Entertainment News,20201231,13,7,14,5,0,0.0
Arts & Entertainment/Music & Audio/Radio,20201221,10,5,10,6,0,0.0
Arts & Entertainment/TV & Video/Online Video,20201214,10,8,10,5,0,0.0
Arts & Entertainment/TV & Video/Online Video,20201216,10,7,11,4,0,0.0
Food & Drink/Cooking & Recipes,20201204,12,6,13,6,0,0.0
News/Weather,20201211,10,2,14,9,0,0.0
News/Weather,20201215,15,4,17,9,0,0.0
News/Weather,20201216,10,3,10,4,0,0.0
News/Weather,20201218,11,4,12,7,0,0.0
Reference/General Reference/Dictionaries & Encyclopedias,20201204,10,6,11,5,0,0.0
