ga:interestOtherCategory,ga:date,ga:users,ga:newUsers,ga:sessions,ga:bounces,ga:transactions,ga:transactionRevenue
Arts & Entertainment/Celebrities & Entertainment News,20210104,10,5,11,8,0,0.0
Arts & Entertainment/Celebrities & Entertainment News,20210118,10,2,16,7,0,0.0
Arts & Entertainment/Celebrities & Entertainment News,20210130,10,5,11,4,0,0.0
Food & Drink/Food/Baked Goods,20210127,10,7,14,13,0,0.0
News/Weather,20210201,10,7,10,5,0,0.0
Food & Drink/Cooking & Recipes,20210324,10,5,11,6,0,0.0
Arts & Entertainment/Celebrities & Entertainment News,20210407,12,3,13,9,0,0.0
Arts & Entertainment/Celebrities & Entertainment News,20210426,10,5,10,3,0,0.0
Arts & Entertainment/Celebrities & Entertainment News,20210911,13,12,14,10,0,0.0
Food & Drink/Cooking & Recipes,20211014,12,4,13,5,0,0.0
News/Weather,20211105,11,6,13,8,0,0.0
News/Weather,20211110,10,4,11,6,0,0.0
Arts & Entertainment/Celebrities & Entertainment News,20211201,10,5,12,6,0,0.0
News/Weather,20211206,10,1,12,6,0,0.0
News/Weather,20211209,12,6,23,11,0,0.0
News/Weather,20211210,11,4,12,8,0,0.0
News/Weather,20211216,10,1,10,1,0,0.0
News/Weather,20211231,10,8,13,6,0,0.0
