ga:campaign,ga:date,ga:users,ga:newUsers,ga:sessions,ga:bounces,ga:transactions,ga:transactionRevenue
(not set),20180101,846,466,939,116,22,1835.0
(not set),20180102,846,414,957,118,16,518.74
(not set),20180103,860,431,993,117,14,498.0
(not set),20180104,1120,565,1254,145,30,699.99
(not set),20180105,824,370,950,103,16,475.0
(not set),20180106,660,309,722,93,11,1610.0
(not set),20180107,578,268,635,92,9,213.74
(not set),20180108,786,365,888,117,14,291.22
(not set),20180109,733,323,827,111,14,304.75
(not set),20180110,704,306,812,105,12,399.0
(not set),20180111,972,442,1093,131,16,360.0
(not set),20180112,866,406,965,114,13,1295.0
(not set),20180113,2210,1713,2341,137,8,420.0
(not set),20180114,1066,702,1157,111,9,163.74
(not set),20180115,899,440,1027,118,23,713.0
(not set),20180116,1363,683,1535,142,68,3698.74
(not set),20180117,971,456,1127,141,54,1873.74
(not set),20180118,1003,476,1140,120,50,2015.0
(not set),20180119,971,455,1093,122,47,1709.0
(not set),20180120,621,283,688,105,9,380.0
(not set),20180121,799,439,871,93,15,695.0
(not set),20180122,881,405,998,132,20,565.0
(not set),20180123,854,399,976,112,20,705.0
(not set),20180124,808,353,924,105,18,570.0
(not set),20180125,914,430,1030,122,38,1134.71
(not set),20180126,782,322,894,118,21,620.0
(not set),20180127,557,238,627,87,17,555.0
(not set),20180128,518,236,576,81,14,625.0
(not set),20180129,792,337,902,104,23,1190.0
(not set),20180130,781,342,891,116,32,1174.74
(not set),20180131,757,347,860,108,41,1482.2
0b14db553f-EMAIL_CAMPAIGN_joey_rory,20180102,1,1,1,0,0,0.0
0b893182a0-EMAIL_CAMPAIGN_2018_01_31,20180131,2,0,5,0,0,0.0
0faf3f2c37-EMAIL_CAMPAIGN_2018_01_24,20180125,3,2,3,0,0,0.0
0faf3f2c37-EMAIL_CAMPAIGN_2018_01_24,20180130,1,0,1,1,0,0.0
0faf3f2c37-EMAIL_CAMPAIGN_2018_01_24,20180131,1,0,1,0,0,0.0
1694ad2a18-EMAIL_CAMPAIGN_case_for_christ_2,20180119,4,0,5,0,0,0.0
1694ad2a18-EMAIL_CAMPAIGN_case_for_christ_2,20180120,2,1,2,0,0,0.0
1694ad2a18-EMAIL_CAMPAIGN_case_for_christ_2,20180121,1,0,1,0,0,0.0
1694ad2a18-EMAIL_CAMPAIGN_case_for_christ_2,20180122,1,0,1,0,0,0.0
1694ad2a18-EMAIL_CAMPAIGN_case_for_christ_2,20180123,1,0,2,0,0,0.0
1694ad2a18-EMAIL_CAMPAIGN_case_for_christ_2,20180124,1,0,1,0,0,0.0
1de99a0f20-EMAIL_CAMPAIGN_2017_08_16,20180130,1,0,1,0,0,0.0
1f01c58160-EMAIL_CAMPAIGN_final-christmas-offer,20180115,1,0,1,0,0,0.0
1f01c58160-EMAIL_CAMPAIGN_final-christmas-offer,20180118,1,0,1,0,0,0.0
23fc164a09-EMAIL_CAMPAIGN_a-christmas-carol,20180125,1,0,1,0,0,0.0
2834f7df79-EMAIL_CAMPAIGN_2017_11_08,20180119,1,0,1,0,0,0.0
3610e7f7cb-EMAIL_CAMPAIGN_2017_07_26,20180108,1,0,1,0,0,0.0
3a3f77f858-EMAIL_CAMPAIGN_case_for_christ,20180116,1,0,1,0,0,0.0
3a3f77f858-EMAIL_CAMPAIGN_case_for_christ,20180126,1,0,1,0,0,0.0
3a3f77f858-EMAIL_CAMPAIGN_case_for_christ,20180130,1,0,1,0,0,0.0
3e45988d52-EMAIL_CAMPAIGN_october_anchor_devotional_2017,20180105,1,0,1,0,0,0.0
3e45988d52-EMAIL_CAMPAIGN_october_anchor_devotional_2017,20180116,1,0,1,0,0,0.0
3e45988d52-EMAIL_CAMPAIGN_october_anchor_devotional_2017,20180119,1,0,1,0,0,0.0
3e45988d52-EMAIL_CAMPAIGN_october_anchor_devotional_2017,20180125,1,0,1,0,0,0.0
51936a645f-Chip and Joanna Gaines choose family over fame,20180115,1,0,1,0,0,0.0
58fb4ee5da-EMAIL_CAMPAIGN_2017_08_23,20180111,1,0,1,0,0,0.0
58fb4ee5da-EMAIL_CAMPAIGN_2017_08_23,20180117,1,0,2,0,1,10.0
58fb4ee5da-EMAIL_CAMPAIGN_2017_08_23,20180118,2,0,2,0,0,0.0
58fb4ee5da-EMAIL_CAMPAIGN_2017_08_23,20180119,1,0,1,0,0,0.0
58fb4ee5da-EMAIL_CAMPAIGN_2017_08_23,20180121,1,0,1,0,0,0.0
7e3ca0fb3c-EMAIL_CAMPAIGN_2017_11_23,20180116,2,0,2,0,0,0.0
805028cb75-EMAIL_CAMPAIGN_2017_11_01,20180103,1,0,1,0,0,0.0
805028cb75-EMAIL_CAMPAIGN_2017_11_01,20180104,2,0,2,0,0,0.0
805028cb75-EMAIL_CAMPAIGN_2017_11_01,20180105,3,0,3,1,1,10.0
805028cb75-EMAIL_CAMPAIGN_2017_11_01,20180111,4,0,5,0,0,0.0
805028cb75-EMAIL_CAMPAIGN_2017_11_01,20180112,2,0,2,0,0,0.0
805028cb75-EMAIL_CAMPAIGN_2017_11_01,20180116,3,0,3,0,0,0.0
805028cb75-EMAIL_CAMPAIGN_2017_11_01,20180117,1,0,1,0,0,0.0
805028cb75-EMAIL_CAMPAIGN_2017_11_01,20180118,3,0,3,0,0,0.0
805028cb75-EMAIL_CAMPAIGN_2017_11_01,20180119,1,0,2,0,0,0.0
805028cb75-EMAIL_CAMPAIGN_2017_11_01,20180120,2,0,2,0,0,0.0
805028cb75-EMAIL_CAMPAIGN_2017_11_01,20180121,2,0,3,0,0,0.0
805028cb75-EMAIL_CAMPAIGN_2017_11_01,20180122,1,0,2,1,0,0.0
805028cb75-EMAIL_CAMPAIGN_2017_11_01,20180123,1,0,1,0,0,0.0
805028cb75-EMAIL_CAMPAIGN_2017_11_01,20180124,1,0,1,0,0,0.0
805028cb75-EMAIL_CAMPAIGN_2017_11_01,20180131,1,0,1,0,0,0.0
8e356f5b90-EMAIL_CAMPAIGN_case_for_christ_2,20180116,7,5,7,1,0,0.0
8e356f5b90-EMAIL_CAMPAIGN_case_for_christ_2,20180117,4,1,4,0,0,0.0
8e356f5b90-EMAIL_CAMPAIGN_case_for_christ_2,20180118,1,1,1,0,0,0.0
96e974952d-EMAIL_CAMPAIGN_final-christmas-offer,20180102,1,0,1,0,0,0.0
96e974952d-EMAIL_CAMPAIGN_final-christmas-offer,20180103,1,0,1,0,0,0.0
96e974952d-EMAIL_CAMPAIGN_final-christmas-offer,20180104,1,0,2,0,0,0.0
96e974952d-EMAIL_CAMPAIGN_final-christmas-offer,20180105,1,0,1,0,0,0.0
96e974952d-EMAIL_CAMPAIGN_final-christmas-offer,20180106,1,0,1,0,0,0.0
96e974952d-EMAIL_CAMPAIGN_final-christmas-offer,20180112,1,0,1,0,1,5.0
96e974952d-EMAIL_CAMPAIGN_final-christmas-offer,20180118,1,0,1,0,0,0.0
a367a550f9-EMAIL_CAMPAIGN_2017_11_23,20180113,1,0,1,0,0,0.0
a367a550f9-EMAIL_CAMPAIGN_2017_11_23,20180123,1,0,1,0,1,30.0
a5bee13d1b-EMAIL_CAMPAIGN_luther_dvd_2017,20180111,1,0,1,0,0,0.0
a5bee13d1b-EMAIL_CAMPAIGN_luther_dvd_2017,20180116,1,0,1,0,0,0.0
ab61d89bb5-EMAIL_CAMPAIGN_sing-the-bible-family-christmas,20180119,1,0,1,0,0,0.0
aebddd1182-EMAIL_CAMPAIGN_2017_08_03,20180104,1,0,1,0,0,0.0
aec0c693e0-EMAIL_CAMPAIGN_2018_01_17,20180118,1,1,1,0,0,0.0
afdfcd19aa-EMAIL_CAMPAIGN_chip_joanna_gaines,20180118,1,0,1,0,0,0.0
b4f856e605-EMAIL_CAMPAIGN_2017_09_20,20180105,1,1,1,0,0,0.0
b4f856e605-EMAIL_CAMPAIGN_2017_09_20,20180111,1,0,1,0,0,0.0
b4f856e605-EMAIL_CAMPAIGN_2017_09_20,20180116,1,0,1,0,0,0.0
b4f856e605-EMAIL_CAMPAIGN_2017_09_20,20180119,1,0,1,0,0,0.0
ccdd9f3241-EMAIL_CAMPAIGN_2017_09_27,20180101,1,0,1,0,0,0.0
ccdd9f3241-EMAIL_CAMPAIGN_2017_09_27,20180108,1,0,1,0,0,0.0
ccdd9f3241-EMAIL_CAMPAIGN_2017_09_27,20180112,1,0,2,0,0,0.0
ccdd9f3241-EMAIL_CAMPAIGN_2017_09_27,20180115,1,0,1,0,0,0.0
d2be923ed4-EMAIL_CAMPAIGN_2018_01_10,20180111,1,1,1,0,1,25.0
d92b52daf4-EMAIL_CAMPAIGN_2018_01_03,20180104,9,4,9,0,1,50.0
d92b52daf4-EMAIL_CAMPAIGN_2018_01_03,20180105,1,1,1,0,0,0.0
d92b52daf4-EMAIL_CAMPAIGN_2018_01_03,20180111,1,0,1,0,0,0.0
d92b52daf4-EMAIL_CAMPAIGN_2018_01_03,20180117,1,0,1,0,0,0.0
d92b52daf4-EMAIL_CAMPAIGN_2018_01_03,20180118,1,0,2,0,0,0.0
e44f5bdf2e-EMAIL_CAMPAIGN_final-christmas-offer,20180102,1,0,1,0,0,0.0
ece9932814-EMAIL_CAMPAIGN_a-christmas-carol,20180121,1,0,1,0,0,0.0
f7e2308035-EMAIL_CAMPAIGN_sing-the-bible-family-christmas-2,20180104,1,0,1,0,0,0.0
f7e2308035-EMAIL_CAMPAIGN_sing-the-bible-family-christmas-2,20180116,1,0,1,0,0,0.0
fc6bb4d9b5-EMAIL_CAMPAIGN_2017_07_19,20180104,1,0,1,0,0,0.0
fff8724d8d-EMAIL_CAMPAIGN_joey_rory,20180104,1,0,1,0,0,0.0
fff8724d8d-EMAIL_CAMPAIGN_joey_rory,20180116,1,0,1,0,0,0.0
fff8724d8d-EMAIL_CAMPAIGN_joey_rory,20180118,1,0,1,0,0,0.0
(not set),20180201,957,467,1098,116,42,2105.48
(not set),20180202,740,322,867,113,45,1633.24
(not set),20180203,542,238,633,103,10,605.0
(not set),20180204,522,236,585,73,15,703.0
(not set),20180205,813,376,940,98,27,543.74
(not set),20180206,938,485,1064,127,46,1174.65
(not set),20180207,903,462,1038,124,35,936.74
(not set),20180208,1009,472,1162,131,37,849.85
(not set),20180209,706,308,838,87,33,993.73
(not set),20180210,531,232,617,89,2,69.74
(not set),20180211,487,228,548,83,2,186.73
(not set),20180212,691,289,786,110,20,496.48
(not set),20180213,831,375,928,102,26,751.51
(not set),20180214,862,438,968,124,16,414.74
(not set),20180215,855,371,979,111,44,1192.48
(not set),20180216,971,457,1067,122,48,2194.16
(not set),20180217,640,320,723,101,22,548.46
(not set),20180218,681,369,759,87,17,364.74
(not set),20180219,880,439,982,128,26,1455.0
(not set),20180220,946,476,1076,100,31,914.5
(not set),20180221,1085,615,1228,107,27,619.01
(not set),20180222,1715,994,1954,125,81,1874.56
(not set),20180223,1178,611,1332,120,121,3760.32
(not set),20180224,845,440,938,99,39,1202.12
(not set),20180225,791,432,897,103,26,882.61
(not set),20180226,1056,522,1213,107,74,2201.46
(not set),20180227,953,475,1084,103,92,3306.46
(not set),20180228,895,447,1023,112,76,2317.23
02e1812080-EMAIL_CAMPAIGN_case_for_christ_2,20180226,37,27,41,0,1,25.0
02e1812080-EMAIL_CAMPAIGN_case_for_christ_2,20180227,7,4,7,0,0,0.0
02e1812080-EMAIL_CAMPAIGN_case_for_christ_2,20180228,5,2,8,0,0,0.0
0b14db553f-EMAIL_CAMPAIGN_joey_rory,20180226,1,0,1,0,0,0.0
0b893182a0-EMAIL_CAMPAIGN_2018_01_31,20180201,1,0,2,0,0,0.0
0b893182a0-EMAIL_CAMPAIGN_2018_01_31,20180202,2,0,3,0,0,0.0
0b893182a0-EMAIL_CAMPAIGN_2018_01_31,20180203,1,0,2,0,0,0.0
0b893182a0-EMAIL_CAMPAIGN_2018_01_31,20180205,1,0,3,0,0,0.0
0b893182a0-EMAIL_CAMPAIGN_2018_01_31,20180206,1,0,1,0,0,0.0
0b893182a0-EMAIL_CAMPAIGN_2018_01_31,20180207,1,0,1,0,0,0.0
0b893182a0-EMAIL_CAMPAIGN_2018_01_31,20180208,1,0,1,0,0,0.0
0b893182a0-EMAIL_CAMPAIGN_2018_01_31,20180209,1,0,1,0,0,0.0
0b893182a0-EMAIL_CAMPAIGN_2018_01_31,20180212,1,0,1,0,0,0.0
0b893182a0-EMAIL_CAMPAIGN_2018_01_31,20180214,1,0,2,0,0,0.0
1694ad2a18-EMAIL_CAMPAIGN_case_for_christ_2,20180203,1,0,1,0,1,50.0
1694ad2a18-EMAIL_CAMPAIGN_case_for_christ_2,20180222,1,0,1,0,0,0.0
1de99a0f20-EMAIL_CAMPAIGN_2017_08_16,20180202,1,0,1,0,0,0.0
1de99a0f20-EMAIL_CAMPAIGN_2017_08_16,20180203,1,0,1,0,0,0.0
1de99a0f20-EMAIL_CAMPAIGN_2017_08_16,20180204,1,0,1,0,0,0.0
1f01c58160-EMAIL_CAMPAIGN_final-christmas-offer,20180222,1,0,2,1,0,0.0
23fc164a09-EMAIL_CAMPAIGN_a-christmas-carol,20180201,1,0,1,0,0,0.0
23fc164a09-EMAIL_CAMPAIGN_a-christmas-carol,20180216,1,0,1,0,0,0.0
23fc164a09-EMAIL_CAMPAIGN_a-christmas-carol,20180224,1,0,1,0,0,0.0
2834f7df79-EMAIL_CAMPAIGN_2017_11_08,20180220,1,0,1,0,0,0.0
3a3f77f858-EMAIL_CAMPAIGN_case_for_christ,20180201,1,0,1,0,0,0.0
3a6f9f9ced-EMAIL_CAMPAIGN_2018_02_14,20180214,1,0,1,0,0,0.0
3a6f9f9ced-EMAIL_CAMPAIGN_2018_02_14,20180215,6,1,8,0,0,0.0
3a6f9f9ced-EMAIL_CAMPAIGN_2018_02_14,20180216,2,1,2,0,0,0.0
3a6f9f9ced-EMAIL_CAMPAIGN_2018_02_14,20180217,1,0,4,0,0,0.0
3a6f9f9ced-EMAIL_CAMPAIGN_2018_02_14,20180218,1,0,2,0,0,0.0
3a6f9f9ced-EMAIL_CAMPAIGN_2018_02_14,20180219,2,0,4,0,0,0.0
3a6f9f9ced-EMAIL_CAMPAIGN_2018_02_14,20180220,1,0,1,0,0,0.0
3a6f9f9ced-EMAIL_CAMPAIGN_2018_02_14,20180221,1,0,3,0,0,0.0
3a6f9f9ced-EMAIL_CAMPAIGN_2018_02_14,20180222,1,0,1,0,0,0.0
3a6f9f9ced-EMAIL_CAMPAIGN_2018_02_14,20180223,1,0,1,0,0,0.0
3a6f9f9ced-EMAIL_CAMPAIGN_2018_02_14,20180228,1,0,2,0,0,0.0
3dd=,20180223,1,1,1,0,0,0.0
3Dd=,20180216,1,0,1,0,0,0.0
3Dd=,20180218,1,0,1,0,0,0.0
3Dd=,20180219,1,0,1,0,0,0.0
3e45988d52-EMAIL_CAMPAIGN_october_anchor_devotional_2017,20180208,1,0,1,0,0,0.0
3e45988d52-EMAIL_CAMPAIGN_october_anchor_devotional_2017,20180216,1,0,1,0,0,0.0
3e45988d52-EMAIL_CAMPAIGN_october_anchor_devotional_2017,20180222,1,0,1,0,0,0.0
3e45988d52-EMAIL_CAMPAIGN_october_anchor_devotional_2017,20180228,1,0,1,0,0,0.0
7e3ca0fb3c-EMAIL_CAMPAIGN_2017_11_23,20180203,1,0,1,0,0,0.0
7e3ca0fb3c-EMAIL_CAMPAIGN_2017_11_23,20180208,1,0,1,0,0,0.0
7e3ca0fb3c-EMAIL_CAMPAIGN_2017_11_23,20180215,2,0,2,0,0,0.0
805028cb75-EMAIL_CAMPAIGN_2017_11_01,20180201,2,0,3,1,0,0.0
805028cb75-EMAIL_CAMPAIGN_2017_11_01,20180202,1,0,1,0,0,0.0
805028cb75-EMAIL_CAMPAIGN_2017_11_01,20180206,1,1,1,0,0,0.0
805028cb75-EMAIL_CAMPAIGN_2017_11_01,20180208,3,0,3,0,0,0.0
805028cb75-EMAIL_CAMPAIGN_2017_11_01,20180212,1,0,1,0,0,0.0
805028cb75-EMAIL_CAMPAIGN_2017_11_01,20180213,1,0,2,0,1,10.0
805028cb75-EMAIL_CAMPAIGN_2017_11_01,20180217,1,0,1,0,0,0.0
805028cb75-EMAIL_CAMPAIGN_2017_11_01,20180222,6,0,7,0,1,50.0
805028cb75-EMAIL_CAMPAIGN_2017_11_01,20180223,1,0,1,0,0,0.0
805028cb75-EMAIL_CAMPAIGN_2017_11_01,20180224,1,0,1,0,0,0.0
805028cb75-EMAIL_CAMPAIGN_2017_11_01,20180226,1,0,1,0,0,0.0
805028cb75-EMAIL_CAMPAIGN_2017_11_01,20180228,1,0,1,0,0,0.0
82887d527f-EMAIL_CAMPAIGN_2017_11_22,20180210,2,2,2,0,0,0.0
82b84d66f0-EMAIL_CAMPAIGN_2018_02_07,20180211,1,0,5,0,0,0.0
82b84d66f0-EMAIL_CAMPAIGN_2018_02_07,20180213,1,0,1,0,0,0.0
96e974952d-EMAIL_CAMPAIGN_final-christmas-offer,20180222,1,0,2,0,1,5.0
96e974952d-EMAIL_CAMPAIGN_final-christmas-offer,20180227,1,0,1,0,0,0.0
96e974952d-EMAIL_CAMPAIGN_final-christmas-offer,20180228,1,0,1,0,1,5.0
a367a550f9-EMAIL_CAMPAIGN_2017_11_23,20180223,1,0,1,0,0,0.0
a5bee13d1b-EMAIL_CAMPAIGN_luther_dvd_2017,20180201,1,0,1,0,0,0.0
ab61d89bb5-EMAIL_CAMPAIGN_sing-the-bible-family-christmas,20180218,1,0,1,0,0,0.0
b4f856e605-EMAIL_CAMPAIGN_2017_09_20,20180216,2,0,2,0,0,0.0
b4f856e605-EMAIL_CAMPAIGN_2017_09_20,20180222,1,0,1,0,0,0.0
b4f856e605-EMAIL_CAMPAIGN_2017_09_20,20180226,1,0,1,0,1,50.0
b93672812f-EMAIL_CAMPAIGN_case_for_christ_2,20180212,1,0,1,0,0,0.0
ccdd9f3241-EMAIL_CAMPAIGN_2017_09_27,20180212,1,0,1,0,0,0.0
ccdd9f3241-EMAIL_CAMPAIGN_2017_09_27,20180222,1,0,1,0,0,0.0
d513258153-EMAIL_CAMPAIGN_case_for_christ_2,20180216,17,12,18,1,3,63.74
d513258153-EMAIL_CAMPAIGN_case_for_christ_2,20180217,1,0,1,0,0,0.0
d513258153-EMAIL_CAMPAIGN_case_for_christ_2,20180220,1,1,1,0,0,0.0
d513258153-EMAIL_CAMPAIGN_case_for_christ_2,20180223,1,0,2,0,0,0.0
d513258153-EMAIL_CAMPAIGN_case_for_christ_2,20180224,1,0,1,0,0,0.0
d513258153-EMAIL_CAMPAIGN_case_for_christ_2,20180225,1,0,1,0,0,0.0
d513258153-EMAIL_CAMPAIGN_case_for_christ_2,20180226,1,1,1,0,0,0.0
d62328f154-EMAIL_CAMPAIGN_case_for_christ_2,20180223,64,37,72,2,1,25.0
d62328f154-EMAIL_CAMPAIGN_case_for_christ_2,20180224,8,1,11,0,0,0.0
d62328f154-EMAIL_CAMPAIGN_case_for_christ_2,20180225,7,2,7,0,0,0.0
d62328f154-EMAIL_CAMPAIGN_case_for_christ_2,20180226,5,0,5,0,0,0.0
d62328f154-EMAIL_CAMPAIGN_case_for_christ_2,20180227,3,0,3,0,0,0.0
d62328f154-EMAIL_CAMPAIGN_case_for_christ_2,20180228,1,0,1,0,0,0.0
d92b52daf4-EMAIL_CAMPAIGN_2018_01_03,20180208,1,0,1,0,0,0.0
d92b52daf4-EMAIL_CAMPAIGN_2018_01_03,20180209,1,0,1,0,0,0.0
d92b52daf4-EMAIL_CAMPAIGN_2018_01_03,20180210,1,0,1,0,0,0.0
d92b52daf4-EMAIL_CAMPAIGN_2018_01_03,20180211,1,0,1,0,0,0.0
d92b52daf4-EMAIL_CAMPAIGN_2018_01_03,20180214,1,0,1,0,0,0.0
d92b52daf4-EMAIL_CAMPAIGN_2018_01_03,20180216,1,0,2,0,0,0.0
d92b52daf4-EMAIL_CAMPAIGN_2018_01_03,20180217,1,0,2,0,0,0.0
d92b52daf4-EMAIL_CAMPAIGN_2018_01_03,20180219,1,0,1,0,0,0.0
d92b52daf4-EMAIL_CAMPAIGN_2018_01_03,20180220,1,0,1,0,0,0.0
d92b52daf4-EMAIL_CAMPAIGN_2018_01_03,20180222,1,0,2,0,0,0.0
db5674d5ee-EMAIL_CAMPAIGN_case_for_christ_2,20180220,7,5,7,0,0,0.0
db5674d5ee-EMAIL_CAMPAIGN_case_for_christ_2,20180222,2,2,3,2,0,0.0
db5674d5ee-EMAIL_CAMPAIGN_case_for_christ_2,20180227,1,0,1,0,0,0.0
e1f69c9918-EMAIL_CAMPAIGN_2017_10_25,20180209,1,0,1,0,1,40.0
e44f5bdf2e-EMAIL_CAMPAIGN_final-christmas-offer,20180224,1,0,1,0,1,25.0
ece9932814-EMAIL_CAMPAIGN_a-christmas-carol,20180216,1,0,2,0,0,0.0
f7e2308035-EMAIL_CAMPAIGN_sing-the-bible-family-christmas-2,20180201,1,0,1,0,0,0.0
f7e2308035-EMAIL_CAMPAIGN_sing-the-bible-family-christmas-2,20180222,1,0,1,0,0,0.0
fff8724d8d-EMAIL_CAMPAIGN_joey_rory,20180223,1,0,1,0,0,0.0
fff8724d8d-EMAIL_CAMPAIGN_joey_rory,20180226,1,0,1,0,0,0.0
(not set),20180301,1258,670,1440,119,72,2019.0
(not set),20180302,1168,626,1290,121,77,2363.68
(not set),20180303,749,401,831,99,34,969.43
(not set),20180304,732,398,809,102,19,648.45
(not set),20180305,1020,481,1155,130,35,1045.0
(not set),20180306,953,441,1087,109,23,5595.0
(not set),20180307,1012,481,1162,120,26,1175.0
(not set),20180308,1355,648,1505,126,53,1914.0
(not set),20180309,915,447,1038,112,43,1277.44
(not set),20180310,816,384,906,94,21,680.7
(not set),20180311,612,294,680,78,13,420.0
(not set),20180312,788,342,898,90,26,1226.74
(not set),20180313,990,485,1120,114,13,315.0
(not set),20180314,830,375,949,118,21,618.73
(not set),20180315,1121,572,1235,159,32,746.98
(not set),20180316,830,388,937,118,20,518.73
(not set),20180317,792,437,866,93,9,422.44
(not set),20180318,747,413,824,94,8,760.0
(not set),20180319,1038,534,1182,116,62,1704.73
(not set),20180320,844,365,956,123,45,1331.73
(not set),20180321,1384,741,1575,128,116,4029.5
(not set),20180322,1579,815,1773,120,97,2993.73
(not set),20180323,1194,640,1347,113,92,2412.95
(not set),20180324,809,422,883,84,42,2044.73
(not set),20180325,693,360,773,81,23,793.0
(not set),20180326,854,376,970,82,38,988.0
(not set),20180327,897,409,1035,103,34,1233.73
(not set),20180328,932,434,1043,120,48,2269.66
(not set),20180329,1378,683,1574,118,48,1963.45
(not set),20180330,1156,599,1279,116,49,2789.17
(not set),20180331,759,373,839,84,32,1629.0
02e1812080-EMAIL_CAMPAIGN_case_for_christ_2,20180301,2,1,3,0,0,0.0
02e1812080-EMAIL_CAMPAIGN_case_for_christ_2,20180302,1,0,2,0,0,0.0
02e1812080-EMAIL_CAMPAIGN_case_for_christ_2,20180303,2,1,2,0,0,0.0
02e1812080-EMAIL_CAMPAIGN_case_for_christ_2,20180306,1,1,1,0,0,0.0
02e1812080-EMAIL_CAMPAIGN_case_for_christ_2,20180308,1,0,1,0,0,0.0
02e1812080-EMAIL_CAMPAIGN_case_for_christ_2,20180309,1,0,1,0,0,0.0
02e1812080-EMAIL_CAMPAIGN_case_for_christ_2,20180310,1,0,2,0,0,0.0
02e1812080-EMAIL_CAMPAIGN_case_for_christ_2,20180312,1,0,1,1,0,0.0
02e1812080-EMAIL_CAMPAIGN_case_for_christ_2,20180315,1,0,1,0,0,0.0
02e1812080-EMAIL_CAMPAIGN_case_for_christ_2,20180318,1,0,1,0,0,0.0
02e1812080-EMAIL_CAMPAIGN_case_for_christ_2,20180321,1,0,1,0,0,0.0
02e1812080-EMAIL_CAMPAIGN_case_for_christ_2,20180322,1,0,1,0,0,0.0
1694ad2a18-EMAIL_CAMPAIGN_case_for_christ_2,20180301,1,0,2,0,0,0.0
1694ad2a18-EMAIL_CAMPAIGN_case_for_christ_2,20180308,1,0,2,0,0,0.0
1694ad2a18-EMAIL_CAMPAIGN_case_for_christ_2,20180311,1,0,1,0,0,0.0
1694ad2a18-EMAIL_CAMPAIGN_case_for_christ_2,20180321,1,0,1,0,0,0.0
1694ad2a18-EMAIL_CAMPAIGN_case_for_christ_2,20180323,1,0,1,0,0,0.0
1694ad2a18-EMAIL_CAMPAIGN_case_for_christ_2,20180329,1,0,1,0,0,0.0
1694ad2a18-EMAIL_CAMPAIGN_case_for_christ_2,20180331,1,0,1,0,0,0.0
2c2fbc78aa-EMAIL_CAMPAIGN_2018_03_28,20180329,1,1,1,0,0,0.0
3a6f9f9ced-EMAIL_CAMPAIGN_2018_02_14,20180301,1,0,4,0,0,0.0
3a6f9f9ced-EMAIL_CAMPAIGN_2018_02_14,20180304,1,0,1,1,0,0.0
3a6f9f9ced-EMAIL_CAMPAIGN_2018_02_14,20180305,2,0,4,0,0,0.0
3a6f9f9ced-EMAIL_CAMPAIGN_2018_02_14,20180306,2,0,2,0,0,0.0
3a6f9f9ced-EMAIL_CAMPAIGN_2018_02_14,20180308,2,0,3,0,2,100.0
3a6f9f9ced-EMAIL_CAMPAIGN_2018_02_14,20180309,1,0,1,0,0,0.0
3a6f9f9ced-EMAIL_CAMPAIGN_2018_02_14,20180312,1,0,1,0,0,0.0
3a6f9f9ced-EMAIL_CAMPAIGN_2018_02_14,20180313,1,0,1,0,0,0.0
3a6f9f9ced-EMAIL_CAMPAIGN_2018_02_14,20180322,1,0,1,0,0,0.0
3a6f9f9ced-EMAIL_CAMPAIGN_2018_02_14,20180327,1,0,3,0,0,0.0
3a6f9f9ced-EMAIL_CAMPAIGN_2018_02_14,20180328,1,0,2,0,0,0.0
3a6f9f9ced-EMAIL_CAMPAIGN_2018_02_14,20180329,1,0,2,0,0,0.0
3Dd=,20180301,1,0,1,0,0,0.0
3Dd=,20180302,1,0,1,0,0,0.0
3Dd=,20180304,1,0,1,0,0,0.0
3e45988d52-EMAIL_CAMPAIGN_october_anchor_devotional_2017,20180301,1,0,1,0,0,0.0
3e45988d52-EMAIL_CAMPAIGN_october_anchor_devotional_2017,20180303,2,1,2,0,0,0.0
3e45988d52-EMAIL_CAMPAIGN_october_anchor_devotional_2017,20180304,1,0,1,0,0,0.0
3e45988d52-EMAIL_CAMPAIGN_october_anchor_devotional_2017,20180321,3,0,3,0,0,0.0
3e45988d52-EMAIL_CAMPAIGN_october_anchor_devotional_2017,20180323,1,0,1,0,0,0.0
3e45988d52-EMAIL_CAMPAIGN_october_anchor_devotional_2017,20180324,1,0,1,0,0,0.0
45474f3078-EMAIL_CAMPAIGN_a-christmas-carol,20180316,1,0,1,0,0,0.0
45474f3078-EMAIL_CAMPAIGN_a-christmas-carol,20180329,1,0,2,0,0,0.0
7e3ca0fb3c-EMAIL_CAMPAIGN_2017_11_23,20180301,1,0,1,0,0,0.0
7e3ca0fb3c-EMAIL_CAMPAIGN_2017_11_23,20180321,1,0,1,0,0,0.0
7e3ca0fb3c-EMAIL_CAMPAIGN_2017_11_23,20180322,1,0,1,0,0,0.0
805028cb75-EMAIL_CAMPAIGN_2017_11_01,20180301,3,0,3,0,0,0.0
805028cb75-EMAIL_CAMPAIGN_2017_11_01,20180302,2,0,2,0,0,0.0
805028cb75-EMAIL_CAMPAIGN_2017_11_01,20180305,1,0,1,0,0,0.0
805028cb75-EMAIL_CAMPAIGN_2017_11_01,20180306,1,0,2,0,0,0.0
805028cb75-EMAIL_CAMPAIGN_2017_11_01,20180307,1,0,1,0,0,0.0
805028cb75-EMAIL_CAMPAIGN_2017_11_01,20180308,3,0,3,0,0,0.0
805028cb75-EMAIL_CAMPAIGN_2017_11_01,20180309,1,0,2,0,0,0.0
805028cb75-EMAIL_CAMPAIGN_2017_11_01,20180310,1,0,1,0,0,0.0
805028cb75-EMAIL_CAMPAIGN_2017_11_01,20180314,1,0,1,0,0,0.0
805028cb75-EMAIL_CAMPAIGN_2017_11_01,20180315,4,0,5,0,1,10.0
805028cb75-EMAIL_CAMPAIGN_2017_11_01,20180316,2,0,2,0,0,0.0
805028cb75-EMAIL_CAMPAIGN_2017_11_01,20180317,1,0,1,0,0,0.0
805028cb75-EMAIL_CAMPAIGN_2017_11_01,20180319,2,0,2,0,0,0.0
805028cb75-EMAIL_CAMPAIGN_2017_11_01,20180321,3,0,5,0,0,0.0
805028cb75-EMAIL_CAMPAIGN_2017_11_01,20180322,1,0,1,0,0,0.0
805028cb75-EMAIL_CAMPAIGN_2017_11_01,20180326,1,0,1,0,1,10.0
805028cb75-EMAIL_CAMPAIGN_2017_11_01,20180328,1,0,1,0,0,0.0
805028cb75-EMAIL_CAMPAIGN_2017_11_01,20180329,1,0,1,0,0,0.0
805028cb75-EMAIL_CAMPAIGN_2017_11_01,20180330,1,0,1,0,0,0.0
86e8bb8e0a-EMAIL_CAMPAIGN_2017_11_23,20180302,23,15,27,2,0,0.0
86e8bb8e0a-EMAIL_CAMPAIGN_2017_11_23,20180303,2,0,2,0,0,0.0
86e8bb8e0a-EMAIL_CAMPAIGN_2017_11_23,20180304,4,4,4,0,0,0.0
86e8bb8e0a-EMAIL_CAMPAIGN_2017_11_23,20180305,1,1,1,0,0,0.0
86e8bb8e0a-EMAIL_CAMPAIGN_2017_11_23,20180306,1,0,1,0,0,0.0
86e8bb8e0a-EMAIL_CAMPAIGN_2017_11_23,20180308,1,0,1,0,0,0.0
86e8bb8e0a-EMAIL_CAMPAIGN_2017_11_23,20180309,2,0,2,0,0,0.0
86e8bb8e0a-EMAIL_CAMPAIGN_2017_11_23,20180315,1,0,1,0,0,0.0
86e8bb8e0a-EMAIL_CAMPAIGN_2017_11_23,20180319,1,0,1,0,0,0.0
86e8bb8e0a-EMAIL_CAMPAIGN_2017_11_23,20180321,2,0,2,0,0,0.0
86e8bb8e0a-EMAIL_CAMPAIGN_2017_11_23,20180329,1,0,2,0,0,0.0
8b84bfdee8-EMAIL_CAMPAIGN_2016_12_14,20180309,1,0,2,0,0,0.0
8b84bfdee8-EMAIL_CAMPAIGN_2016_12_14,20180321,1,0,1,0,0,0.0
8b84bfdee8-EMAIL_CAMPAIGN_2016_12_14,20180329,1,0,2,0,0,0.0
8b84bfdee8-EMAIL_CAMPAIGN_2016_12_14,20180331,1,0,1,0,1,40.0
96e974952d-EMAIL_CAMPAIGN_final-christmas-offer,20180308,1,0,1,0,0,0.0
9ac1923890-EMAIL_CAMPAIGN_case_for_christ_2,20180323,12,7,12,1,0,0.0
9ac1923890-EMAIL_CAMPAIGN_case_for_christ_2,20180324,2,0,2,0,0,0.0
9ac1923890-EMAIL_CAMPAIGN_case_for_christ_2,20180325,1,1,1,0,0,0.0
9ac1923890-EMAIL_CAMPAIGN_case_for_christ_2,20180326,1,1,1,0,0,0.0
9ac1923890-EMAIL_CAMPAIGN_case_for_christ_2,20180327,1,0,1,0,0,0.0
9ac1923890-EMAIL_CAMPAIGN_case_for_christ_2,20180328,2,0,2,0,0,0.0
9ac1923890-EMAIL_CAMPAIGN_case_for_christ_2,20180330,1,0,1,0,0,0.0
a20c0ccb86-EMAIL_CAMPAIGN_2018_02_28,20180301,11,4,11,1,0,0.0
a20c0ccb86-EMAIL_CAMPAIGN_2018_02_28,20180302,2,1,2,0,0,0.0
a20c0ccb86-EMAIL_CAMPAIGN_2018_02_28,20180303,3,3,3,0,0,0.0
a20c0ccb86-EMAIL_CAMPAIGN_2018_02_28,20180307,1,0,2,1,0,0.0
a20c0ccb86-EMAIL_CAMPAIGN_2018_02_28,20180308,1,0,1,0,0,0.0
a20c0ccb86-EMAIL_CAMPAIGN_2018_02_28,20180309,1,0,1,0,0,0.0
a20c0ccb86-EMAIL_CAMPAIGN_2018_02_28,20180315,1,0,1,0,0,0.0
a20c0ccb86-EMAIL_CAMPAIGN_2018_02_28,20180323,2,0,2,0,0,0.0
a20c0ccb86-EMAIL_CAMPAIGN_2018_02_28,20180329,2,0,2,0,0,0.0
a367a550f9-EMAIL_CAMPAIGN_2017_11_23,20180301,1,0,1,0,0,0.0
a367a550f9-EMAIL_CAMPAIGN_2017_11_23,20180315,1,0,1,0,0,0.0
a6aae1fc75-EMAIL_CAMPAIGN_2018_03_07,20180308,4,4,4,0,0,0.0
a6aae1fc75-EMAIL_CAMPAIGN_2018_03_07,20180309,1,0,1,0,0,0.0
a6aae1fc75-EMAIL_CAMPAIGN_2018_03_07,20180310,1,0,1,0,0,0.0
a6aae1fc75-EMAIL_CAMPAIGN_2018_03_07,20180322,1,0,1,0,0,0.0
afdfcd19aa-EMAIL_CAMPAIGN_chip_joanna_gaines,20180315,1,0,1,0,0,0.0
aff14ae7b0-EMAIL_CAMPAIGN_thank_you_july_2017,20180322,1,0,1,0,0,0.0
b4f856e605-EMAIL_CAMPAIGN_2017_09_20,20180322,1,0,1,0,0,0.0
b6cd87a5f9-EMAIL_CAMPAIGN_case_for_christ_2,20180321,19,13,20,0,0,0.0
b6cd87a5f9-EMAIL_CAMPAIGN_case_for_christ_2,20180322,3,0,3,1,0,0.0
b6cd87a5f9-EMAIL_CAMPAIGN_case_for_christ_2,20180323,1,0,1,0,0,0.0
b6cd87a5f9-EMAIL_CAMPAIGN_case_for_christ_2,20180324,1,0,2,0,0,0.0
b6cd87a5f9-EMAIL_CAMPAIGN_case_for_christ_2,20180325,1,1,2,1,0,0.0
b6cd87a5f9-EMAIL_CAMPAIGN_case_for_christ_2,20180326,1,0,1,0,0,0.0
b6cd87a5f9-EMAIL_CAMPAIGN_case_for_christ_2,20180328,1,0,1,0,0,0.0
ccdd9f3241-EMAIL_CAMPAIGN_2017_09_27,20180301,1,0,2,0,0,0.0
ccdd9f3241-EMAIL_CAMPAIGN_2017_09_27,20180312,1,0,1,0,0,0.0
d513258153-EMAIL_CAMPAIGN_case_for_christ_2,20180302,2,0,2,0,0,0.0
d513258153-EMAIL_CAMPAIGN_case_for_christ_2,20180321,1,0,1,0,0,0.0
d513258153-EMAIL_CAMPAIGN_case_for_christ_2,20180322,1,0,2,0,0,0.0
d513258153-EMAIL_CAMPAIGN_case_for_christ_2,20180327,2,0,2,0,0,0.0
d62328f154-EMAIL_CAMPAIGN_case_for_christ_2,20180301,10,1,10,0,0,0.0
d62328f154-EMAIL_CAMPAIGN_case_for_christ_2,20180302,5,0,5,0,0,0.0
d62328f154-EMAIL_CAMPAIGN_case_for_christ_2,20180303,2,1,2,0,0,0.0
d62328f154-EMAIL_CAMPAIGN_case_for_christ_2,20180305,1,0,1,0,0,0.0
d62328f154-EMAIL_CAMPAIGN_case_for_christ_2,20180306,2,0,3,0,0,0.0
d62328f154-EMAIL_CAMPAIGN_case_for_christ_2,20180308,4,0,4,0,0,0.0
d62328f154-EMAIL_CAMPAIGN_case_for_christ_2,20180309,3,0,3,0,0,0.0
d62328f154-EMAIL_CAMPAIGN_case_for_christ_2,20180310,1,0,1,0,0,0.0
d62328f154-EMAIL_CAMPAIGN_case_for_christ_2,20180311,1,0,1,0,0,0.0
d62328f154-EMAIL_CAMPAIGN_case_for_christ_2,20180312,1,0,1,0,0,0.0
d62328f154-EMAIL_CAMPAIGN_case_for_christ_2,20180315,2,0,3,0,0,0.0
d62328f154-EMAIL_CAMPAIGN_case_for_christ_2,20180317,1,0,2,0,0,0.0
d62328f154-EMAIL_CAMPAIGN_case_for_christ_2,20180321,3,0,3,0,0,0.0
d62328f154-EMAIL_CAMPAIGN_case_for_christ_2,20180322,5,0,6,0,1,40.0
d62328f154-EMAIL_CAMPAIGN_case_for_christ_2,20180323,2,0,2,0,0,0.0
d62328f154-EMAIL_CAMPAIGN_case_for_christ_2,20180324,1,0,1,0,0,0.0
d62328f154-EMAIL_CAMPAIGN_case_for_christ_2,20180326,1,0,2,0,0,0.0
d62328f154-EMAIL_CAMPAIGN_case_for_christ_2,20180329,2,0,2,0,0,0.0
d62328f154-EMAIL_CAMPAIGN_case_for_christ_2,20180330,2,0,2,0,0,0.0
d92b52daf4-EMAIL_CAMPAIGN_2018_01_03,20180301,1,0,2,0,0,0.0
d92b52daf4-EMAIL_CAMPAIGN_2018_01_03,20180303,1,0,1,0,0,0.0
d92b52daf4-EMAIL_CAMPAIGN_2018_01_03,20180308,2,0,2,0,0,0.0
d92b52daf4-EMAIL_CAMPAIGN_2018_01_03,20180310,1,0,1,0,0,0.0
d92b52daf4-EMAIL_CAMPAIGN_2018_01_03,20180317,1,0,1,0,0,0.0
db5674d5ee-EMAIL_CAMPAIGN_case_for_christ_2,20180303,1,0,1,0,0,0.0
e1f69c9918-EMAIL_CAMPAIGN_2017_10_25,20180323,1,0,1,0,0,0.0
(not set),20180401,773,404,850,84,16,590.0
(not set),20180402,875,398,1002,102,37,1908.35
(not set),20180403,776,350,881,99,16,515.0
(not set),20180404,726,311,815,123,20,593.68
(not set),20180405,837,352,954,126,26,1404.74
(not set),20180406,699,285,796,107,18,586.66
(not set),20180407,561,250,626,87,9,313.75
(not set),20180408,1048,641,1129,117,9,525.0
(not set),20180409,1010,512,1142,120,15,580.0
(not set),20180410,982,488,1101,125,17,950.0
(not set),20180411,925,457,1023,134,28,1018.0
(not set),20180412,1103,541,1237,139,42,1388.73
(not set),20180413,896,406,994,107,49,2370.91
(not set),20180414,677,345,753,76,17,568.0
(not set),20180415,792,420,876,85,22,1369.84
(not set),20180416,1303,745,1532,121,95,3640.11
(not set),20180417,941,449,1093,136,51,1905.0
(not set),20180418,1963,1106,2236,141,143,5758.5
(not set),20180419,1619,856,1871,134,94,2323.67
(not set),20180420,1912,1178,2111,128,86,2415.0
(not set),20180421,1015,610,1135,105,42,890.0
(not set),20180422,761,435,856,96,37,866.25
(not set),20180423,1037,511,1188,124,72,1767.0
(not set),20180424,1148,569,1324,115,54,1475.74
(not set),20180425,1094,559,1259,118,48,1251.17
(not set),20180426,1275,643,1450,123,56,1450.0
(not set),20180427,984,477,1135,109,66,1716.5
(not set),20180428,744,353,844,87,21,817.0
(not set),20180429,672,317,751,88,29,1015.75
(not set),20180430,905,429,1043,107,35,1093.46
02e1812080-EMAIL_CAMPAIGN_case_for_christ_2,20180415,1,0,1,0,0,0.0
02e1812080-EMAIL_CAMPAIGN_case_for_christ_2,20180418,1,0,1,0,0,0.0
02e1812080-EMAIL_CAMPAIGN_case_for_christ_2,20180426,1,0,1,0,0,0.0
1694ad2a18-EMAIL_CAMPAIGN_case_for_christ_2,20180405,1,0,2,0,0,0.0
1694ad2a18-EMAIL_CAMPAIGN_case_for_christ_2,20180412,1,0,1,0,0,0.0
1694ad2a18-EMAIL_CAMPAIGN_case_for_christ_2,20180413,1,0,1,0,0,0.0
1694ad2a18-EMAIL_CAMPAIGN_case_for_christ_2,20180415,1,0,1,0,0,0.0
1694ad2a18-EMAIL_CAMPAIGN_case_for_christ_2,20180418,1,0,1,0,0,0.0
1694ad2a18-EMAIL_CAMPAIGN_case_for_christ_2,20180421,1,0,1,0,0,0.0
1f01c58160-EMAIL_CAMPAIGN_final-christmas-offer,20180420,1,0,2,0,0,0.0
23fc164a09-EMAIL_CAMPAIGN_a-christmas-carol,20180419,1,1,1,0,0,0.0
2834f7df79-EMAIL_CAMPAIGN_2017_11_08,20180418,1,0,2,0,0,0.0
3a6f9f9ced-EMAIL_CAMPAIGN_2018_02_14,20180405,1,0,1,0,0,0.0
3a6f9f9ced-EMAIL_CAMPAIGN_2018_02_14,20180412,1,0,1,0,0,0.0
3a6f9f9ced-EMAIL_CAMPAIGN_2018_02_14,20180418,2,0,3,0,0,0.0
3a6f9f9ced-EMAIL_CAMPAIGN_2018_02_14,20180419,1,0,1,0,0,0.0
3a6f9f9ced-EMAIL_CAMPAIGN_2018_02_14,20180421,1,0,1,0,0,0.0
3a6f9f9ced-EMAIL_CAMPAIGN_2018_02_14,20180430,1,0,1,0,0,0.0
3be49d57aa-EMAIL_CAMPAIGN_case_for_christ_2,20180420,16,16,16,0,0,0.0
3be49d57aa-EMAIL_CAMPAIGN_case_for_christ_2,20180421,3,2,3,1,0,0.0
3be49d57aa-EMAIL_CAMPAIGN_case_for_christ_2,20180422,1,0,1,0,0,0.0
3c3ad2af71-EMAIL_CAMPAIGN_case_for_christ_2,20180418,12,6,14,2,0,0.0
3c3ad2af71-EMAIL_CAMPAIGN_case_for_christ_2,20180419,4,1,4,0,0,0.0
3c3ad2af71-EMAIL_CAMPAIGN_case_for_christ_2,20180423,1,0,3,0,0,0.0
3c3ad2af71-EMAIL_CAMPAIGN_case_for_christ_2,20180424,1,0,4,0,0,0.0
45474f3078-EMAIL_CAMPAIGN_a-christmas-carol,20180420,1,0,1,0,0,0.0
51936a645f-Chip and Joanna Gaines choose family over fame,20180416,1,1,1,0,0,0.0
51936a645f-Chip and Joanna Gaines choose family over fame,20180427,1,1,1,0,0,0.0
559b97ac91-EMAIL_CAMPAIGN_2018_04_25,20180426,8,6,9,0,0,0.0
559b97ac91-EMAIL_CAMPAIGN_2018_04_25,20180427,1,0,1,0,0,0.0
60b2cd65bf-EMAIL_CAMPAIGN_2018_04_04,20180405,1,0,1,0,0,0.0
60b2cd65bf-EMAIL_CAMPAIGN_2018_04_04,20180406,2,1,2,0,0,0.0
60b2cd65bf-EMAIL_CAMPAIGN_2018_04_04,20180412,1,0,1,0,0,0.0
60b2cd65bf-EMAIL_CAMPAIGN_2018_04_04,20180415,1,1,1,0,0,0.0
7e3ca0fb3c-EMAIL_CAMPAIGN_2017_11_23,20180412,1,0,1,0,0,0.0
7e3ca0fb3c-EMAIL_CAMPAIGN_2017_11_23,20180419,1,0,2,0,1,10.0
7e3ca0fb3c-EMAIL_CAMPAIGN_2017_11_23,20180420,1,0,1,0,0,0.0
805028cb75-EMAIL_CAMPAIGN_2017_11_01,20180403,2,0,2,0,0,0.0
805028cb75-EMAIL_CAMPAIGN_2017_11_01,20180404,2,0,2,0,2,20.0
805028cb75-EMAIL_CAMPAIGN_2017_11_01,20180409,1,0,1,0,0,0.0
805028cb75-EMAIL_CAMPAIGN_2017_11_01,20180410,1,0,1,0,0,0.0
805028cb75-EMAIL_CAMPAIGN_2017_11_01,20180412,3,0,4,0,0,0.0
805028cb75-EMAIL_CAMPAIGN_2017_11_01,20180413,2,0,2,0,0,0.0
805028cb75-EMAIL_CAMPAIGN_2017_11_01,20180416,1,0,1,0,0,0.0
805028cb75-EMAIL_CAMPAIGN_2017_11_01,20180418,3,0,3,0,0,0.0
805028cb75-EMAIL_CAMPAIGN_2017_11_01,20180419,4,0,4,0,0,0.0
805028cb75-EMAIL_CAMPAIGN_2017_11_01,20180420,1,0,1,0,0,0.0
805028cb75-EMAIL_CAMPAIGN_2017_11_01,20180426,1,0,2,0,0,0.0
86e8bb8e0a-EMAIL_CAMPAIGN_2017_11_23,20180405,2,0,2,0,0,0.0
86e8bb8e0a-EMAIL_CAMPAIGN_2017_11_23,20180418,1,0,1,0,1,10.0
8ca231dd80-EMAIL_CAMPAIGN_case_for_christ_2,20180411,23,20,24,2,0,0.0
8ca231dd80-EMAIL_CAMPAIGN_case_for_christ_2,20180415,2,1,2,0,0,0.0
95205596f8-EMAIL_CAMPAIGN_case_for_christ_2,20180413,21,20,21,0,0,0.0
95205596f8-EMAIL_CAMPAIGN_case_for_christ_2,20180414,3,2,4,1,0,0.0
96e974952d-EMAIL_CAMPAIGN_final-christmas-offer,20180419,1,0,1,0,0,0.0
9ac1923890-EMAIL_CAMPAIGN_case_for_christ_2,20180403,1,1,1,0,0,0.0
9ac1923890-EMAIL_CAMPAIGN_case_for_christ_2,20180418,1,0,1,1,0,0.0
a20c0ccb86-EMAIL_CAMPAIGN_2018_02_28,20180405,1,0,1,0,0,0.0
a20c0ccb86-EMAIL_CAMPAIGN_2018_02_28,20180412,1,0,1,0,0,0.0
a20c0ccb86-EMAIL_CAMPAIGN_2018_02_28,20180419,1,0,1,0,0,0.0
b6cd87a5f9-EMAIL_CAMPAIGN_case_for_christ_2,20180403,1,0,1,0,0,0.0
b6cd87a5f9-EMAIL_CAMPAIGN_case_for_christ_2,20180412,4,2,4,0,0,0.0
b6cd87a5f9-EMAIL_CAMPAIGN_case_for_christ_2,20180418,3,0,3,0,0,0.0
b6cd87a5f9-EMAIL_CAMPAIGN_case_for_christ_2,20180422,1,0,1,0,0,0.0
b6cd87a5f9-EMAIL_CAMPAIGN_case_for_christ_2,20180428,1,0,1,0,0,0.0
ccdd9f3241-EMAIL_CAMPAIGN_2017_09_27,20180415,1,1,1,0,0,0.0
d513258153-EMAIL_CAMPAIGN_case_for_christ_2,20180408,1,0,1,1,0,0.0
d513258153-EMAIL_CAMPAIGN_case_for_christ_2,20180410,1,0,1,1,0,0.0
d513258153-EMAIL_CAMPAIGN_case_for_christ_2,20180418,1,0,3,0,0,0.0
d513258153-EMAIL_CAMPAIGN_case_for_christ_2,20180421,1,0,1,0,0,0.0
d62328f154-EMAIL_CAMPAIGN_case_for_christ_2,20180405,2,0,2,0,0,0.0
d62328f154-EMAIL_CAMPAIGN_case_for_christ_2,20180407,1,0,1,0,0,0.0
d62328f154-EMAIL_CAMPAIGN_case_for_christ_2,20180408,1,0,1,0,0,0.0
d62328f154-EMAIL_CAMPAIGN_case_for_christ_2,20180412,7,6,7,4,0,0.0
d62328f154-EMAIL_CAMPAIGN_case_for_christ_2,20180413,1,0,2,0,0,0.0
d62328f154-EMAIL_CAMPAIGN_case_for_christ_2,20180418,7,0,8,0,0,0.0
d62328f154-EMAIL_CAMPAIGN_case_for_christ_2,20180419,3,0,3,0,0,0.0
d62328f154-EMAIL_CAMPAIGN_case_for_christ_2,20180420,3,0,3,0,0,0.0
d62328f154-EMAIL_CAMPAIGN_case_for_christ_2,20180421,1,0,1,0,0,0.0
d62328f154-EMAIL_CAMPAIGN_case_for_christ_2,20180426,1,0,1,0,0,0.0
d62328f154-EMAIL_CAMPAIGN_case_for_christ_2,20180427,2,0,2,0,1,10.0
d62328f154-EMAIL_CAMPAIGN_case_for_christ_2,20180428,1,0,3,0,0,0.0
d62328f154-EMAIL_CAMPAIGN_case_for_christ_2,20180429,1,0,1,0,0,0.0
d92b52daf4-EMAIL_CAMPAIGN_2018_01_03,20180418,1,0,1,0,0,0.0
d92b52daf4-EMAIL_CAMPAIGN_2018_01_03,20180419,1,0,1,0,0,0.0
db5674d5ee-EMAIL_CAMPAIGN_case_for_christ_2,20180422,1,0,1,0,0,0.0
f7e2308035-EMAIL_CAMPAIGN_sing-the-bible-family-christmas-2,20180426,1,0,1,0,0,0.0
(not set),20180501,863,375,1003,107,37,6397.0
(not set),20180502,802,334,911,98,36,3428.0
(not set),20180503,1119,544,1266,117,38,994.47
(not set),20180504,980,494,1106,112,30,1037.0
(not set),20180505,557,246,633,80,15,347.0
(not set),20180506,571,246,656,78,13,395.0
(not set),20180507,739,330,858,107,18,490.5
(not set),20180508,797,368,881,108,23,935.0
(not set),20180509,763,319,885,95,22,573.74
(not set),20180510,1271,621,1428,139,31,1575.0
(not set),20180511,1008,479,1130,107,26,1223.75
(not set),20180512,656,307,747,93,11,805.0
(not set),20180513,545,259,597,82,14,735.0
(not set),20180514,764,331,886,86,25,912.0
(not set),20180515,1226,599,1382,131,36,1275.0
(not set),20180516,1001,477,1171,117,23,760.0
(not set),20180517,1064,510,1201,115,37,1245.0
(not set),20180518,795,346,909,102,33,1127.17
(not set),20180519,708,355,772,88,12,465.0
(not set),20180520,706,340,783,82,13,1517.74
(not set),20180521,1064,540,1231,98,65,2507.25
(not set),20180522,1141,582,1285,116,59,4309.88
(not set),20180523,849,392,972,103,36,1710.0
(not set),20180524,1040,493,1166,126,51,2723.0
(not set),20180525,851,406,964,102,49,3541.0
(not set),20180526,649,312,741,84,22,965.0
(not set),20180527,527,231,595,84,11,443.5
(not set),20180528,682,328,750,130,30,1479.73
(not set),20180529,1135,555,1256,127,47,2566.38
(not set),20180530,729,314,839,96,32,1225.0
(not set),20180531,926,443,1042,125,48,1841.25
02e1812080-EMAIL_CAMPAIGN_case_for_christ_2,20180503,1,0,1,0,0,0.0
02e1812080-EMAIL_CAMPAIGN_case_for_christ_2,20180517,2,0,2,0,0,0.0
02e1812080-EMAIL_CAMPAIGN_case_for_christ_2,20180529,1,0,2,0,0,0.0
02e1812080-EMAIL_CAMPAIGN_case_for_christ_2,20180530,1,0,3,0,0,0.0
02e1812080-EMAIL_CAMPAIGN_case_for_christ_2,20180531,1,0,2,0,0,0.0
1694ad2a18-EMAIL_CAMPAIGN_case_for_christ_2,20180505,1,0,1,0,0,0.0
1694ad2a18-EMAIL_CAMPAIGN_case_for_christ_2,20180508,1,0,1,0,0,0.0
1694ad2a18-EMAIL_CAMPAIGN_case_for_christ_2,20180509,1,0,1,0,0,0.0
1694ad2a18-EMAIL_CAMPAIGN_case_for_christ_2,20180523,1,0,1,0,0,0.0
1694ad2a18-EMAIL_CAMPAIGN_case_for_christ_2,20180530,1,0,1,0,0,0.0
1694ad2a18-EMAIL_CAMPAIGN_case_for_christ_2,20180531,1,0,1,0,0,0.0
1f01c58160-EMAIL_CAMPAIGN_final-christmas-offer,20180529,1,0,2,0,0,0.0
380d6b6f00-EMAIL_CAMPAIGN_2018_05_30_03_01,20180531,4,4,4,0,0,0.0
3a6f9f9ced-EMAIL_CAMPAIGN_2018_02_14,20180501,2,0,2,0,0,0.0
3a6f9f9ced-EMAIL_CAMPAIGN_2018_02_14,20180502,1,0,5,0,0,0.0
3a6f9f9ced-EMAIL_CAMPAIGN_2018_02_14,20180504,1,0,2,0,0,0.0
3a6f9f9ced-EMAIL_CAMPAIGN_2018_02_14,20180508,1,0,1,0,0,0.0
3a6f9f9ced-EMAIL_CAMPAIGN_2018_02_14,20180517,1,0,1,0,0,0.0
3be49d57aa-EMAIL_CAMPAIGN_case_for_christ_2,20180515,1,0,1,0,0,0.0
3be49d57aa-EMAIL_CAMPAIGN_case_for_christ_2,20180530,1,0,1,0,0,0.0
3c3ad2af71-EMAIL_CAMPAIGN_case_for_christ_2,20180501,1,0,1,0,0,0.0
3c3ad2af71-EMAIL_CAMPAIGN_case_for_christ_2,20180503,1,0,1,0,0,0.0
3c3ad2af71-EMAIL_CAMPAIGN_case_for_christ_2,20180504,1,0,1,0,0,0.0
3c3ad2af71-EMAIL_CAMPAIGN_case_for_christ_2,20180508,1,0,1,0,1,20.0
3c3ad2af71-EMAIL_CAMPAIGN_case_for_christ_2,20180515,1,0,1,0,0,0.0
3c3ad2af71-EMAIL_CAMPAIGN_case_for_christ_2,20180516,1,0,1,0,0,0.0
3c3ad2af71-EMAIL_CAMPAIGN_case_for_christ_2,20180517,1,0,1,0,0,0.0
3c3ad2af71-EMAIL_CAMPAIGN_case_for_christ_2,20180524,2,0,2,0,0,0.0
3Dd=,20180504,1,0,1,0,0,0.0
45474f3078-EMAIL_CAMPAIGN_a-christmas-carol,20180515,1,0,1,0,0,0.0
45474f3078-EMAIL_CAMPAIGN_a-christmas-carol,20180524,1,0,1,0,0,0.0
562e4e240b-EMAIL_CAMPAIGN_2018_05_09,20180510,2,0,2,0,0,0.0
60b2cd65bf-EMAIL_CAMPAIGN_2018_04_04,20180502,1,0,1,0,0,0.0
60b2cd65bf-EMAIL_CAMPAIGN_2018_04_04,20180529,1,0,1,0,0,0.0
805028cb75-EMAIL_CAMPAIGN_2017_11_01,20180502,1,0,1,0,0,0.0
805028cb75-EMAIL_CAMPAIGN_2017_11_01,20180503,2,0,3,1,0,0.0
8b84bfdee8-EMAIL_CAMPAIGN_2016_12_14,20180503,1,0,1,0,0,0.0
8b84bfdee8-EMAIL_CAMPAIGN_2016_12_14,20180510,1,0,1,0,0,0.0
95205596f8-EMAIL_CAMPAIGN_case_for_christ_2,20180504,1,0,1,0,0,0.0
9f7d0c997a-EMAIL_CAMPAIGN_2018_05_16,20180517,5,5,5,0,0,0.0
a20c0ccb86-EMAIL_CAMPAIGN_2018_02_28,20180510,1,0,1,0,0,0.0
d112bef252-EMAIL_CAMPAIGN_case_for_christ_2,20180515,12,9,12,0,0,0.0
d112bef252-EMAIL_CAMPAIGN_case_for_christ_2,20180516,1,0,2,0,0,0.0
d112bef252-EMAIL_CAMPAIGN_case_for_christ_2,20180517,3,1,4,0,1,10.0
d112bef252-EMAIL_CAMPAIGN_case_for_christ_2,20180518,1,0,3,1,0,0.0
d112bef252-EMAIL_CAMPAIGN_case_for_christ_2,20180519,1,0,1,0,0,0.0
d112bef252-EMAIL_CAMPAIGN_case_for_christ_2,20180520,1,0,1,0,0,0.0
d112bef252-EMAIL_CAMPAIGN_case_for_christ_2,20180521,1,0,3,0,0,0.0
d112bef252-EMAIL_CAMPAIGN_case_for_christ_2,20180523,1,0,1,0,0,0.0
d112bef252-EMAIL_CAMPAIGN_case_for_christ_2,20180524,1,0,1,0,0,0.0
d112bef252-EMAIL_CAMPAIGN_case_for_christ_2,20180525,1,0,2,0,0,0.0
d513258153-EMAIL_CAMPAIGN_case_for_christ_2,20180516,1,0,1,0,0,0.0
d62328f154-EMAIL_CAMPAIGN_case_for_christ_2,20180508,1,0,2,0,0,0.0
d62328f154-EMAIL_CAMPAIGN_case_for_christ_2,20180509,1,0,1,0,0,0.0
d62328f154-EMAIL_CAMPAIGN_case_for_christ_2,20180510,5,0,7,0,0,0.0
d62328f154-EMAIL_CAMPAIGN_case_for_christ_2,20180515,4,0,5,0,0,0.0
d62328f154-EMAIL_CAMPAIGN_case_for_christ_2,20180517,3,0,4,0,0,0.0
d62328f154-EMAIL_CAMPAIGN_case_for_christ_2,20180524,1,0,1,0,0,0.0
d62328f154-EMAIL_CAMPAIGN_case_for_christ_2,20180525,1,0,1,0,0,0.0
d62328f154-EMAIL_CAMPAIGN_case_for_christ_2,20180526,1,0,1,0,0,0.0
d62328f154-EMAIL_CAMPAIGN_case_for_christ_2,20180528,1,0,2,0,0,0.0
d62328f154-EMAIL_CAMPAIGN_case_for_christ_2,20180529,1,0,1,0,0,0.0
d62328f154-EMAIL_CAMPAIGN_case_for_christ_2,20180531,2,0,3,0,2,35.0
d92b52daf4-EMAIL_CAMPAIGN_2018_01_03,20180529,2,0,2,0,0,0.0
f0531071de-EMAIL_CAMPAIGN_2017_03_07_COPY_01,20180529,14,12,15,0,0,0.0
f0531071de-EMAIL_CAMPAIGN_2017_03_07_COPY_01,20180530,2,1,2,0,0,0.0
f0531071de-EMAIL_CAMPAIGN_2017_03_07_COPY_01,20180531,2,0,2,0,0,0.0
(not set),20180601,963,473,1062,111,58,2302.48
(not set),20180602,709,352,759,101,33,1894.22
(not set),20180603,503,237,561,98,19,1172.44
(not set),20180604,868,409,992,113,25,1773.0
(not set),20180605,1056,555,1201,128,42,1553.75
(not set),20180606,919,420,1022,116,30,1303.5
(not set),20180607,1032,492,1147,114,37,997.0
(not set),20180608,760,328,871,100,18,1143.25
(not set),20180609,739,334,837,109,15,1230.75
(not set),20180610,751,343,836,89,13,950.0
(not set),20180611,988,480,1140,119,83,3428.75
(not set),20180612,878,387,1030,145,61,7788.75
(not set),20180613,1347,686,1495,134,105,5634.21
(not set),20180614,1277,647,1420,132,105,6392.46
(not set),20180615,1066,524,1192,137,87,4350.5
(not set),20180616,671,306,737,98,35,2408.0
(not set),20180617,597,310,652,89,23,1675.0
(not set),20180618,928,397,1055,115,52,1745.14
(not set),20180619,806,364,910,130,39,2285.35
(not set),20180620,1264,614,1414,139,66,5530.0
(not set),20180621,1008,468,1134,141,52,5355.0
(not set),20180622,915,443,1024,129,76,6221.0
(not set),20180623,674,338,741,111,27,3458.75
(not set),20180624,598,303,655,89,27,3055.74
(not set),20180625,895,420,1015,158,83,11784.41
(not set),20180626,703,284,790,96,38,2826.0
(not set),20180627,788,391,905,128,92,12300.0
(not set),20180628,879,408,1008,111,117,13281.23
(not set),20180629,984,470,1111,154,219,21236.69
(not set),20180630,856,447,970,135,283,28498.46
014bab7576-EMAIL_CAMPAIGN_FYE_5_COPY_01,20180620,9,7,9,0,0,0.0
014bab7576-EMAIL_CAMPAIGN_FYE_5_COPY_01,20180622,1,0,1,0,1,20.0
02e1812080-EMAIL_CAMPAIGN_case_for_christ_2,20180614,2,0,2,0,0,0.0
02e1812080-EMAIL_CAMPAIGN_case_for_christ_2,20180619,1,0,1,0,1,100.0
0737d3f42a-EMAIL_CAMPAIGN_FYE_5_COPY_01,20180629,3,2,3,1,0,0.0
0737d3f42a-EMAIL_CAMPAIGN_FYE_5_COPY_01,20180630,3,1,3,0,0,0.0
1694ad2a18-EMAIL_CAMPAIGN_case_for_christ_2,20180613,1,0,1,0,0,0.0
19b54492b1-EMAIL_CAMPAIGN_FYE_5_COPY_01,20180630,1,1,1,0,0,0.0
1deda03e05-EMAIL_CAMPAIGN_2017_05_31,20180611,1,1,1,0,0,0.0
2025448a8a-EMAIL_CAMPAIGN_2017_03_07_COPY_01,20180601,15,14,16,0,1,50.0
2025448a8a-EMAIL_CAMPAIGN_2017_03_07_COPY_01,20180602,3,1,4,0,0,0.0
2025448a8a-EMAIL_CAMPAIGN_2017_03_07_COPY_01,20180606,2,1,2,0,1,25.0
2025448a8a-EMAIL_CAMPAIGN_2017_03_07_COPY_01,20180607,1,0,1,0,0,0.0
2025448a8a-EMAIL_CAMPAIGN_2017_03_07_COPY_01,20180611,1,0,1,0,0,0.0
2025448a8a-EMAIL_CAMPAIGN_2017_03_07_COPY_01,20180618,1,0,1,0,0,0.0
2025448a8a-EMAIL_CAMPAIGN_2017_03_07_COPY_01,20180620,1,0,1,0,0,0.0
2025448a8a-EMAIL_CAMPAIGN_2017_03_07_COPY_01,20180628,1,0,1,0,0,0.0
3a6f9f9ced-EMAIL_CAMPAIGN_2018_02_14,20180605,1,0,1,0,0,0.0
3a6f9f9ced-EMAIL_CAMPAIGN_2018_02_14,20180611,1,0,1,0,0,0.0
3a6f9f9ced-EMAIL_CAMPAIGN_2018_02_14,20180614,1,0,1,0,0,0.0
3a6f9f9ced-EMAIL_CAMPAIGN_2018_02_14,20180618,1,0,1,0,0,0.0
3a6f9f9ced-EMAIL_CAMPAIGN_2018_02_14,20180619,1,0,1,0,0,0.0
3a6f9f9ced-EMAIL_CAMPAIGN_2018_02_14,20180625,1,0,2,0,0,0.0
3a6f9f9ced-EMAIL_CAMPAIGN_2018_02_14,20180627,1,0,1,0,0,0.0
3be49d57aa-EMAIL_CAMPAIGN_case_for_christ_2,20180614,2,0,2,0,1,20.0
3c3ad2af71-EMAIL_CAMPAIGN_case_for_christ_2,20180623,1,0,1,0,0,0.0
3e12651402-EMAIL_CAMPAIGN_2018_06_12_10_01,20180614,1,1,1,0,0,0.0
4401926dd4-EMAIL_CAMPAIGN_luther_dvd_2017_COPY_01,20180618,5,5,5,0,0,0.0
4401926dd4-EMAIL_CAMPAIGN_luther_dvd_2017_COPY_01,20180620,1,0,1,0,0,0.0
4401926dd4-EMAIL_CAMPAIGN_luther_dvd_2017_COPY_01,20180628,1,0,1,0,0,0.0
60b2cd65bf-EMAIL_CAMPAIGN_2018_04_04,20180616,1,0,1,0,0,0.0
60b2cd65bf-EMAIL_CAMPAIGN_2018_04_04,20180622,1,0,1,0,0,0.0
715e7b38b5-Illusion_of_Strength1_27_2016,20180602,1,1,1,0,0,0.0
715e7b38b5-Illusion_of_Strength1_27_2016,20180603,1,0,1,0,0,0.0
86e8bb8e0a-EMAIL_CAMPAIGN_2017_11_23,20180605,1,0,1,0,0,0.0
8b84bfdee8-EMAIL_CAMPAIGN_2016_12_14,20180601,1,0,1,0,0,0.0
8ca231dd80-EMAIL_CAMPAIGN_case_for_christ_2,20180625,1,0,1,0,0,0.0
9d69955f15-EMAIL_CAMPAIGN_FYE_5_COPY_01,20180627,8,8,8,0,0,0.0
9e0d07d885-EMAIL_CAMPAIGN_FYE_5_COPY_02,20180629,15,13,15,0,0,0.0
a20c0ccb86-EMAIL_CAMPAIGN_2018_02_28,20180607,1,0,3,0,1,20.0
a7cebc7b3f-EMAIL_CAMPAIGN_FYE_5_COPY_01,20180622,17,16,19,0,0,0.0
a7cebc7b3f-EMAIL_CAMPAIGN_FYE_5_COPY_01,20180623,1,0,1,0,0,0.0
a7cebc7b3f-EMAIL_CAMPAIGN_FYE_5_COPY_01,20180624,8,8,8,0,0,0.0
a7cebc7b3f-EMAIL_CAMPAIGN_FYE_5_COPY_01,20180629,1,0,1,0,0,0.0
a9e631b1a5-EMAIL_CAMPAIGN_2018_06_20_07_38,20180621,1,0,1,0,0,0.0
af6a9a8854-EMAIL_CAMPAIGN_2017_01_24,20180628,1,1,1,0,1,30.0
b43db52f64-EMAIL_CAMPAIGN_FYE_5_COPY_01,20180629,1,0,2,0,0,0.0
b43db52f64-EMAIL_CAMPAIGN_FYE_5_COPY_01,20180630,4,1,7,0,1,100.0
b6cd87a5f9-EMAIL_CAMPAIGN_case_for_christ_2,20180614,1,0,1,0,0,0.0
beae9e08e6-EMAIL_CAMPAIGN_2017_03_07_COPY_02,20180613,17,15,17,0,0,0.0
beae9e08e6-EMAIL_CAMPAIGN_2017_03_07_COPY_02,20180614,2,0,2,0,0,0.0
beae9e08e6-EMAIL_CAMPAIGN_2017_03_07_COPY_02,20180615,1,0,1,0,0,0.0
beae9e08e6-EMAIL_CAMPAIGN_2017_03_07_COPY_02,20180622,1,0,1,0,0,0.0
c03366c4a3-EMAIL_CAMPAIGN_luther_dvd_2017_COPY_02,20180615,9,3,9,0,0,0.0
c03366c4a3-EMAIL_CAMPAIGN_luther_dvd_2017_COPY_02,20180616,1,0,1,0,1,25.0
c03366c4a3-EMAIL_CAMPAIGN_luther_dvd_2017_COPY_02,20180618,1,0,1,0,0,0.0
c03366c4a3-EMAIL_CAMPAIGN_luther_dvd_2017_COPY_02,20180620,1,0,1,0,0,0.0
c03366c4a3-EMAIL_CAMPAIGN_luther_dvd_2017_COPY_02,20180621,1,0,1,0,2,128.75
c12be355c9-EMAIL_CAMPAIGN_FYE_5_COPY_01,20180625,14,13,14,0,0,0.0
d112bef252-EMAIL_CAMPAIGN_case_for_christ_2,20180601,1,0,1,0,0,0.0
d315c724bc-EMAIL_CAMPAIGN_2018_06_06_03_50,20180607,4,1,4,0,1,50.0
d315c724bc-EMAIL_CAMPAIGN_2018_06_06_03_50,20180614,1,0,1,0,1,25.0
d513258153-EMAIL_CAMPAIGN_case_for_christ_2,20180609,1,0,1,0,0,0.0
d513258153-EMAIL_CAMPAIGN_case_for_christ_2,20180620,1,0,1,0,0,0.0
d513258153-EMAIL_CAMPAIGN_case_for_christ_2,20180621,1,0,1,0,0,0.0
d513258153-EMAIL_CAMPAIGN_case_for_christ_2,20180626,1,0,1,0,0,0.0
d513258153-EMAIL_CAMPAIGN_case_for_christ_2,20180628,1,0,1,0,0,0.0
d513258153-EMAIL_CAMPAIGN_case_for_christ_2,20180629,1,0,1,0,0,0.0
d62328f154-EMAIL_CAMPAIGN_case_for_christ_2,20180601,2,0,2,0,0,0.0
d62328f154-EMAIL_CAMPAIGN_case_for_christ_2,20180602,2,0,2,0,0,0.0
d62328f154-EMAIL_CAMPAIGN_case_for_christ_2,20180608,1,0,1,0,0,0.0
d62328f154-EMAIL_CAMPAIGN_case_for_christ_2,20180613,1,0,1,0,0,0.0
d62328f154-EMAIL_CAMPAIGN_case_for_christ_2,20180615,1,0,1,0,0,0.0
d62328f154-EMAIL_CAMPAIGN_case_for_christ_2,20180618,1,0,1,0,0,0.0
d62328f154-EMAIL_CAMPAIGN_case_for_christ_2,20180619,1,0,1,0,0,0.0
d62328f154-EMAIL_CAMPAIGN_case_for_christ_2,20180620,3,0,3,0,0,0.0
d62328f154-EMAIL_CAMPAIGN_case_for_christ_2,20180621,1,0,2,0,0,0.0
d62328f154-EMAIL_CAMPAIGN_case_for_christ_2,20180622,1,0,1,0,0,0.0
d62328f154-EMAIL_CAMPAIGN_case_for_christ_2,20180625,1,0,1,0,0,0.0
d62328f154-EMAIL_CAMPAIGN_case_for_christ_2,20180629,1,0,1,0,0,0.0
d92b52daf4-EMAIL_CAMPAIGN_2018_01_03,20180613,1,0,2,0,0,0.0
d92b52daf4-EMAIL_CAMPAIGN_2018_01_03,20180618,1,0,2,0,0,0.0
d92b52daf4-EMAIL_CAMPAIGN_2018_01_03,20180620,1,0,1,0,0,0.0
db5674d5ee-EMAIL_CAMPAIGN_case_for_christ_2,20180613,1,0,1,0,0,0.0
db5674d5ee-EMAIL_CAMPAIGN_case_for_christ_2,20180616,1,0,2,0,0,0.0
db5674d5ee-EMAIL_CAMPAIGN_case_for_christ_2,20180630,1,0,1,0,1,100.0
e44f5bdf2e-EMAIL_CAMPAIGN_final-christmas-offer,20180620,1,0,1,0,0,0.0
f0531071de-EMAIL_CAMPAIGN_2017_03_07_COPY_01,20180614,1,0,1,0,0,0.0
f0531071de-EMAIL_CAMPAIGN_2017_03_07_COPY_01,20180615,1,0,1,0,0,0.0
f0531071de-EMAIL_CAMPAIGN_2017_03_07_COPY_01,20180622,1,0,1,0,0,0.0
f0531071de-EMAIL_CAMPAIGN_2017_03_07_COPY_01,20180624,1,0,1,0,0,0.0
f0531071de-EMAIL_CAMPAIGN_2017_03_07_COPY_01,20180628,1,0,2,0,0,0.0
(not set),20180701,715,340,790,101,30,3221.15
(not set),20180702,729,295,832,111,33,1862.0
(not set),20180703,694,289,794,95,29,1246.5
(not set),20180704,598,264,675,93,19,1655.73
(not set),20180705,632,249,749,102,20,1220.0
(not set),20180706,677,298,793,108,34,1385.0
(not set),20180707,652,307,729,99,12,673.75
(not set),20180708,579,302,637,81,15,510.0
(not set),20180709,770,350,857,104,30,1090.0
(not set),20180710,692,298,819,102,19,538.25
(not set),20180711,703,297,808,107,16,448.5
(not set),20180712,1007,487,1123,121,32,880.0
(not set),20180713,882,428,990,113,34,1117.0
(not set),20180714,593,296,648,94,16,515.0
(not set),20180715,618,310,696,76,10,365.0
(not set),20180716,795,350,891,121,19,1360.0
(not set),20180717,722,302,827,102,11,335.74
(not set),20180718,767,340,849,90,25,767.73
(not set),20180719,914,427,1031,117,33,1011.47
(not set),20180720,664,272,732,99,14,625.0
(not set),20180721,542,232,602,88,10,283.75
(not set),20180722,546,267,609,84,12,265.0
(not set),20180723,727,334,801,104,16,529.72
(not set),20180724,726,330,823,104,17,665.0
(not set),20180725,680,307,772,103,10,375.0
(not set),20180726,862,404,975,114,18,615.0
(not set),20180727,666,291,762,99,26,1302.0
(not set),20180728,473,222,518,86,5,245.0
(not set),20180729,536,272,585,74,7,455.0
(not set),20180730,741,350,852,114,23,580.0
(not set),20180731,707,318,814,114,30,1768.0
014bab7576-EMAIL_CAMPAIGN_FYE_5_COPY_01,20180720,1,1,1,0,0,0.0
02e1812080-EMAIL_CAMPAIGN_case_for_christ_2,20180701,1,0,1,0,0,0.0
02e1812080-EMAIL_CAMPAIGN_case_for_christ_2,20180718,1,0,1,0,0,0.0
0737d3f42a-EMAIL_CAMPAIGN_FYE_5_COPY_01,20180704,1,0,1,0,0,0.0
0737d3f42a-EMAIL_CAMPAIGN_FYE_5_COPY_01,20180706,1,0,1,1,0,0.0
0737d3f42a-EMAIL_CAMPAIGN_FYE_5_COPY_01,20180707,1,0,1,0,0,0.0
0737d3f42a-EMAIL_CAMPAIGN_FYE_5_COPY_01,20180708,1,0,1,0,0,0.0
0737d3f42a-EMAIL_CAMPAIGN_FYE_5_COPY_01,20180710,1,0,1,1,0,0.0
0737d3f42a-EMAIL_CAMPAIGN_FYE_5_COPY_01,20180714,1,0,1,0,0,0.0
0737d3f42a-EMAIL_CAMPAIGN_FYE_5_COPY_01,20180715,1,0,1,0,0,0.0
0737d3f42a-EMAIL_CAMPAIGN_FYE_5_COPY_01,20180722,1,0,1,0,0,0.0
0737d3f42a-EMAIL_CAMPAIGN_FYE_5_COPY_01,20180724,1,0,3,0,0,0.0
0737d3f42a-EMAIL_CAMPAIGN_FYE_5_COPY_01,20180728,1,0,1,1,0,0.0
19b54492b1-EMAIL_CAMPAIGN_FYE_5_COPY_01,20180702,1,0,1,0,0,0.0
2ae7ce54b7-EMAIL_CAMPAIGN_2018_07_18_10_15,20180722,1,0,1,0,0,0.0
3a6f9f9ced-EMAIL_CAMPAIGN_2018_02_14,20180729,1,0,1,1,0,0.0
3a6f9f9ced-EMAIL_CAMPAIGN_2018_02_14,20180731,1,0,2,0,0,0.0
3be49d57aa-EMAIL_CAMPAIGN_case_for_christ_2,20180726,1,0,1,0,0,0.0
3fe33fbf17-EMAIL_CAMPAIGN_2018_07_11_02_42,20180712,1,0,1,0,0,0.0
3fe33fbf17-EMAIL_CAMPAIGN_2018_07_11_02_42,20180719,1,0,1,0,0,0.0
4401926dd4-EMAIL_CAMPAIGN_luther_dvd_2017_COPY_01,20180709,1,0,1,0,0,0.0
4401926dd4-EMAIL_CAMPAIGN_luther_dvd_2017_COPY_01,20180719,1,0,1,0,0,0.0
4401926dd4-EMAIL_CAMPAIGN_luther_dvd_2017_COPY_01,20180722,1,0,1,0,0,0.0
955a5ce627-EMAIL_CAMPAIGN_2018_07_25_03_36,20180726,4,4,4,0,0,0.0
955a5ce627-EMAIL_CAMPAIGN_2018_07_25_03_36,20180730,1,1,1,0,0,0.0
9e0d07d885-EMAIL_CAMPAIGN_FYE_5_COPY_02,20180706,1,0,1,0,0,0.0
a20c0ccb86-EMAIL_CAMPAIGN_2018_02_28,20180712,1,0,1,0,0,0.0
a20c0ccb86-EMAIL_CAMPAIGN_2018_02_28,20180719,1,0,1,0,0,0.0
a9e631b1a5-EMAIL_CAMPAIGN_2018_06_20_07_38,20180702,1,0,1,1,0,0.0
b43db52f64-EMAIL_CAMPAIGN_FYE_5_COPY_01,20180701,10,8,11,1,0,0.0
b43db52f64-EMAIL_CAMPAIGN_FYE_5_COPY_01,20180722,1,0,1,0,0,0.0
b43db52f64-EMAIL_CAMPAIGN_FYE_5_COPY_01,20180726,1,0,1,0,0,0.0
beae9e08e6-EMAIL_CAMPAIGN_2017_03_07_COPY_02,20180712,1,0,1,1,0,0.0
c03366c4a3-EMAIL_CAMPAIGN_luther_dvd_2017_COPY_02,20180710,1,0,1,0,0,0.0
d112bef252-EMAIL_CAMPAIGN_case_for_christ_2,20180726,1,0,1,0,0,0.0
d513258153-EMAIL_CAMPAIGN_case_for_christ_2,20180706,1,0,1,0,0,0.0
d62328f154-EMAIL_CAMPAIGN_case_for_christ_2,20180709,1,0,1,0,0,0.0
(not set),20180801,673,301,783,112,31,904.0
(not set),20180802,877,429,969,113,26,655.0
(not set),20180803,669,298,778,95,25,1090.0
(not set),20180804,544,273,595,81,13,375.0
(not set),20180805,512,248,546,83,14,435.0
(not set),20180806,672,316,764,117,12,530.0
(not set),20180807,667,286,745,96,22,837.7
(not set),20180808,945,477,1039,113,33,990.0
(not set),20180809,1031,523,1149,130,27,1378.0
(not set),20180810,772,369,870,107,24,1075.0
(not set),20180811,601,268,669,82,15,881.0
(not set),20180812,751,425,798,75,9,362.49
(not set),20180813,959,496,1067,109,15,505.0
(not set),20180814,928,479,1097,124,18,515.75
(not set),20180815,859,424,1003,113,15,639.75
(not set),20180816,1173,587,1347,129,39,1691.75
(not set),20180817,904,445,1026,155,22,1063.74
(not set),20180818,610,255,689,104,4,98.73
(not set),20180819,604,284,688,74,9,350.0
(not set),20180820,887,400,1016,103,34,1235.0
(not set),20180821,861,407,991,117,26,708.0
(not set),20180822,1218,599,1360,135,66,3413.0
(not set),20180823,1063,509,1191,125,61,2095.0
(not set),20180824,1083,566,1202,123,67,2471.74
(not set),20180825,667,323,748,99,37,1549.74
(not set),20180826,599,284,667,90,22,740.0
(not set),20180827,906,442,1024,159,35,1299.0
(not set),20180828,926,449,1044,121,40,1629.25
(not set),20180829,933,428,1066,110,39,1752.0
(not set),20180830,1431,764,1614,122,45,6842.0
(not set),20180831,910,424,1039,167,42,11751.78
02e1812080-EMAIL_CAMPAIGN_case_for_christ_2,20180825,1,0,1,0,0,0.0
02e1812080-EMAIL_CAMPAIGN_case_for_christ_2,20180827,1,0,1,0,0,0.0
02e1812080-EMAIL_CAMPAIGN_case_for_christ_2,20180828,1,0,1,0,0,0.0
0737d3f42a-EMAIL_CAMPAIGN_FYE_5_COPY_01,20180802,1,0,1,0,0,0.0
0737d3f42a-EMAIL_CAMPAIGN_FYE_5_COPY_01,20180804,1,0,1,0,0,0.0
0737d3f42a-EMAIL_CAMPAIGN_FYE_5_COPY_01,20180816,1,0,1,0,0,0.0
276ab180db-EMAIL_CAMPAIGN_case_for_christ_2_COPY_02,20180824,17,17,17,0,0,0.0
31f8292d64-EMAIL_CAMPAIGN_2018_08_29_02_29,20180830,4,4,4,0,0,0.0
3a6f9f9ced-EMAIL_CAMPAIGN_2018_02_14,20180803,1,0,1,0,0,0.0
3a6f9f9ced-EMAIL_CAMPAIGN_2018_02_14,20180806,1,0,1,0,0,0.0
3a6f9f9ced-EMAIL_CAMPAIGN_2018_02_14,20180816,1,0,1,0,0,0.0
4401926dd4-EMAIL_CAMPAIGN_luther_dvd_2017_COPY_01,20180802,1,0,1,0,0,0.0
4401926dd4-EMAIL_CAMPAIGN_luther_dvd_2017_COPY_01,20180808,1,0,1,0,0,0.0
4401926dd4-EMAIL_CAMPAIGN_luther_dvd_2017_COPY_01,20180817,1,0,1,0,0,0.0
4401926dd4-EMAIL_CAMPAIGN_luther_dvd_2017_COPY_01,20180822,1,0,1,0,0,0.0
45474f3078-EMAIL_CAMPAIGN_a-christmas-carol,20180812,1,0,1,0,0,0.0
51936a645f-Chip and Joanna Gaines choose family over fame,20180817,1,1,1,0,0,0.0
559b97ac91-EMAIL_CAMPAIGN_2018_04_25,20180802,1,0,1,0,0,0.0
562e4e240b-EMAIL_CAMPAIGN_2018_05_09,20180808,1,0,1,0,0,0.0
562e4e240b-EMAIL_CAMPAIGN_2018_05_09,20180813,1,0,1,0,0,0.0
5894c4dae8-email_campaign_case_for_christ_2_copy_01,20180822,1,1,1,0,0,0.0
5894c4dae8-email_campaign_case_for_christ_2_copy_01,20180823,1,0,1,0,0,0.0
5894c4dae8-EMAIL_CAMPAIGN_case_for_christ_2_COPY_01,20180822,7,6,7,0,0,0.0
5894c4dae8-EMAIL_CAMPAIGN_case_for_christ_2_COPY_01,20180824,1,1,1,0,0,0.0
5894c4dae8-EMAIL_CAMPAIGN_case_for_christ_2_COPY_01,20180825,1,0,1,0,0,0.0
5c8910c47d-EMAIL_CAMPAIGN_2018_07_25_03_36_COPY_01,20180804,1,0,1,1,0,0.0
5c8910c47d-EMAIL_CAMPAIGN_2018_07_25_03_36_COPY_01,20180809,1,0,1,0,0,0.0
5c8910c47d-EMAIL_CAMPAIGN_2018_07_25_03_36_COPY_01,20180816,1,0,1,0,0,0.0
5c8910c47d-EMAIL_CAMPAIGN_2018_07_25_03_36_COPY_01,20180830,1,0,2,0,0,0.0
60b2cd65bf-EMAIL_CAMPAIGN_2018_04_04,20180823,1,0,1,0,0,0.0
60b2cd65bf-EMAIL_CAMPAIGN_2018_04_04,20180824,1,0,1,0,0,0.0
60b2cd65bf-EMAIL_CAMPAIGN_2018_04_04,20180830,1,0,1,0,0,0.0
7f39782cd2-EMAIL_CAMPAIGN_2018_08_08_07_59,20180809,4,4,4,0,0,0.0
7f39782cd2-EMAIL_CAMPAIGN_2018_08_08_07_59,20180810,2,0,2,0,0,0.0
8b70fd2f9f-EMAIL_CAMPAIGN_2018_08_22_08_57,20180828,1,0,1,0,0,0.0
a20c0ccb86-EMAIL_CAMPAIGN_2018_02_28,20180830,1,0,1,0,0,0.0
b43db52f64-EMAIL_CAMPAIGN_FYE_5_COPY_01,20180810,1,0,1,0,0,0.0
b8e3e54518-EMAIL_CAMPAIGN_case_for_christ_2_COPY_03,20180808,6,4,6,0,0,0.0
b8f7ca2962-EMAIL_CAMPAIGN_2018_08_15_06_24,20180816,4,4,4,0,0,0.0
Buffer,20180821,1,1,1,0,0,0.0
d513258153-EMAIL_CAMPAIGN_case_for_christ_2,20180812,1,0,1,0,0,0.0
d513258153-EMAIL_CAMPAIGN_case_for_christ_2,20180816,1,0,1,0,0,0.0
d62328f154-EMAIL_CAMPAIGN_case_for_christ_2,20180806,1,0,1,0,0,0.0
d62328f154-EMAIL_CAMPAIGN_case_for_christ_2,20180809,1,0,1,0,0,0.0
d62328f154-EMAIL_CAMPAIGN_case_for_christ_2,20180810,1,0,1,0,0,0.0
d62328f154-EMAIL_CAMPAIGN_case_for_christ_2,20180822,1,0,1,0,0,0.0
d62328f154-EMAIL_CAMPAIGN_case_for_christ_2,20180824,1,0,2,0,0,0.0
db5674d5ee-EMAIL_CAMPAIGN_case_for_christ_2,20180810,1,0,1,0,0,0.0
eb5890bc73-WITB7-2-13,20180809,1,1,1,0,0,0.0
f0531071de-EMAIL_CAMPAIGN_2017_03_07_COPY_01,20180802,1,0,3,0,0,0.0
f0531071de-EMAIL_CAMPAIGN_2017_03_07_COPY_01,20180803,1,0,1,0,0,0.0
f0531071de-EMAIL_CAMPAIGN_2017_03_07_COPY_01,20180823,1,0,2,0,0,0.0
f0531071de-EMAIL_CAMPAIGN_2017_03_07_COPY_01,20180830,1,0,2,0,1,20.0
(not set),20180901,619,282,702,94,20,1503.0
(not set),20180902,608,312,675,105,6,690.0
(not set),20180903,687,291,782,105,13,510.0
(not set),20180904,760,322,860,117,30,923.25
(not set),20180905,756,331,866,103,30,1125.0
(not set),20180906,987,483,1143,120,40,1397.0
(not set),20180907,829,377,948,124,40,1685.0
(not set),20180908,600,268,663,102,10,590.0
(not set),20180909,644,319,711,87,15,1369.31
(not set),20180910,890,419,1036,112,25,1060.0
(not set),20180911,774,329,880,104,23,698.7
(not set),20180912,780,320,910,104,40,1690.0
(not set),20180913,874,367,996,99,34,1135.0
(not set),20180914,696,288,794,105,33,1286.0
(not set),20180915,517,233,586,78,19,703.71
(not set),20180916,428,189,497,67,13,410.0
(not set),20180917,695,291,827,95,17,520.0
(not set),20180918,641,263,725,102,8,210.0
(not set),20180919,641,245,741,110,18,437.0
(not set),20180920,840,356,964,87,14,355.0
(not set),20180921,715,277,790,95,13,868.74
(not set),20180922,512,234,578,89,12,465.0
(not set),20180923,457,219,502,70,11,440.0
(not set),20180924,801,370,900,107,48,1980.0
(not set),20180925,737,331,839,94,35,1380.0
(not set),20180926,716,305,822,86,34,1095.0
(not set),20180927,819,364,939,92,34,1030.0
(not set),20180928,703,305,785,81,46,1587.0
(not set),20180929,499,212,559,94,16,855.0
(not set),20180930,480,210,544,85,17,550.0
0737d3f42a-EMAIL_CAMPAIGN_FYE_5_COPY_01,20180928,1,0,1,0,0,0.0
19b54492b1-EMAIL_CAMPAIGN_FYE_5_COPY_01,20180919,1,0,1,0,1,250.0
2025448a8a-EMAIL_CAMPAIGN_2017_03_07_COPY_01,20180930,1,0,1,0,1,30.0
3be49d57aa-EMAIL_CAMPAIGN_case_for_christ_2,20180905,1,0,1,0,0,0.0
3fe33fbf17-EMAIL_CAMPAIGN_2018_07_11_02_42,20180911,1,1,1,0,0,0.0
4401926dd4-EMAIL_CAMPAIGN_luther_dvd_2017_COPY_01,20180913,1,0,1,0,0,0.0
5894c4dae8-EMAIL_CAMPAIGN_case_for_christ_2_COPY_01,20180903,1,0,1,0,0,0.0
5c8910c47d-EMAIL_CAMPAIGN_2018_07_25_03_36_COPY_01,20180906,1,0,1,0,0,0.0
5c8910c47d-EMAIL_CAMPAIGN_2018_07_25_03_36_COPY_01,20180910,1,0,1,0,0,0.0
60b2cd65bf-EMAIL_CAMPAIGN_2018_04_04,20180914,1,0,1,0,0,0.0
8b70fd2f9f-EMAIL_CAMPAIGN_2018_08_22_08_57,20180907,1,0,1,0,0,0.0
adid-b4ee9a4c-a719-4258-b56c-a4b51b9b2cba-0-ab_gsb_ocode-12537,20180910,1,0,1,0,0,0.0
b8e3e54518-EMAIL_CAMPAIGN_case_for_christ_2_COPY_03,20180912,1,0,1,0,0,0.0
b8e3e54518-EMAIL_CAMPAIGN_case_for_christ_2_COPY_03,20180913,1,0,1,0,0,0.0
b8e3e54518-EMAIL_CAMPAIGN_case_for_christ_2_COPY_03,20180914,1,0,1,0,0,0.0
b8e3e54518-EMAIL_CAMPAIGN_case_for_christ_2_COPY_03,20180921,1,0,1,0,0,0.0
b8e3e54518-EMAIL_CAMPAIGN_case_for_christ_2_COPY_03,20180924,1,0,1,0,0,0.0
b8e3e54518-EMAIL_CAMPAIGN_case_for_christ_2_COPY_03,20180926,1,0,1,0,0,0.0
b8e3e54518-EMAIL_CAMPAIGN_case_for_christ_2_COPY_03,20180927,1,0,1,0,0,0.0
b8e3e54518-EMAIL_CAMPAIGN_case_for_christ_2_COPY_03,20180928,1,0,1,0,0,0.0
beae9e08e6-EMAIL_CAMPAIGN_2017_03_07_COPY_02,20180920,1,0,2,0,0,0.0
c80786eec9-EMAIL_CAMPAIGN_2018_09_12_04_45,20180913,2,2,3,0,0,0.0
c80786eec9-EMAIL_CAMPAIGN_2018_09_12_04_45,20180917,3,3,3,0,0,0.0
d112bef252-EMAIL_CAMPAIGN_case_for_christ_2,20180914,2,2,2,2,0,0.0
d315c724bc-EMAIL_CAMPAIGN_2018_06_06_03_50,20180913,1,0,1,0,0,0.0
db4837137a-EMAIL_CAMPAIGN_2018_09_19_09_51,20180920,1,0,1,0,0,0.0
ed7771c4d2-EMAIL_CAMPAIGN_2018_09_05_05_53,20180913,1,1,1,0,0,0.0
f0531071de-EMAIL_CAMPAIGN_2017_03_07_COPY_01,20180921,1,0,1,0,0,0.0
(not set),20181001,733,341,865,107,20,757.0
(not set),20181002,1113,549,1256,144,78,2343.75
(not set),20181003,750,331,837,93,30,665.0
(not set),20181004,980,448,1098,107,41,1100.0
(not set),20181005,843,399,958,123,45,1330.0
(not set),20181006,589,278,650,75,15,1140.0
(not set),20181007,507,237,562,74,11,378.74
(not set),20181008,802,372,909,92,26,1103.74
(not set),20181009,813,389,930,103,25,735.0
(not set),20181010,750,316,862,112,11,356.0
(not set),20181011,934,437,1058,108,30,1220.0
(not set),20181012,677,293,780,89,17,1545.0
(not set),20181013,426,171,485,72,9,462.75
(not set),20181014,534,269,590,75,17,380.0
(not set),20181015,952,478,1108,116,36,1054.49
(not set),20181016,948,498,1088,111,32,1072.0
(not set),20181017,1016,521,1178,119,65,1745.0
(not set),20181018,1284,706,1432,94,52,2101.0
(not set),20181019,1061,524,1221,109,57,1735.0
(not set),20181020,685,340,779,95,21,995.0
(not set),20181021,593,292,679,76,12,505.0
(not set),20181022,743,333,830,82,19,1070.0
(not set),20181023,771,350,887,102,31,5524.0
(not set),20181024,721,329,811,101,26,37145.0
(not set),20181025,747,320,827,103,28,5350.0
(not set),20181026,674,281,772,95,35,3651.0
(not set),20181027,598,297,657,75,18,2980.0
(not set),20181028,512,215,576,88,13,805.0
(not set),20181029,740,291,834,97,22,2412.73
(not set),20181030,734,351,827,93,25,830.0
(not set),20181031,779,363,897,86,17,610.0
0d0f41796f-EMAIL_CAMPAIGN_2018_10_01_06_28_COPY_02,20181025,1,0,1,0,0,0.0
3fe33fbf17-EMAIL_CAMPAIGN_2018_07_11_02_42,20181002,1,0,2,1,0,0.0
409f5d4fbd-EMAIL_CAMPAIGN_2018_10_10_09_35,20181011,2,2,2,2,0,0.0
4401926dd4-EMAIL_CAMPAIGN_luther_dvd_2017_COPY_01,20181006,1,0,1,0,0,0.0
5894c4dae8-EMAIL_CAMPAIGN_case_for_christ_2_COPY_01,20181004,1,0,1,0,0,0.0
5c8910c47d-EMAIL_CAMPAIGN_2018_07_25_03_36_COPY_01,20181004,1,0,1,0,0,0.0
5c8910c47d-EMAIL_CAMPAIGN_2018_07_25_03_36_COPY_01,20181011,1,0,1,0,0,0.0
60b2cd65bf-EMAIL_CAMPAIGN_2018_04_04,20181003,1,0,1,0,0,0.0
7b46980a92-EMAIL_CAMPAIGN_2018_10_01_06_28,20181002,17,14,19,1,1,100.0
7b46980a92-EMAIL_CAMPAIGN_2018_10_01_06_28,20181004,1,0,1,0,0,0.0
7b46980a92-EMAIL_CAMPAIGN_2018_10_01_06_28,20181010,1,0,1,0,0,0.0
7b8f21c93e-EMAIL_CAMPAIGN_2018_10_01_06_28_COPY_01,20181019,2,1,2,0,0,0.0
7b8f21c93e-EMAIL_CAMPAIGN_2018_10_01_06_28_COPY_01,20181020,1,0,1,0,0,0.0
7b8f21c93e-EMAIL_CAMPAIGN_2018_10_01_06_28_COPY_01,20181021,1,0,1,0,0,0.0
9047a58cc7-EMAIL_CAMPAIGN_2018_10_01_06_28_COPY_01,20181005,17,17,17,2,0,0.0
9047a58cc7-EMAIL_CAMPAIGN_2018_10_01_06_28_COPY_01,20181011,2,2,2,0,0,0.0
96e923a304-EMAIL_CAMPAIGN_2018_10_24_07_48,20181025,3,1,3,0,0,0.0
96e923a304-EMAIL_CAMPAIGN_2018_10_24_07_48,20181026,1,1,1,0,1,24.74
96e923a304-EMAIL_CAMPAIGN_2018_10_24_07_48,20181030,1,0,1,0,0,0.0
96e923a304-EMAIL_CAMPAIGN_2018_10_24_07_48,20181031,1,1,1,0,0,0.0
b035a3bddd-EMAIL_CAMPAIGN_2018_10_01_06_28_COPY_02,20181017,17,14,17,0,1,55.0
b035a3bddd-EMAIL_CAMPAIGN_2018_10_01_06_28_COPY_02,20181018,1,0,4,0,0,0.0
b035a3bddd-EMAIL_CAMPAIGN_2018_10_01_06_28_COPY_02,20181029,1,0,1,0,0,0.0
b8e3e54518-EMAIL_CAMPAIGN_case_for_christ_2_COPY_03,20181001,1,0,1,0,0,0.0
b8e3e54518-EMAIL_CAMPAIGN_case_for_christ_2_COPY_03,20181002,1,0,1,0,0,0.0
b8e3e54518-EMAIL_CAMPAIGN_case_for_christ_2_COPY_03,20181009,1,0,2,0,0,0.0
b8e3e54518-EMAIL_CAMPAIGN_case_for_christ_2_COPY_03,20181010,1,0,2,0,0,0.0
b8e3e54518-EMAIL_CAMPAIGN_case_for_christ_2_COPY_03,20181015,1,0,1,0,0,0.0
b8e3e54518-EMAIL_CAMPAIGN_case_for_christ_2_COPY_03,20181016,1,0,1,0,0,0.0
b8e3e54518-EMAIL_CAMPAIGN_case_for_christ_2_COPY_03,20181018,2,0,2,0,0,0.0
b8e3e54518-EMAIL_CAMPAIGN_case_for_christ_2_COPY_03,20181022,1,0,3,0,0,0.0
c03366c4a3-EMAIL_CAMPAIGN_luther_dvd_2017_COPY_02,20181018,1,0,1,0,0,0.0
d315c724bc-EMAIL_CAMPAIGN_2018_06_06_03_50,20181005,1,0,1,0,1,15.0
(not set),20181101,983,478,1125,115,40,2375.0
(not set),20181102,1219,621,1413,121,60,1864.48
(not set),20181103,675,318,755,83,23,628.45
(not set),20181104,683,323,767,91,9,310.0
(not set),20181105,1035,533,1200,115,37,1530.0
(not set),20181106,830,397,977,97,40,1792.0
(not set),20181107,808,366,935,105,27,665.0
(not set),20181108,991,472,1179,110,58,2000.0
(not set),20181109,890,443,1049,88,43,1271.0
(not set),20181110,705,367,811,80,24,605.0
(not set),20181111,724,381,803,86,19,1175.0
(not set),20181112,875,427,1033,100,32,901.17
(not set),20181113,910,440,1063,122,48,1375.0
(not set),20181114,825,392,949,107,24,952.0
(not set),20181115,961,441,1109,117,46,1953.75
(not set),20181116,840,367,1002,89,45,1274.0
(not set),20181117,736,342,827,93,15,655.0
(not set),20181118,591,275,688,80,15,388.49
(not set),20181119,832,380,965,96,30,1150.0
(not set),20181120,1054,586,1209,186,41,1533.0
(not set),20181121,1306,750,1504,241,48,2100.0
(not set),20181122,733,331,834,103,28,1670.0
(not set),20181123,1047,483,1181,95,45,2287.74
(not set),20181124,649,298,745,78,21,1329.23
(not set),20181125,625,298,709,95,18,675.0
(not set),20181126,1316,687,1507,138,61,2067.74
(not set),20181127,1007,505,1150,126,73,4874.74
(not set),20181128,918,423,1035,100,41,2034.72
(not set),20181129,1147,563,1310,115,42,2263.67
(not set),20181130,1113,586,1275,108,73,8680.75
2025448a8a-EMAIL_CAMPAIGN_2017_03_07_COPY_01,20181122,1,0,1,0,0,0.0
2025448a8a-EMAIL_CAMPAIGN_2017_03_07_COPY_01,20181128,1,0,1,0,1,20.0
3af27fccac-EMAIL_CAMPAIGN_2018_11_07_03_34,20181108,1,1,1,0,0,0.0
4401926dd4-EMAIL_CAMPAIGN_luther_dvd_2017_COPY_01,20181124,1,0,1,0,0,0.0
5c60420cf8-EMAIL_CAMPAIGN_2018_11_28_03_56,20181129,1,0,1,1,0,0.0
5c8910c47d-EMAIL_CAMPAIGN_2018_07_25_03_36_COPY_01,20181102,1,0,1,0,1,10.0
6e9b8e926c-EMAIL_CAMPAIGN_2018_10_01_06_28_COPY_01,20181116,12,12,12,0,0,0.0
6e9b8e926c-EMAIL_CAMPAIGN_2018_10_01_06_28_COPY_01,20181117,1,1,1,0,0,0.0
6e9b8e926c-EMAIL_CAMPAIGN_2018_10_01_06_28_COPY_01,20181119,1,0,1,0,0,0.0
6f895014ce-EMAIL_CAMPAIGN_2018_11_21_06_49,20181121,3,3,3,0,0,0.0
6f895014ce-EMAIL_CAMPAIGN_2018_11_21_06_49,20181123,1,0,1,0,0,0.0
8600787f48-EMAIL_CAMPAIGN_luther_dvd_2017_COPY_02,20181102,12,11,12,0,1,52.0
8600787f48-EMAIL_CAMPAIGN_luther_dvd_2017_COPY_02,20181103,1,1,1,0,1,10.0
8600787f48-EMAIL_CAMPAIGN_luther_dvd_2017_COPY_02,20181104,1,1,1,0,0,0.0
8600787f48-EMAIL_CAMPAIGN_luther_dvd_2017_COPY_02,20181120,1,0,1,0,0,0.0
8600787f48-EMAIL_CAMPAIGN_luther_dvd_2017_COPY_02,20181121,1,0,1,0,0,0.0
9047a58cc7-EMAIL_CAMPAIGN_2018_10_01_06_28_COPY_01,20181121,1,0,1,0,0,0.0
b035a3bddd-EMAIL_CAMPAIGN_2018_10_01_06_28_COPY_02,20181105,1,0,1,0,0,0.0
b035a3bddd-EMAIL_CAMPAIGN_2018_10_01_06_28_COPY_02,20181115,1,0,1,0,0,0.0
b8e3e54518-EMAIL_CAMPAIGN_case_for_christ_2_COPY_03,20181106,1,0,1,0,0,0.0
b8e3e54518-EMAIL_CAMPAIGN_case_for_christ_2_COPY_03,20181126,1,0,1,0,0,0.0
c03366c4a3-EMAIL_CAMPAIGN_luther_dvd_2017_COPY_02,20181103,1,0,1,0,0,0.0
c03366c4a3-EMAIL_CAMPAIGN_luther_dvd_2017_COPY_02,20181126,1,0,1,0,1,100.0
c0c16e52aa-EMAIL_CAMPAIGN_2018_10_01_06_28_COPY_02,20181113,3,2,3,0,0,0.0
c0c16e52aa-EMAIL_CAMPAIGN_2018_10_01_06_28_COPY_02,20181114,3,2,3,0,0,0.0
c0c16e52aa-EMAIL_CAMPAIGN_2018_10_01_06_28_COPY_02,20181120,1,0,2,0,0,0.0
c0c16e52aa-EMAIL_CAMPAIGN_2018_10_01_06_28_COPY_02,20181124,1,0,1,0,0,0.0
c0c16e52aa-EMAIL_CAMPAIGN_2018_10_01_06_28_COPY_02,20181130,1,0,1,0,0,0.0
db1b645e57-EMAIL_CAMPAIGN_luther_dvd_2017_COPY_01,20181105,10,9,10,0,0,0.0
db1b645e57-EMAIL_CAMPAIGN_luther_dvd_2017_COPY_01,20181106,2,2,2,0,1,25.0
db1b645e57-EMAIL_CAMPAIGN_luther_dvd_2017_COPY_01,20181107,1,0,1,0,0,0.0
db1b645e57-EMAIL_CAMPAIGN_luther_dvd_2017_COPY_01,20181108,1,0,1,0,0,0.0
db1b645e57-EMAIL_CAMPAIGN_luther_dvd_2017_COPY_01,20181126,1,0,1,0,0,0.0
(not set),20181201,682,324,766,64,29,1351.75
(not set),20181202,672,350,768,72,31,2335.0
(not set),20181203,866,401,988,110,52,2700.0
(not set),20181204,1310,700,1474,157,104,4372.0
(not set),20181205,893,400,1016,121,59,2598.0
(not set),20181206,1237,711,1401,156,50,2493.0
(not set),20181207,1065,559,1182,114,55,3111.0
(not set),20181208,692,337,774,96,31,1795.0
(not set),20181209,725,402,794,92,41,1995.0
(not set),20181210,1446,809,1617,164,100,4375.75
(not set),20181211,1110,624,1254,166,65,3680.0
(not set),20181212,1199,618,1455,119,69,3866.0
(not set),20181213,1167,581,1357,142,85,5468.75
(not set),20181214,979,487,1117,135,54,3456.0
(not set),20181215,665,328,757,108,31,2755.0
(not set),20181216,637,324,704,100,22,1809.75
(not set),20181217,1245,649,1367,154,78,3345.0
(not set),20181218,967,478,1081,138,43,2518.75
(not set),20181219,956,515,1075,148,39,2027.0
(not set),20181220,1276,666,1418,231,34,3900.0
(not set),20181221,848,394,962,140,32,2310.0
(not set),20181222,638,323,688,98,32,4310.0
(not set),20181223,584,287,644,83,14,1220.0
(not set),20181224,688,330,758,108,20,2585.0
(not set),20181225,1016,757,1085,104,10,507.0
(not set),20181226,719,343,786,125,25,13623.73
(not set),20181227,918,474,1030,141,46,11016.0
(not set),20181228,799,415,900,131,59,14967.0
(not set),20181229,724,433,794,141,62,8246.98
(not set),20181230,804,444,885,121,80,13780.0
(not set),20181231,1183,693,1286,159,218,30137.98
039197241f-EMAIL_CAMPAIGN_a-christmas-carol_COPY_01,20181221,25,17,25,3,8,1300.0
039197241f-EMAIL_CAMPAIGN_a-christmas-carol_COPY_01,20181222,14,11,14,0,3,175.0
039197241f-EMAIL_CAMPAIGN_a-christmas-carol_COPY_01,20181223,3,2,3,0,2,55.0
039197241f-EMAIL_CAMPAIGN_a-christmas-carol_COPY_01,20181224,3,2,3,0,2,150.0
039197241f-EMAIL_CAMPAIGN_a-christmas-carol_COPY_01,20181225,3,1,3,0,2,275.0
039197241f-EMAIL_CAMPAIGN_a-christmas-carol_COPY_01,20181227,1,0,1,0,0,0.0
1905a49143-EMAIL_CAMPAIGN_a-christmas-carol_COPY_01,20181228,53,32,58,4,33,1950.42
1905a49143-EMAIL_CAMPAIGN_a-christmas-carol_COPY_01,20181229,13,9,14,0,9,895.0
1905a49143-EMAIL_CAMPAIGN_a-christmas-carol_COPY_01,20181230,7,3,7,0,6,430.0
1905a49143-EMAIL_CAMPAIGN_a-christmas-carol_COPY_01,20181231,8,4,10,0,5,230.0
2025448a8a-EMAIL_CAMPAIGN_2017_03_07_COPY_01,20181204,1,0,1,0,0,0.0
35fdfb3e8c-EMAIL_CAMPAIGN_2018_10_01_06_28_COPY_02,20181204,21,18,24,2,0,0.0
35fdfb3e8c-EMAIL_CAMPAIGN_2018_10_01_06_28_COPY_02,20181205,5,1,7,0,1,100.0
35fdfb3e8c-EMAIL_CAMPAIGN_2018_10_01_06_28_COPY_02,20181206,4,0,7,0,0,0.0
35fdfb3e8c-EMAIL_CAMPAIGN_2018_10_01_06_28_COPY_02,20181207,1,0,4,0,0,0.0
35fdfb3e8c-EMAIL_CAMPAIGN_2018_10_01_06_28_COPY_02,20181208,1,0,3,0,0,0.0
35fdfb3e8c-EMAIL_CAMPAIGN_2018_10_01_06_28_COPY_02,20181209,1,0,2,0,0,0.0
35fdfb3e8c-EMAIL_CAMPAIGN_2018_10_01_06_28_COPY_02,20181210,1,0,2,0,0,0.0
35fdfb3e8c-EMAIL_CAMPAIGN_2018_10_01_06_28_COPY_02,20181211,1,0,4,0,0,0.0
35fdfb3e8c-EMAIL_CAMPAIGN_2018_10_01_06_28_COPY_02,20181212,1,0,2,0,0,0.0
35fdfb3e8c-EMAIL_CAMPAIGN_2018_10_01_06_28_COPY_02,20181213,1,0,2,0,0,0.0
35fdfb3e8c-EMAIL_CAMPAIGN_2018_10_01_06_28_COPY_02,20181214,1,0,1,0,0,0.0
35fdfb3e8c-EMAIL_CAMPAIGN_2018_10_01_06_28_COPY_02,20181215,1,0,1,0,0,0.0
35fdfb3e8c-EMAIL_CAMPAIGN_2018_10_01_06_28_COPY_02,20181216,1,0,2,0,0,0.0
35fdfb3e8c-EMAIL_CAMPAIGN_2018_10_01_06_28_COPY_02,20181217,1,0,3,0,0,0.0
35fdfb3e8c-EMAIL_CAMPAIGN_2018_10_01_06_28_COPY_02,20181218,1,0,3,0,0,0.0
35fdfb3e8c-EMAIL_CAMPAIGN_2018_10_01_06_28_COPY_02,20181219,1,0,6,0,0,0.0
35fdfb3e8c-EMAIL_CAMPAIGN_2018_10_01_06_28_COPY_02,20181220,2,0,7,0,0,0.0
35fdfb3e8c-EMAIL_CAMPAIGN_2018_10_01_06_28_COPY_02,20181221,1,0,3,0,0,0.0
35fdfb3e8c-EMAIL_CAMPAIGN_2018_10_01_06_28_COPY_02,20181222,1,0,3,0,0,0.0
35fdfb3e8c-EMAIL_CAMPAIGN_2018_10_01_06_28_COPY_02,20181223,1,0,3,0,0,0.0
35fdfb3e8c-EMAIL_CAMPAIGN_2018_10_01_06_28_COPY_02,20181224,1,0,3,0,0,0.0
3D6=,20181214,1,1,2,0,2,100.0
412befada6-EMAIL_CAMPAIGN_2018_12_04_09_51,20181206,1,1,1,0,0,0.0
412befada6-EMAIL_CAMPAIGN_2018_12_04_09_51,20181213,1,0,1,0,0,0.0
412befada6-EMAIL_CAMPAIGN_2018_12_04_09_51,20181217,1,1,1,0,0,0.0
4401926dd4-EMAIL_CAMPAIGN_luther_dvd_2017_COPY_01,20181210,1,0,1,0,0,0.0
51ad5e66fe-EMAIL_CAMPAIGN_2018_12_26_10_55,20181227,3,3,3,0,0,0.0
5894c4dae8-EMAIL_CAMPAIGN_case_for_christ_2_COPY_01,20181217,1,0,1,0,1,30.0
6a75bd2d60-EMAIL_CAMPAIGN_a-christmas-carol_COPY_02,20181211,71,44,83,0,32,1805.0
6a75bd2d60-EMAIL_CAMPAIGN_a-christmas-carol_COPY_02,20181212,16,7,17,0,10,505.0
6a75bd2d60-EMAIL_CAMPAIGN_a-christmas-carol_COPY_02,20181213,13,8,16,2,4,295.0
6a75bd2d60-EMAIL_CAMPAIGN_a-christmas-carol_COPY_02,20181214,5,4,5,0,1,50.0
6a75bd2d60-EMAIL_CAMPAIGN_a-christmas-carol_COPY_02,20181215,1,1,1,0,0,0.0
6a75bd2d60-EMAIL_CAMPAIGN_a-christmas-carol_COPY_02,20181216,1,0,1,0,0,0.0
6a75bd2d60-EMAIL_CAMPAIGN_a-christmas-carol_COPY_02,20181217,5,2,6,0,2,150.0
6a75bd2d60-EMAIL_CAMPAIGN_a-christmas-carol_COPY_02,20181218,6,2,6,0,1,25.0
6a75bd2d60-EMAIL_CAMPAIGN_a-christmas-carol_COPY_02,20181219,2,0,2,0,2,35.0
6a75bd2d60-EMAIL_CAMPAIGN_a-christmas-carol_COPY_02,20181220,4,0,4,0,0,0.0
6a75bd2d60-EMAIL_CAMPAIGN_a-christmas-carol_COPY_02,20181221,1,0,1,0,0,0.0
6a75bd2d60-EMAIL_CAMPAIGN_a-christmas-carol_COPY_02,20181222,3,0,3,0,1,200.0
6a75bd2d60-EMAIL_CAMPAIGN_a-christmas-carol_COPY_02,20181227,1,0,2,0,0,0.0
6a75bd2d60-EMAIL_CAMPAIGN_a-christmas-carol_COPY_02,20181228,1,1,1,0,1,30.0
6b3c85fee0-EMAIL_CAMPAIGN_a-christmas-carol_COPY_02,20181214,23,14,27,0,13,1390.0
6b3c85fee0-EMAIL_CAMPAIGN_a-christmas-carol_COPY_02,20181215,10,5,11,0,5,230.0
6b3c85fee0-EMAIL_CAMPAIGN_a-christmas-carol_COPY_02,20181216,3,2,3,1,1,100.0
6b3c85fee0-EMAIL_CAMPAIGN_a-christmas-carol_COPY_02,20181217,4,1,4,0,0,0.0
6b3c85fee0-EMAIL_CAMPAIGN_a-christmas-carol_COPY_02,20181218,1,0,1,0,0,0.0
6b3c85fee0-EMAIL_CAMPAIGN_a-christmas-carol_COPY_02,20181219,3,0,3,1,1,100.0
6b3c85fee0-EMAIL_CAMPAIGN_a-christmas-carol_COPY_02,20181220,1,0,1,0,0,0.0
6b3c85fee0-EMAIL_CAMPAIGN_a-christmas-carol_COPY_02,20181221,1,1,1,0,0,0.0
6b3c85fee0-EMAIL_CAMPAIGN_a-christmas-carol_COPY_02,20181222,1,0,1,0,0,0.0
6b3c85fee0-EMAIL_CAMPAIGN_a-christmas-carol_COPY_02,20181229,1,1,1,0,1,100.0
6b3c85fee0-EMAIL_CAMPAIGN_a-christmas-carol_COPY_02,20181231,1,0,1,0,0,0.0
7b8f21c93e-EMAIL_CAMPAIGN_2018_10_01_06_28_COPY_01,20181226,1,0,1,0,0,0.0
7b8f21c93e-EMAIL_CAMPAIGN_2018_10_01_06_28_COPY_01,20181228,1,0,1,0,0,0.0
7b8f21c93e-EMAIL_CAMPAIGN_2018_10_01_06_28_COPY_01,20181231,1,0,1,0,0,0.0
8600787f48-EMAIL_CAMPAIGN_luther_dvd_2017_COPY_02,20181202,1,0,1,0,0,0.0
8600787f48-EMAIL_CAMPAIGN_luther_dvd_2017_COPY_02,20181216,1,0,1,0,0,0.0
86e8bb8e0a-EMAIL_CAMPAIGN_2017_11_23,20181204,1,0,2,0,0,0.0
955a5ce627-EMAIL_CAMPAIGN_2018_07_25_03_36,20181201,1,0,1,0,0,0.0
955a5ce627-EMAIL_CAMPAIGN_2018_07_25_03_36,20181230,1,0,1,0,1,100.0
9914352a73-EMAIL_CAMPAIGN_a-christmas-carol_COPY_01,20181229,40,22,44,3,21,2285.0
9914352a73-EMAIL_CAMPAIGN_a-christmas-carol_COPY_01,20181230,31,13,34,3,18,1560.0
9914352a73-EMAIL_CAMPAIGN_a-christmas-carol_COPY_01,20181231,11,3,11,0,4,370.0
b0fcc20305-EMAIL_CAMPAIGN_2018_10_01_06_28_COPY_01,20181207,16,15,16,0,0,0.0
b0fcc20305-EMAIL_CAMPAIGN_2018_10_01_06_28_COPY_01,20181208,1,0,1,0,0,0.0
b29cd06806-EMAIL_CAMPAIGN_a-christmas-carol_COPY_03,20181218,42,25,45,4,14,1135.0
b29cd06806-EMAIL_CAMPAIGN_a-christmas-carol_COPY_03,20181219,19,7,21,0,14,1155.0
b29cd06806-EMAIL_CAMPAIGN_a-christmas-carol_COPY_03,20181220,7,2,9,0,4,375.0
b29cd06806-EMAIL_CAMPAIGN_a-christmas-carol_COPY_03,20181221,3,2,4,0,3,260.0
b29cd06806-EMAIL_CAMPAIGN_a-christmas-carol_COPY_03,20181222,1,0,1,0,1,30.0
b29cd06806-EMAIL_CAMPAIGN_a-christmas-carol_COPY_03,20181223,2,0,2,0,1,15.0
b29cd06806-EMAIL_CAMPAIGN_a-christmas-carol_COPY_03,20181224,2,0,2,0,0,0.0
b29cd06806-EMAIL_CAMPAIGN_a-christmas-carol_COPY_03,20181229,1,0,1,0,1,50.0
b29cd06806-EMAIL_CAMPAIGN_a-christmas-carol_COPY_03,20181231,1,0,1,0,0,0.0
bc70210b28-EMAIL_CAMPAIGN_a-christmas-carol_COPY_01,20181230,1,0,1,0,0,0.0
bc70210b28-EMAIL_CAMPAIGN_a-christmas-carol_COPY_01,20181231,96,61,108,13,57,5953.0
c0c16e52aa-EMAIL_CAMPAIGN_2018_10_01_06_28_COPY_02,20181213,1,0,1,0,0,0.0
c0c16e52aa-EMAIL_CAMPAIGN_2018_10_01_06_28_COPY_02,20181218,1,0,1,0,0,0.0
c0c16e52aa-EMAIL_CAMPAIGN_2018_10_01_06_28_COPY_02,20181219,1,0,1,0,0,0.0
c0c16e52aa-EMAIL_CAMPAIGN_2018_10_01_06_28_COPY_02,20181231,1,0,1,0,0,0.0
c47e9ea296-EMAIL_CAMPAIGN_a-christmas-carol_COPY_01,20181231,157,100,171,4,116,9415.0
d315c724bc-EMAIL_CAMPAIGN_2018_06_06_03_50,20181206,1,0,1,0,1,100.0
db1b645e57-EMAIL_CAMPAIGN_luther_dvd_2017_COPY_01,20181204,1,1,1,0,0,0.0
eabf09a27e-EMAIL_CAMPAIGN_2018_12_12_06_39,20181213,1,0,1,0,1,100.0
f47bdf7ea2-EMAIL_CAMPAIGN_a-christmas-carol_COPY_02,20181226,21,11,25,3,10,1585.0
f47bdf7ea2-EMAIL_CAMPAIGN_a-christmas-carol_COPY_02,20181227,4,0,4,0,2,70.0
f47bdf7ea2-EMAIL_CAMPAIGN_a-christmas-carol_COPY_02,20181228,3,0,3,0,0,0.0
f47bdf7ea2-EMAIL_CAMPAIGN_a-christmas-carol_COPY_02,20181230,1,0,1,0,0,0.0
f47bdf7ea2-EMAIL_CAMPAIGN_a-christmas-carol_COPY_02,20181231,3,0,4,0,2,80.0
faa32f692c-EMAIL_CAMPAIGN_2018_12_19_09_45,20181221,1,0,1,0,1,20.0
havenministries,20181226,1,1,1,0,0,0.0
