ga:source,ga:date,ga:users,ga:newUsers,ga:sessions,ga:bounces,ga:transactions,ga:transactionRevenue
(direct),20190101,1,1,1,0,0,0.0
(direct),20190102,2,1,3,1,0,0.0
(direct),20190103,1,0,1,1,0,0.0
(direct),20190105,2,0,2,2,0,0.0
(direct),20190106,2,0,2,0,0,0.0
(direct),20190108,1,1,1,0,0,0.0
(direct),20190109,3,1,5,3,0,0.0
(direct),20190110,4,3,4,1,0,0.0
(direct),20190111,3,1,3,2,0,0.0
(direct),20190113,4,2,4,1,0,0.0
(direct),20190114,1,0,1,0,0,0.0
(direct),20190115,2,1,3,0,0,0.0
(direct),20190116,2,1,4,3,0,0.0
(direct),20190118,1,1,1,1,0,0.0
(direct),20190120,1,1,1,1,0,0.0
(direct),20190121,2,2,2,1,0,0.0
(direct),20190124,2,2,2,1,0,0.0
(direct),20190125,3,2,4,3,0,0.0
(direct),20190128,2,1,2,1,0,0.0
(direct),20190129,1,1,1,0,0,0.0
(direct),20190131,1,1,1,1,0,0.0
bing,20190110,1,1,1,1,0,0.0
coalicionporelevangelio.org,20190117,9,7,9,7,0,0.0
coalicionporelevangelio.org,20190118,12,8,14,11,0,0.0
coalicionporelevangelio.org,20190119,7,5,7,5,0,0.0
coalicionporelevangelio.org,20190120,2,1,2,2,0,0.0
coalicionporelevangelio.org,20190121,4,4,4,2,0,0.0
coalicionporelevangelio.org,20190122,1,1,1,1,0,0.0
coalicionporelevangelio.org,20190130,14,13,14,12,0,0.0
coalicionporelevangelio.org,20190131,7,7,7,7,0,0.0
dailyseo.xyz,20190104,2,2,2,1,0,0.0
facebook.com,20190101,1,1,1,1,0,0.0
facebook.com,20190102,2,2,2,2,0,0.0
facebook.com,20190104,1,1,1,1,0,0.0
facebook.com,20190105,1,1,1,1,0,0.0
facebook.com,20190108,1,1,1,1,0,0.0
facebook.com,20190109,1,1,1,1,0,0.0
facebook.com,20190110,1,1,1,1,0,0.0
facebook.com,20190115,1,1,1,0,0,0.0
facebook.com,20190118,3,3,3,3,0,0.0
facebook.com,20190121,1,1,1,0,0,0.0
facebook.com,20190125,1,1,1,0,0,0.0
facebook.com,20190129,1,0,1,0,0,0.0
facebook.com,20190131,2,2,2,2,0,0.0
galblog.top,20190122,1,1,1,0,0,0.0
google,20190101,2,0,2,1,0,0.0
google,20190102,2,1,2,0,0,0.0
google,20190103,1,1,1,0,0,0.0
google,20190105,1,0,1,0,0,0.0
google,20190106,1,1,1,0,0,0.0
google,20190107,3,0,4,1,0,0.0
google,20190108,3,2,3,1,0,0.0
google,20190109,1,0,1,0,0,0.0
google,20190110,4,1,4,1,0,0.0
google,20190111,5,2,6,2,0,0.0
google,20190112,3,2,3,2,0,0.0
google,20190113,1,0,1,1,0,0.0
google,20190114,2,0,2,1,0,0.0
google,20190115,1,0,1,0,0,0.0
google,20190116,1,0,1,0,0,0.0
google,20190117,3,0,5,2,0,0.0
google,20190118,1,0,1,0,0,0.0
google,20190119,1,0,1,0,0,0.0
google,20190120,4,2,4,2,0,0.0
google,20190121,3,2,3,0,0,0.0
google,20190122,2,1,3,1,0,0.0
google,20190123,4,3,4,0,0,0.0
google,20190124,2,0,2,1,0,0.0
google,20190125,2,2,2,1,0,0.0
google,20190126,1,0,1,1,0,0.0
google,20190128,2,1,2,0,0,0.0
google,20190129,2,0,2,1,0,0.0
google,20190130,5,2,7,2,0,0.0
google,20190131,4,2,5,1,0,0.0
l.instagram.com,20190102,1,1,1,0,0,0.0
l.instagram.com,20190104,1,0,1,0,0,0.0
l.instagram.com,20190106,2,1,2,0,0,0.0
l.instagram.com,20190108,1,1,1,0,0,0.0
l.instagram.com,20190112,1,0,1,0,0,0.0
l.instagram.com,20190114,1,0,1,0,0,0.0
l.instagram.com,20190129,2,2,2,1,0,0.0
l.instagram.com,20190130,1,0,1,0,0,0.0
m.facebook.com,20190102,1,1,1,1,0,0.0
m.facebook.com,20190105,1,1,1,1,0,0.0
m.facebook.com,20190107,1,1,1,0,0,0.0
m.facebook.com,20190110,1,1,1,0,0,0.0
m.facebook.com,20190113,1,1,1,1,0,0.0
m.facebook.com,20190114,1,1,1,1,0,0.0
m.facebook.com,20190117,1,1,1,1,0,0.0
m.facebook.com,20190121,2,2,2,2,0,0.0
m.facebook.com,20190124,2,2,2,2,0,0.0
m.facebook.com,20190129,1,1,1,1,0,0.0
soundcloud.com,20190102,1,0,1,1,0,0.0
soundcloud.com,20190107,1,0,1,1,0,0.0
soundcloud.com,20190118,1,0,1,1,0,0.0
soundcloud.com,20190122,1,0,1,0,0,0.0
soundcloud.com,20190125,1,0,1,0,0,0.0
t.co,20190102,1,1,1,0,0,0.0
t.co,20190107,1,1,1,0,0,0.0
t.co,20190109,1,1,1,0,0,0.0
t.co,20190114,1,1,1,1,0,0.0
t.co,20190121,1,1,1,0,0,0.0
t.co,20190122,1,0,1,0,0,0.0
t.co,20190123,1,1,2,1,0,0.0
t.co,20190125,1,1,2,0,0,0.0
twipu.com,20190130,1,1,2,0,0,0.0
(direct),20190202,1,1,1,1,0,0.0
(direct),20190203,2,1,2,1,0,0.0
(direct),20190204,2,1,2,1,0,0.0
(direct),20190205,25,23,25,22,0,0.0
(direct),20190206,5,4,6,3,0,0.0
(direct),20190207,3,1,3,3,0,0.0
(direct),20190209,1,0,1,1,0,0.0
(direct),20190210,1,0,1,1,0,0.0
(direct),20190211,2,2,2,2,0,0.0
(direct),20190212,1,0,1,1,0,0.0
(direct),20190213,2,1,2,2,0,0.0
(direct),20190214,2,1,4,3,0,0.0
(direct),20190215,5,3,5,3,0,0.0
(direct),20190216,1,1,1,0,0,0.0
(direct),20190217,1,1,1,1,0,0.0
(direct),20190219,1,1,1,1,0,0.0
(direct),20190220,4,3,4,1,0,0.0
(direct),20190221,2,2,2,2,0,0.0
(direct),20190222,1,0,1,0,0,0.0
(direct),20190223,1,0,1,1,0,0.0
(direct),20190224,2,2,2,1,0,0.0
(direct),20190225,2,1,2,2,0,0.0
(direct),20190226,2,1,2,2,0,0.0
(direct),20190227,4,4,5,4,0,0.0
(direct),20190228,1,1,1,1,0,0.0
account.squarespace.com,20190214,1,0,1,1,0,0.0
account.squarespace.com,20190219,1,0,1,0,0,0.0
account.squarespace.com,20190226,1,0,1,0,0,0.0
blog2019.top,20190206,1,1,1,1,0,0.0
coalicionporelevangelio.org,20190201,3,3,3,3,0,0.0
coalicionporelevangelio.org,20190202,5,4,5,4,0,0.0
coalicionporelevangelio.org,20190203,8,7,9,6,0,0.0
coalicionporelevangelio.org,20190204,5,4,5,5,0,0.0
coalicionporelevangelio.org,20190205,4,4,4,2,0,0.0
coalicionporelevangelio.org,20190209,1,0,2,1,0,0.0
coalicionporelevangelio.org,20190221,2,2,2,2,0,0.0
coalicionporelevangelio.org,20190222,15,13,16,11,0,0.0
coalicionporelevangelio.org,20190223,6,6,6,5,0,0.0
coalicionporelevangelio.org,20190224,5,5,5,3,0,0.0
coalicionporelevangelio.org,20190225,10,9,10,8,0,0.0
coalicionporelevangelio.org,20190226,2,1,2,1,0,0.0
coalicionporelevangelio.org,20190227,22,19,22,19,0,0.0
coalicionporelevangelio.org,20190228,12,8,13,11,0,0.0
facebook.com,20190201,2,1,2,1,0,0.0
facebook.com,20190202,1,1,1,1,0,0.0
facebook.com,20190205,2,0,2,0,0,0.0
facebook.com,20190207,2,1,2,1,0,0.0
facebook.com,20190208,1,1,1,1,0,0.0
facebook.com,20190209,1,1,1,1,0,0.0
facebook.com,20190211,1,0,1,0,0,0.0
facebook.com,20190212,1,1,1,1,0,0.0
facebook.com,20190213,1,1,1,1,0,0.0
facebook.com,20190214,2,1,2,2,0,0.0
facebook.com,20190215,1,0,1,1,0,0.0
facebook.com,20190219,1,1,1,1,0,0.0
facebook.com,20190220,1,0,1,0,0,0.0
facebook.com,20190221,1,1,1,1,0,0.0
facebook.com,20190223,1,1,1,1,0,0.0
facebook.com,20190224,1,1,1,1,0,0.0
facebook.com,20190225,2,1,2,2,0,0.0
facebook.com,20190227,1,0,1,1,0,0.0
facebook.com,20190228,3,2,3,3,0,0.0
google,20190201,3,2,4,0,0,0.0
google,20190202,2,1,2,0,0,0.0
google,20190203,1,0,1,0,0,0.0
google,20190204,4,0,4,1,0,0.0
google,20190205,4,2,5,0,0,0.0
google,20190206,2,1,3,0,0,0.0
google,20190207,4,3,9,2,0,0.0
google,20190208,2,0,2,1,0,0.0
google,20190209,1,0,1,0,0,0.0
google,20190210,1,0,2,1,0,0.0
google,20190211,1,0,1,0,0,0.0
google,20190212,3,2,4,2,0,0.0
google,20190213,2,1,2,1,0,0.0
google,20190214,3,0,4,2,0,0.0
google,20190215,2,1,3,1,0,0.0
google,20190216,1,0,1,0,0,0.0
google,20190218,3,1,3,0,0,0.0
google,20190219,5,5,5,2,0,0.0
google,20190220,1,0,1,1,0,0.0
google,20190221,5,2,6,3,0,0.0
google,20190222,3,0,3,1,0,0.0
google,20190223,1,0,1,0,0,0.0
google,20190224,2,0,2,1,0,0.0
google,20190225,3,2,3,0,0,0.0
google,20190226,1,0,1,1,0,0.0
google,20190227,3,2,6,4,0,0.0
l.facebook.com,20190228,1,1,1,0,0,0.0
l.instagram.com,20190201,1,0,2,2,0,0.0
l.instagram.com,20190204,2,1,3,0,0,0.0
l.instagram.com,20190209,1,1,1,0,0,0.0
l.instagram.com,20190210,1,0,1,0,0,0.0
l.instagram.com,20190211,1,0,1,0,0,0.0
l.instagram.com,20190212,2,0,2,0,0,0.0
l.instagram.com,20190219,1,0,1,0,0,0.0
l.instagram.com,20190225,1,1,1,0,0,0.0
l.instagram.com,20190228,1,0,1,0,0,0.0
m.facebook.com,20190201,1,1,1,1,0,0.0
m.facebook.com,20190221,1,1,1,0,0,0.0
m.facebook.com,20190226,1,1,1,0,0,0.0
m.facebook.com,20190228,1,0,1,0,0,0.0
m.instasrch.com,20190216,1,1,1,1,0,0.0
ramonavalleypca.wordpress.com,20190201,1,0,1,0,0,0.0
soundcloud.com,20190201,1,0,1,0,0,0.0
soundcloud.com,20190205,1,0,2,1,0,0.0
soundcloud.com,20190206,1,0,2,1,0,0.0
soundcloud.com,20190207,1,0,2,1,0,0.0
stitcher.com,20190207,1,0,1,0,0,0.0
t.co,20190204,1,0,1,0,0,0.0
t.co,20190207,1,1,1,0,0,0.0
t.co,20190222,1,1,1,0,0,0.0
twr.org,20190205,1,0,1,1,0,0.0
twr.org,20190213,1,1,1,0,0,0.0
twr.org,20190220,1,1,1,1,0,0.0
yahoo,20190206,1,1,1,1,0,0.0
(direct),20190301,2,2,2,1,0,0.0
(direct),20190302,4,2,4,4,0,0.0
(direct),20190303,1,1,1,1,0,0.0
(direct),20190304,4,3,4,3,0,0.0
(direct),20190305,14,12,15,12,0,0.0
(direct),20190306,2,2,2,2,0,0.0
(direct),20190307,1,0,1,0,0,0.0
(direct),20190308,6,5,7,5,0,0.0
(direct),20190311,1,1,1,1,0,0.0
(direct),20190312,4,3,4,1,0,0.0
(direct),20190313,3,3,3,1,0,0.0
(direct),20190314,4,3,4,0,0,0.0
(direct),20190315,4,3,4,3,0,0.0
(direct),20190316,1,1,2,1,0,0.0
(direct),20190317,1,1,1,1,0,0.0
(direct),20190318,1,1,1,0,0,0.0
(direct),20190319,5,5,5,4,0,0.0
(direct),20190320,4,3,4,2,0,0.0
(direct),20190321,1,0,1,1,0,0.0
(direct),20190322,3,3,3,1,0,0.0
(direct),20190323,2,0,2,2,0,0.0
(direct),20190324,6,4,6,5,0,0.0
(direct),20190325,1,0,1,1,0,0.0
(direct),20190326,2,2,2,1,0,0.0
(direct),20190327,7,7,7,4,0,0.0
(direct),20190328,7,6,7,5,0,0.0
(direct),20190329,7,6,7,4,0,0.0
(direct),20190330,2,0,2,2,0,0.0
(direct),20190331,4,2,4,2,0,0.0
account.squarespace.com,20190301,1,0,1,0,0,0.0
account.squarespace.com,20190302,1,0,1,0,0,0.0
account.squarespace.com,20190305,1,0,1,0,0,0.0
account.squarespace.com,20190311,1,0,1,0,0,0.0
account.squarespace.com,20190313,1,0,1,0,0,0.0
bing,20190305,1,0,1,0,0,0.0
bing,20190310,1,1,1,0,0,0.0
bing,20190312,1,0,1,0,0,0.0
bing,20190319,1,0,1,1,0,0.0
cbozhe.com,20190303,1,1,1,1,0,0.0
coalicionporelevangelio.org,20190301,13,11,13,12,0,0.0
coalicionporelevangelio.org,20190302,10,8,11,7,0,0.0
coalicionporelevangelio.org,20190303,8,8,8,7,0,0.0
coalicionporelevangelio.org,20190320,1,1,1,1,0,0.0
coalicionporelevangelio.org,20190321,32,26,35,27,0,0.0
coalicionporelevangelio.org,20190322,20,18,20,15,0,0.0
coalicionporelevangelio.org,20190323,13,10,13,9,0,0.0
coalicionporelevangelio.org,20190324,14,12,17,13,0,0.0
coalicionporelevangelio.org,20190325,15,13,16,15,0,0.0
coalicionporelevangelio.org,20190326,17,14,17,11,0,0.0
coalicionporelevangelio.org,20190327,10,10,10,7,0,0.0
coalicionporelevangelio.org,20190328,1,0,1,1,0,0.0
duckduckgo,20190316,1,1,1,0,0,0.0
facebook.com,20190301,1,1,1,1,0,0.0
facebook.com,20190304,2,2,2,2,0,0.0
facebook.com,20190305,2,1,3,2,0,0.0
facebook.com,20190307,1,0,1,0,0,0.0
facebook.com,20190311,1,0,1,1,0,0.0
facebook.com,20190313,3,3,3,3,0,0.0
facebook.com,20190314,4,3,5,3,0,0.0
facebook.com,20190315,3,1,3,3,0,0.0
facebook.com,20190316,1,1,1,1,0,0.0
facebook.com,20190317,1,1,1,1,0,0.0
facebook.com,20190318,5,5,5,5,0,0.0
facebook.com,20190319,1,1,1,1,0,0.0
facebook.com,20190320,1,0,1,0,0,0.0
facebook.com,20190321,1,0,1,1,0,0.0
facebook.com,20190322,1,0,1,0,0,0.0
facebook.com,20190324,1,1,1,1,0,0.0
facebook.com,20190327,1,1,1,1,0,0.0
facebook.com,20190328,2,2,2,2,0,0.0
facebook.com,20190329,3,3,3,2,0,0.0
facebook.com,20190331,1,1,1,1,0,0.0
google,20190301,4,2,4,0,0,0.0
google,20190302,2,0,2,0,0,0.0
google,20190304,2,0,4,0,0,0.0
google,20190305,2,1,2,0,0,0.0
google,20190306,3,1,6,2,0,0.0
google,20190307,2,0,2,0,0,0.0
google,20190308,2,1,2,0,0,0.0
google,20190309,1,1,6,4,0,0.0
google,20190310,1,0,3,3,0,0.0
google,20190312,2,0,3,2,0,0.0
google,20190313,4,2,4,1,0,0.0
google,20190314,12,12,12,3,0,0.0
google,20190315,2,1,2,1,0,0.0
google,20190316,2,2,2,0,0,0.0
google,20190318,3,1,5,0,0,0.0
google,20190319,1,0,1,0,0,0.0
google,20190320,5,2,5,1,0,0.0
google,20190321,3,1,3,1,0,0.0
google,20190322,1,1,1,0,0,0.0
google,20190324,1,1,1,0,0,0.0
google,20190325,2,1,2,1,0,0.0
google,20190327,4,2,4,1,0,0.0
google,20190328,5,1,5,2,0,0.0
google,20190329,5,2,5,2,0,0.0
google,20190330,1,1,1,1,0,0.0
google,20190331,1,0,1,0,0,0.0
haventoday.ca,20190314,1,1,1,0,0,0.0
haventoday.ca,20190316,1,1,1,0,0,0.0
haventoday.org,20190307,4,1,4,2,0,0.0
haventoday.org,20190308,2,0,4,1,0,0.0
haventoday.org,20190309,2,2,2,1,0,0.0
haventoday.org,20190313,5,2,7,2,0,0.0
haventoday.org,20190314,4,2,4,2,0,0.0
haventoday.org,20190329,1,0,1,0,0,0.0
int.search.tb.ask.com,20190318,1,1,1,0,0,0.0
l.facebook.com,20190315,1,1,1,1,0,0.0
l.instagram.com,20190302,1,1,1,1,0,0.0
l.instagram.com,20190303,2,2,2,0,0,0.0
l.instagram.com,20190305,1,0,1,0,0,0.0
l.instagram.com,20190314,2,2,2,0,0,0.0
l.instagram.com,20190324,1,1,1,1,0,0.0
lm.facebook.com,20190311,1,1,1,1,0,0.0
lm.facebook.com,20190330,1,1,1,0,0,0.0
m.facebook.com,20190301,1,1,1,0,0,0.0
m.facebook.com,20190311,1,1,1,1,0,0.0
m.facebook.com,20190312,1,1,1,1,0,0.0
m.facebook.com,20190314,1,1,1,1,0,0.0
m.facebook.com,20190315,9,9,9,9,0,0.0
m.facebook.com,20190316,19,19,19,16,0,0.0
m.facebook.com,20190317,13,12,14,14,0,0.0
m.facebook.com,20190318,14,12,14,14,0,0.0
m.facebook.com,20190319,9,9,10,9,0,0.0
m.facebook.com,20190320,11,10,11,10,0,0.0
m.facebook.com,20190321,4,4,4,4,0,0.0
m.facebook.com,20190324,1,1,1,1,0,0.0
m.facebook.com,20190329,1,1,1,1,0,0.0
t.co,20190311,1,0,1,1,0,0.0
t.co,20190314,1,1,2,1,0,0.0
t.co,20190316,1,1,1,1,0,0.0
t.co,20190318,2,1,3,1,0,0.0
t.co,20190319,1,1,1,0,0,0.0
t.co,20190320,1,0,1,1,0,0.0
t.co,20190322,1,1,1,1,0,0.0
yahoo,20190305,1,0,1,0,0,0.0
yahoo,20190306,1,0,1,1,0,0.0
(direct),20190401,3,2,4,2,0,0.0
(direct),20190402,4,3,4,3,0,0.0
(direct),20190403,1,0,1,1,0,0.0
(direct),20190404,4,4,4,3,0,0.0
(direct),20190406,4,3,4,3,0,0.0
(direct),20190407,1,1,1,0,0,0.0
(direct),20190408,1,1,1,1,0,0.0
(direct),20190409,2,2,2,1,0,0.0
(direct),20190410,1,1,2,0,0,0.0
(direct),20190412,4,1,4,2,0,0.0
(direct),20190413,3,2,3,1,0,0.0
(direct),20190414,1,0,1,1,0,0.0
(direct),20190415,3,2,3,1,0,0.0
(direct),20190416,2,0,2,1,0,0.0
(direct),20190417,1,1,1,1,0,0.0
(direct),20190418,3,2,4,2,0,0.0
(direct),20190419,2,2,2,2,0,0.0
(direct),20190420,1,0,1,0,0,0.0
(direct),20190422,1,1,1,1,0,0.0
(direct),20190423,1,0,1,0,0,0.0
(direct),20190425,1,1,1,0,0,0.0
(direct),20190426,2,2,2,1,0,0.0
(direct),20190427,3,2,3,0,0,0.0
(direct),20190428,2,1,3,3,0,0.0
(direct),20190429,1,1,1,1,0,0.0
(direct),20190430,3,3,3,2,0,0.0
account.squarespace.com,20190409,1,0,1,0,0,0.0
account.squarespace.com,20190411,1,0,1,1,0,0.0
account.squarespace.com,20190412,1,0,1,0,0,0.0
account.squarespace.com,20190415,1,0,1,0,0,0.0
bing,20190416,1,0,2,0,0,0.0
bing,20190418,1,0,1,0,0,0.0
bing,20190423,1,0,1,1,0,0.0
coalicionporelevangelio.org,20190403,1,0,3,3,0,0.0
coalicionporelevangelio.org,20190404,1,0,1,1,0,0.0
coalicionporelevangelio.org,20190410,1,0,1,0,0,0.0
coalicionporelevangelio.org,20190412,14,11,15,10,0,0.0
coalicionporelevangelio.org,20190413,11,8,12,9,0,0.0
coalicionporelevangelio.org,20190414,11,9,12,6,0,0.0
coalicionporelevangelio.org,20190415,4,1,4,4,0,0.0
coalicionporelevangelio.org,20190417,10,7,10,8,0,0.0
coalicionporelevangelio.org,20190418,7,6,8,6,0,0.0
coalicionporelevangelio.org,20190419,16,13,17,14,0,0.0
coalicionporelevangelio.org,20190420,11,9,11,8,0,0.0
coalicionporelevangelio.org,20190421,9,9,9,9,0,0.0
coalicionporelevangelio.org,20190422,3,3,3,2,0,0.0
coalicionporelevangelio.org,20190424,1,0,1,1,0,0.0
coalicionporelevangelio.org,20190428,1,1,1,1,0,0.0
facebook.com,20190401,1,1,1,1,0,0.0
facebook.com,20190402,4,3,5,5,0,0.0
facebook.com,20190403,5,5,5,4,0,0.0
facebook.com,20190404,5,3,5,3,0,0.0
facebook.com,20190405,3,3,3,3,0,0.0
facebook.com,20190406,3,3,3,2,0,0.0
facebook.com,20190407,4,4,4,4,0,0.0
facebook.com,20190408,1,1,1,1,0,0.0
facebook.com,20190409,4,2,4,3,0,0.0
facebook.com,20190410,1,1,1,1,0,0.0
facebook.com,20190411,1,1,1,1,0,0.0
facebook.com,20190412,2,2,2,2,0,0.0
facebook.com,20190414,1,1,1,1,0,0.0
facebook.com,20190416,1,1,1,1,0,0.0
facebook.com,20190418,2,1,3,2,0,0.0
facebook.com,20190422,1,1,1,1,0,0.0
facebook.com,20190423,1,0,1,0,0,0.0
facebook.com,20190430,3,3,3,3,0,0.0
google,20190401,3,2,5,2,0,0.0
google,20190402,3,2,3,1,0,0.0
google,20190403,4,2,4,0,0,0.0
google,20190404,3,1,3,0,0,0.0
google,20190405,4,3,4,1,0,0.0
google,20190406,2,2,2,1,0,0.0
google,20190408,4,2,7,5,0,0.0
google,20190409,2,0,5,2,0,0.0
google,20190410,4,2,4,3,0,0.0
google,20190412,2,0,2,0,0,0.0
google,20190413,2,1,6,4,0,0.0
google,20190414,1,0,3,2,0,0.0
google,20190415,1,1,1,0,0,0.0
google,20190416,1,0,1,0,0,0.0
google,20190417,1,1,1,0,0,0.0
google,20190418,3,2,3,1,0,0.0
google,20190422,3,2,4,1,0,0.0
google,20190423,1,1,2,0,0,0.0
google,20190425,4,1,4,2,0,0.0
google,20190426,3,2,3,2,0,0.0
google,20190427,2,1,2,1,0,0.0
google,20190428,1,0,1,0,0,0.0
google,20190429,5,3,6,0,0,0.0
google,20190430,2,2,2,0,0,0.0
haventoday.org,20190403,1,0,1,0,0,0.0
haventoday.org,20190410,2,1,2,0,0,0.0
janielblog.top,20190414,1,1,1,1,0,0.0
l.facebook.com,20190404,1,1,1,1,0,0.0
l.facebook.com,20190408,2,2,2,1,0,0.0
l.facebook.com,20190415,1,1,1,0,0,0.0
l.instagram.com,20190413,1,1,1,0,0,0.0
l.instagram.com,20190422,1,1,1,0,0,0.0
l.instagram.com,20190428,1,1,1,1,0,0.0
m.facebook.com,20190402,10,10,10,9,0,0.0
m.facebook.com,20190403,6,6,6,6,0,0.0
m.facebook.com,20190404,13,13,13,12,0,0.0
m.facebook.com,20190405,7,7,7,7,0,0.0
m.facebook.com,20190406,4,4,4,4,0,0.0
m.facebook.com,20190407,13,13,13,12,0,0.0
m.facebook.com,20190408,16,16,16,15,0,0.0
m.facebook.com,20190409,2,2,2,2,0,0.0
m.facebook.com,20190410,1,1,1,0,0,0.0
m.facebook.com,20190423,2,2,2,1,0,0.0
m.facebook.com,20190429,1,1,1,0,0,0.0
t.co,20190402,1,0,1,0,0,0.0
t.co,20190418,1,1,1,0,0,0.0
yahoo,20190401,1,1,1,0,0,0.0
(direct),20190501,1,0,1,0,0,0.0
(direct),20190502,2,1,3,1,0,0.0
(direct),20190504,1,1,1,1,0,0.0
(direct),20190506,2,1,2,1,0,0.0
(direct),20190507,5,2,7,1,0,0.0
(direct),20190509,2,1,2,0,0,0.0
(direct),20190510,1,0,1,0,0,0.0
(direct),20190512,1,1,1,1,0,0.0
(direct),20190513,2,0,3,1,0,0.0
(direct),20190514,5,3,6,3,0,0.0
(direct),20190515,3,1,3,0,0,0.0
(direct),20190516,3,2,4,1,0,0.0
(direct),20190517,1,0,1,0,0,0.0
(direct),20190520,2,2,3,0,0,0.0
(direct),20190521,3,2,5,2,0,0.0
(direct),20190522,1,1,1,1,0,0.0
(direct),20190523,1,1,1,0,0,0.0
(direct),20190524,3,2,3,1,0,0.0
(direct),20190525,3,2,3,2,0,0.0
(direct),20190526,22,22,22,21,0,0.0
(direct),20190527,2,1,2,1,0,0.0
(direct),20190528,4,2,4,3,0,0.0
(direct),20190529,2,2,2,1,0,0.0
(direct),20190530,1,0,1,0,0,0.0
account.squarespace.com,20190507,1,0,1,0,0,0.0
account.squarespace.com,20190514,1,0,1,0,0,0.0
account.squarespace.com,20190515,1,0,1,0,0,0.0
account.squarespace.com,20190521,1,0,1,0,0,0.0
coalicionporelevangelio.org,20190504,1,0,1,0,0,0.0
coalicionporelevangelio.org,20190506,2,0,2,0,0,0.0
coalicionporelevangelio.org,20190509,1,1,1,1,0,0.0
coalicionporelevangelio.org,20190510,9,6,9,9,0,0.0
coalicionporelevangelio.org,20190511,3,3,3,1,0,0.0
coalicionporelevangelio.org,20190512,5,4,5,5,0,0.0
coalicionporelevangelio.org,20190513,3,2,3,2,0,0.0
coalicionporelevangelio.org,20190515,1,0,1,1,0,0.0
coalicionporelevangelio.org,20190516,1,0,1,1,0,0.0
coalicionporelevangelio.org,20190517,5,4,5,5,0,0.0
coalicionporelevangelio.org,20190518,2,2,2,1,0,0.0
coalicionporelevangelio.org,20190519,3,3,3,1,0,0.0
coalicionporelevangelio.org,20190522,1,0,1,0,0,0.0
coalicionporelevangelio.org,20190523,7,4,8,8,0,0.0
coalicionporelevangelio.org,20190524,8,7,9,7,0,0.0
coalicionporelevangelio.org,20190525,5,3,5,3,0,0.0
coalicionporelevangelio.org,20190526,2,2,2,2,0,0.0
coalicionporelevangelio.org,20190527,1,1,1,0,0,0.0
coalicionporelevangelio.org,20190529,2,1,2,1,0,0.0
coalicionporelevangelio.org,20190530,8,6,8,7,0,0.0
coalicionporelevangelio.org,20190531,4,4,5,4,0,0.0
daisye.top,20190529,1,1,1,1,0,0.0
dev.haventoday.org,20190518,1,1,1,0,0,0.0
facebook.com,20190515,1,0,1,0,0,0.0
facebook.com,20190517,1,1,2,1,0,0.0
facebook.com,20190522,1,0,1,0,0,0.0
facebook.com,20190523,1,1,1,0,0,0.0
facebook.com,20190529,1,1,1,1,0,0.0
facebook.com,20190531,1,1,1,1,0,0.0
google,20190501,1,1,1,0,0,0.0
google,20190505,1,1,1,1,0,0.0
google,20190506,1,1,1,0,0,0.0
google,20190507,1,0,1,0,0,0.0
google,20190508,1,1,1,0,0,0.0
google,20190509,1,1,1,0,0,0.0
google,20190510,1,1,1,0,0,0.0
google,20190511,1,0,1,1,0,0.0
google,20190513,2,0,2,1,0,0.0
google,20190514,3,2,4,2,0,0.0
google,20190515,2,2,3,1,0,0.0
google,20190516,1,0,2,1,0,0.0
google,20190517,2,2,2,1,0,0.0
google,20190518,4,3,6,0,0,0.0
google,20190519,2,1,3,1,0,0.0
google,20190521,1,0,1,0,0,0.0
google,20190522,5,1,8,3,0,0.0
google,20190523,3,1,3,2,0,0.0
google,20190525,1,1,1,0,0,0.0
google,20190527,1,1,1,0,0,0.0
google,20190528,2,1,2,1,0,0.0
google,20190529,3,2,3,0,0,0.0
haventoday.org,20190520,1,1,1,0,0,0.0
l.facebook.com,20190508,1,1,1,0,0,0.0
l.facebook.com,20190528,1,1,1,0,0,0.0
l.facebook.com,20190530,1,0,1,0,0,0.0
l.instagram.com,20190506,1,1,1,1,0,0.0
l.instagram.com,20190525,1,1,1,1,0,0.0
m.facebook.com,20190503,1,1,1,1,0,0.0
m.facebook.com,20190504,1,1,1,0,0,0.0
m.facebook.com,20190505,1,1,1,0,0,0.0
m.facebook.com,20190513,1,1,1,1,0,0.0
m.facebook.com,20190516,1,1,1,1,0,0.0
m.facebook.com,20190517,4,4,5,1,0,0.0
m.facebook.com,20190518,1,1,1,0,0,0.0
m.facebook.com,20190521,1,1,1,0,0,0.0
m.facebook.com,20190523,1,1,1,1,0,0.0
m.facebook.com,20190524,1,1,1,1,0,0.0
m.facebook.com,20190527,1,1,1,0,0,0.0
m.facebook.com,20190530,1,1,1,0,0,0.0
mail.google.com,20190522,1,1,1,1,0,0.0
t.co,20190521,1,1,1,0,0,0.0
t.co,20190522,1,1,1,0,0,0.0
teresablog.top,20190508,1,1,1,1,0,0.0
wix-visual-data.appspot.com,20190519,1,1,1,1,0,0.0
yahoo,20190512,1,1,1,0,0,0.0
(direct),20190601,1,0,1,0,0,0.0
(direct),20190602,1,1,1,0,0,0.0
(direct),20190603,2,1,2,0,0,0.0
(direct),20190604,3,2,3,2,0,0.0
(direct),20190605,3,1,3,2,0,0.0
(direct),20190606,15,14,15,13,0,0.0
(direct),20190607,13,10,15,10,0,0.0
(direct),20190609,1,1,1,1,0,0.0
(direct),20190610,3,1,3,1,0,0.0
(direct),20190611,2,0,2,0,0,0.0
(direct),20190612,3,2,4,1,0,0.0
(direct),20190613,1,0,1,0,0,0.0
(direct),20190614,4,3,4,3,0,0.0
(direct),20190615,2,1,4,4,0,0.0
(direct),20190617,3,2,3,2,0,0.0
(direct),20190618,2,2,2,1,0,0.0
(direct),20190619,1,1,1,0,0,0.0
(direct),20190620,2,1,2,0,0,0.0
(direct),20190621,4,3,4,2,0,0.0
(direct),20190622,1,1,1,0,0,0.0
(direct),20190624,5,2,5,2,0,0.0
(direct),20190628,1,0,1,0,0,0.0
(direct),20190629,1,0,1,1,0,0.0
bing,20190603,1,1,1,0,0,0.0
bing,20190604,1,1,1,0,0,0.0
bing,20190605,1,1,1,0,0,0.0
coalicionporelevangelio.org,20190601,6,5,6,6,0,0.0
coalicionporelevangelio.org,20190602,5,5,5,4,0,0.0
coalicionporelevangelio.org,20190603,1,1,1,1,0,0.0
coalicionporelevangelio.org,20190610,1,0,1,0,0,0.0
coalicionporelevangelio.org,20190611,1,0,1,0,0,0.0
coalicionporelevangelio.org,20190613,27,23,28,22,0,0.0
coalicionporelevangelio.org,20190614,21,18,22,18,0,0.0
coalicionporelevangelio.org,20190615,20,15,20,17,0,0.0
coalicionporelevangelio.org,20190616,9,7,9,7,0,0.0
coalicionporelevangelio.org,20190617,21,19,22,16,0,0.0
coalicionporelevangelio.org,20190619,1,0,1,1,0,0.0
coalicionporelevangelio.org,20190620,1,0,1,0,0,0.0
coalicionporelevangelio.org,20190624,1,0,1,1,0,0.0
coalicionporelevangelio.org,20190627,21,14,22,16,0,0.0
coalicionporelevangelio.org,20190628,15,14,16,13,0,0.0
coalicionporelevangelio.org,20190629,10,9,11,10,0,0.0
coalicionporelevangelio.org,20190630,7,5,7,6,0,0.0
duckduckgo,20190607,1,1,1,0,0,0.0
facebook.com,20190605,1,1,1,1,0,0.0
facebook.com,20190607,1,1,1,1,0,0.0
facebook.com,20190612,1,1,1,1,0,0.0
facebook.com,20190618,1,1,1,1,0,0.0
facebook.com,20190619,1,1,1,0,0,0.0
facebook.com,20190625,1,1,1,1,0,0.0
google,20190602,2,0,2,0,0,0.0
google,20190603,2,0,3,0,0,0.0
google,20190604,2,0,2,0,0,0.0
google,20190605,1,0,1,0,0,0.0
google,20190606,3,2,3,0,0,0.0
google,20190607,3,2,3,1,0,0.0
google,20190610,2,1,2,0,0,0.0
google,20190611,1,1,1,0,0,0.0
google,20190612,1,1,1,0,0,0.0
google,20190613,1,1,1,0,0,0.0
google,20190614,1,0,1,0,0,0.0
google,20190615,1,0,1,1,0,0.0
google,20190616,2,2,2,0,0,0.0
google,20190617,1,0,1,0,0,0.0
google,20190618,2,2,2,0,0,0.0
google,20190620,2,2,2,0,0,0.0
google,20190621,1,1,1,0,0,0.0
google,20190622,2,1,3,1,0,0.0
google,20190623,2,2,4,3,0,0.0
google,20190624,1,0,1,0,0,0.0
google,20190627,2,1,2,1,0,0.0
google,20190630,1,1,1,1,0,0.0
haventoday.ca,20190623,1,1,1,0,0,0.0
haventoday.org,20190608,1,1,1,1,0,0.0
haventoday.org,20190610,3,3,3,2,0,0.0
haventoday.org,20190611,1,0,1,1,0,0.0
haventoday.org,20190612,1,0,1,0,0,0.0
haventoday.org,20190614,3,3,3,3,0,0.0
haventoday.org,20190616,1,1,1,0,0,0.0
haventoday.org,20190617,1,1,1,1,0,0.0
haventoday.org,20190618,2,1,3,1,0,0.0
haventoday.org,20190620,2,2,2,2,0,0.0
haventoday.org,20190621,3,3,3,3,0,0.0
haventoday.org,20190622,2,1,2,2,0,0.0
haventoday.org,20190625,3,3,3,1,0,0.0
l.facebook.com,20190605,1,1,1,0,0,0.0
l.facebook.com,20190614,1,0,1,1,0,0.0
l.facebook.com,20190624,1,1,1,0,0,0.0
l.facebook.com,20190627,1,0,1,0,0,0.0
l.facebook.com,20190629,1,0,1,0,0,0.0
l.instagram.com,20190609,1,1,1,1,0,0.0
l.instagram.com,20190613,1,1,1,0,0,0.0
l.instagram.com,20190617,1,1,1,0,0,0.0
l.instagram.com,20190618,1,1,1,0,0,0.0
l.instagram.com,20190622,1,1,1,1,0,0.0
m.facebook.com,20190603,1,1,1,1,0,0.0
m.facebook.com,20190611,1,0,1,0,0,0.0
m.facebook.com,20190624,1,1,1,0,0,0.0
m.facebook.com,20190628,1,1,1,0,0,0.0
t.co,20190602,1,1,1,0,0,0.0
t.co,20190605,1,1,1,0,0,0.0
t.co,20190612,1,1,1,0,0,0.0
t.co,20190614,1,1,1,1,0,0.0
(direct),20190701,4,3,4,2,0,0.0
(direct),20190702,3,3,4,3,0,0.0
(direct),20190703,2,1,3,3,0,0.0
(direct),20190704,1,0,2,1,0,0.0
(direct),20190705,2,0,2,1,0,0.0
(direct),20190706,1,0,2,0,0,0.0
(direct),20190707,1,0,1,0,0,0.0
(direct),20190708,6,4,7,2,0,0.0
(direct),20190709,1,0,1,0,0,0.0
(direct),20190710,1,0,1,0,0,0.0
(direct),20190712,2,2,2,2,0,0.0
(direct),20190714,2,2,3,2,0,0.0
(direct),20190715,1,1,1,1,0,0.0
(direct),20190716,2,0,2,1,0,0.0
(direct),20190717,3,2,4,1,0,0.0
(direct),20190718,2,0,2,1,0,0.0
(direct),20190719,2,1,3,1,0,0.0
(direct),20190720,4,4,4,3,0,0.0
(direct),20190721,1,1,1,0,0,0.0
(direct),20190722,3,0,4,2,0,0.0
(direct),20190723,3,2,3,1,0,0.0
(direct),20190724,5,4,5,1,0,0.0
(direct),20190725,3,1,4,1,0,0.0
(direct),20190726,3,1,5,1,0,0.0
(direct),20190727,3,3,3,2,0,0.0
(direct),20190728,1,1,1,0,0,0.0
(direct),20190729,2,1,3,0,0,0.0
(direct),20190730,6,3,6,4,0,0.0
(direct),20190731,2,1,2,1,0,0.0
account.squarespace.com,20190726,1,0,1,0,0,0.0
account.squarespace.com,20190730,1,0,2,0,0,0.0
bing,20190716,1,0,1,0,0,0.0
bing,20190725,1,1,1,0,0,0.0
coalicionporelevangelio.org,20190701,15,11,15,9,0,0.0
coalicionporelevangelio.org,20190702,17,14,19,16,0,0.0
coalicionporelevangelio.org,20190703,14,12,15,9,0,0.0
coalicionporelevangelio.org,20190704,15,8,17,13,0,0.0
coalicionporelevangelio.org,20190705,15,11,15,12,0,0.0
coalicionporelevangelio.org,20190706,8,8,8,7,0,0.0
coalicionporelevangelio.org,20190707,6,5,6,5,0,0.0
coalicionporelevangelio.org,20190708,1,0,2,1,0,0.0
coalicionporelevangelio.org,20190709,2,1,2,1,0,0.0
coalicionporelevangelio.org,20190710,1,0,1,1,0,0.0
coalicionporelevangelio.org,20190711,3,2,3,3,0,0.0
coalicionporelevangelio.org,20190712,7,4,9,7,0,0.0
coalicionporelevangelio.org,20190713,5,2,5,3,0,0.0
coalicionporelevangelio.org,20190714,4,3,4,4,0,0.0
coalicionporelevangelio.org,20190716,2,0,2,2,0,0.0
coalicionporelevangelio.org,20190718,1,0,1,1,0,0.0
coalicionporelevangelio.org,20190719,1,0,1,1,0,0.0
coalicionporelevangelio.org,20190722,1,0,1,1,0,0.0
coalicionporelevangelio.org,20190726,1,0,2,0,0,0.0
coalicionporelevangelio.org,20190729,1,0,3,2,0,0.0
coalicionporelevangelio.org,20190730,1,0,1,0,0,0.0
dev.haventoday.org,20190701,1,0,1,1,0,0.0
dev.haventoday.org,20190704,1,0,2,1,0,0.0
facebook.com,20190728,1,1,1,1,0,0.0
google,20190701,3,3,3,2,0,0.0
google,20190702,3,1,3,1,0,0.0
google,20190703,1,1,1,0,0,0.0
google,20190704,1,0,1,1,0,0.0
google,20190706,2,2,2,0,0,0.0
google,20190707,1,1,1,1,0,0.0
google,20190708,3,2,4,1,0,0.0
google,20190710,1,1,1,1,0,0.0
google,20190711,1,1,1,0,0,0.0
google,20190715,3,1,3,1,0,0.0
google,20190717,3,2,3,0,0,0.0
google,20190719,1,0,1,0,0,0.0
google,20190722,4,4,4,0,0,0.0
google,20190723,7,5,9,3,0,0.0
google,20190724,7,7,8,2,0,0.0
google,20190725,5,5,5,1,0,0.0
google,20190726,4,2,4,1,0,0.0
google,20190727,2,1,2,1,0,0.0
google,20190728,2,2,2,1,0,0.0
google,20190730,2,1,2,1,0,0.0
google,20190731,1,0,1,1,0,0.0
haventoday.ca,20190719,1,1,1,0,0,0.0
haventoday.org,20190701,1,0,1,0,0,0.0
haventoday.org,20190717,1,1,1,1,0,0.0
haventoday.org,20190718,1,1,1,0,0,0.0
haventoday.org,20190719,6,6,6,3,0,0.0
haventoday.org,20190720,1,1,1,0,0,0.0
haventoday.org,20190722,1,0,1,0,0,0.0
haventoday.org,20190723,1,1,1,0,0,0.0
haventoday.org,20190724,1,0,1,1,0,0.0
haventoday.org,20190725,1,0,1,0,0,0.0
haventoday.org,20190726,1,0,2,0,0,0.0
haventoday.org,20190730,1,0,2,0,0,0.0
l.facebook.com,20190701,1,1,1,1,0,0.0
l.facebook.com,20190703,1,0,3,1,0,0.0
l.facebook.com,20190706,2,2,2,0,0,0.0
l.facebook.com,20190713,1,1,1,0,0,0.0
l.instagram.com,20190701,1,1,1,0,0,0.0
l.instagram.com,20190704,1,1,1,0,0,0.0
l.instagram.com,20190705,2,1,3,1,0,0.0
l.instagram.com,20190706,2,2,2,0,0,0.0
l.instagram.com,20190716,1,1,1,1,0,0.0
l.instagram.com,20190722,1,0,1,0,0,0.0
lm.facebook.com,20190702,1,1,1,0,0,0.0
lm.facebook.com,20190718,1,1,1,0,0,0.0
m.facebook.com,20190701,1,0,1,0,0,0.0
m.facebook.com,20190702,1,1,1,0,0,0.0
m.facebook.com,20190704,2,2,2,1,0,0.0
m.facebook.com,20190705,1,0,1,1,0,0.0
m.facebook.com,20190708,1,1,1,1,0,0.0
m.facebook.com,20190709,1,1,1,0,0,0.0
m.facebook.com,20190710,1,1,1,0,0,0.0
m.facebook.com,20190711,1,1,1,0,0,0.0
m.facebook.com,20190713,1,1,1,0,0,0.0
m.facebook.com,20190722,1,1,1,1,0,0.0
m.facebook.com,20190724,1,1,1,0,0,0.0
m.facebook.com,20190731,1,1,1,0,0,0.0
t.co,20190702,1,1,1,0,0,0.0
t.co,20190704,1,1,1,0,0,0.0
t.co,20190713,1,1,1,1,0,0.0
twr360.org,20190729,1,0,1,0,0,0.0
yahoo,20190718,1,1,1,0,0,0.0
(direct),20190801,2,0,2,0,0,0.0
(direct),20190802,3,1,3,1,0,0.0
(direct),20190803,2,2,2,2,0,0.0
(direct),20190804,1,1,1,1,0,0.0
(direct),20190805,2,1,2,1,0,0.0
(direct),20190806,3,0,3,1,0,0.0
(direct),20190808,2,2,2,0,0,0.0
(direct),20190809,3,3,3,2,0,0.0
(direct),20190810,1,1,1,1,0,0.0
(direct),20190811,1,0,1,1,0,0.0
(direct),20190812,6,4,10,2,0,0.0
(direct),20190813,5,3,6,3,0,0.0
(direct),20190814,2,1,2,1,0,0.0
(direct),20190815,3,1,3,0,0,0.0
(direct),20190816,1,1,1,0,0,0.0
(direct),20190817,1,0,1,0,0,0.0
(direct),20190819,5,3,6,4,0,0.0
(direct),20190820,6,6,7,6,0,0.0
(direct),20190821,2,0,2,2,0,0.0
(direct),20190822,6,5,8,3,0,0.0
(direct),20190823,3,1,3,2,0,0.0
(direct),20190824,1,1,1,1,0,0.0
(direct),20190825,2,2,3,3,0,0.0
(direct),20190826,4,4,4,4,0,0.0
(direct),20190827,4,2,5,3,0,0.0
(direct),20190828,5,4,5,4,0,0.0
(direct),20190829,8,7,8,3,0,0.0
(direct),20190830,6,6,6,4,0,0.0
(direct),20190831,2,1,4,3,0,0.0
account.squarespace.com,20190805,1,0,1,0,0,0.0
account.squarespace.com,20190806,1,0,4,1,0,0.0
account.squarespace.com,20190809,1,0,2,1,0,0.0
account.squarespace.com,20190812,1,0,4,0,0,0.0
account.squarespace.com,20190819,1,0,3,0,0,0.0
account.squarespace.com,20190823,1,0,1,0,0,0.0
account.squarespace.com,20190830,1,0,2,0,0,0.0
baidu.com,20190829,1,1,1,1,0,0.0
bing,20190828,1,1,1,0,0,0.0
coalicionporelevangelio.org,20190812,1,0,3,1,0,0.0
coalicionporelevangelio.org,20190813,1,0,6,3,0,0.0
coalicionporelevangelio.org,20190819,1,0,2,0,0,0.0
coalicionporelevangelio.org,20190820,1,0,1,1,0,0.0
coalicionporelevangelio.org,20190822,4,3,4,3,0,0.0
coalicionporelevangelio.org,20190823,20,13,21,15,0,0.0
coalicionporelevangelio.org,20190824,16,13,17,16,0,0.0
coalicionporelevangelio.org,20190825,18,14,20,18,0,0.0
coalicionporelevangelio.org,20190826,16,14,17,14,0,0.0
coalicionporelevangelio.org,20190827,2,0,2,2,0,0.0
coalicionporelevangelio.org,20190828,1,0,2,2,0,0.0
coalicionporelevangelio.org,20190829,16,12,18,14,0,0.0
coalicionporelevangelio.org,20190830,16,13,17,13,0,0.0
coalicionporelevangelio.org,20190831,9,7,9,8,0,0.0
facebook.com,20190805,1,1,1,1,0,0.0
facebook.com,20190812,2,2,2,2,0,0.0
facebook.com,20190819,3,3,3,3,0,0.0
facebook.com,20190820,5,5,5,4,0,0.0
facebook.com,20190821,1,1,1,0,0,0.0
facebook.com,20190822,11,11,13,4,0,0.0
facebook.com,20190823,7,7,9,5,0,0.0
facebook.com,20190824,3,3,3,3,0,0.0
facebook.com,20190825,1,1,1,0,0,0.0
facebook.com,20190826,3,3,3,1,0,0.0
facebook.com,20190827,4,4,5,3,0,0.0
facebook.com,20190828,4,4,4,2,0,0.0
facebook.com,20190829,3,3,3,0,0,0.0
facebook.com,20190830,3,2,3,3,0,0.0
google,20190801,2,2,2,1,0,0.0
google,20190802,1,1,1,0,0,0.0
google,20190803,2,2,3,1,0,0.0
google,20190804,1,0,1,0,0,0.0
google,20190805,1,0,1,0,0,0.0
google,20190806,3,2,3,1,0,0.0
google,20190807,2,0,2,2,0,0.0
google,20190808,2,2,2,1,0,0.0
google,20190809,1,1,1,0,0,0.0
google,20190812,2,2,2,0,0,0.0
google,20190813,2,2,3,0,0,0.0
google,20190814,1,0,1,0,0,0.0
google,20190816,1,1,1,0,0,0.0
google,20190820,1,1,1,0,0,0.0
google,20190821,3,3,3,2,0,0.0
google,20190822,4,2,4,2,0,0.0
google,20190823,1,0,1,0,0,0.0
google,20190824,2,2,2,0,0,0.0
google,20190825,3,3,5,3,0,0.0
google,20190826,2,1,4,3,0,0.0
google,20190828,1,0,2,1,0,0.0
google,20190829,4,3,4,1,0,0.0
google,20190830,3,1,4,1,0,0.0
google,20190831,1,1,1,0,0,0.0
haventoday.org,20190808,1,0,1,0,0,0.0
haventoday.org,20190809,1,0,1,0,0,0.0
haventoday.org,20190816,1,1,1,0,0,0.0
instagram.com,20190819,3,3,3,3,0,0.0
instagram.com,20190820,2,2,2,2,0,0.0
instagram.com,20190821,2,2,2,2,0,0.0
instagram.com,20190824,1,1,1,1,0,0.0
instagram.com,20190825,2,2,2,2,0,0.0
instagram.com,20190826,3,3,4,3,0,0.0
instagram.com,20190827,1,1,1,1,0,0.0
instagram.com,20190829,1,1,1,1,0,0.0
instagram.com,20190830,3,3,3,2,0,0.0
instagram.com,20190831,1,1,1,1,0,0.0
l.facebook.com,20190802,1,1,1,0,0,0.0
l.facebook.com,20190809,1,1,1,0,0,0.0
l.facebook.com,20190815,1,1,1,0,0,0.0
l.facebook.com,20190816,1,1,1,0,0,0.0
l.facebook.com,20190819,3,3,3,3,0,0.0
l.facebook.com,20190820,2,2,2,2,0,0.0
l.facebook.com,20190821,5,5,5,4,0,0.0
l.facebook.com,20190822,2,2,2,2,0,0.0
l.facebook.com,20190823,2,2,2,2,0,0.0
l.facebook.com,20190824,1,1,1,0,0,0.0
l.facebook.com,20190825,3,2,3,1,0,0.0
l.facebook.com,20190826,3,3,3,2,0,0.0
l.facebook.com,20190827,1,1,1,1,0,0.0
l.facebook.com,20190828,2,2,2,2,0,0.0
l.facebook.com,20190829,5,3,7,4,0,0.0
l.facebook.com,20190830,4,3,4,2,0,0.0
l.instagram.com,20190815,1,1,1,0,0,0.0
lm.facebook.com,20190821,1,1,1,1,0,0.0
lm.facebook.com,20190826,1,1,1,0,0,0.0
m.facebook.com,20190812,2,2,2,2,0,0.0
m.facebook.com,20190819,13,13,13,12,0,0.0
m.facebook.com,20190820,32,32,32,26,0,0.0
m.facebook.com,20190821,27,26,27,21,0,0.0
m.facebook.com,20190822,16,16,16,15,0,0.0
m.facebook.com,20190823,18,16,18,13,0,0.0
m.facebook.com,20190824,22,21,22,20,0,0.0
m.facebook.com,20190825,27,26,27,21,0,0.0
m.facebook.com,20190826,27,23,27,23,0,0.0
m.facebook.com,20190827,20,19,21,19,0,0.0
m.facebook.com,20190828,22,21,22,15,0,0.0
m.facebook.com,20190829,25,25,27,25,0,0.0
m.facebook.com,20190830,19,18,20,17,0,0.0
m.facebook.com,20190831,9,9,9,7,0,0.0
t.co,20190812,1,1,1,0,0,0.0
t.co,20190828,2,2,2,1,0,0.0
t.co,20190829,1,0,1,0,0,0.0
twr360.org,20190801,1,0,1,1,0,0.0
yahoo,20190826,1,1,1,1,0,0.0
(direct),20190902,4,3,4,1,0,0.0
(direct),20190903,2,2,2,0,0,0.0
(direct),20190905,1,0,1,0,0,0.0
(direct),20190906,2,1,2,1,0,0.0
(direct),20190907,2,1,2,2,0,0.0
(direct),20190910,2,1,2,1,0,0.0
(direct),20190911,1,0,1,1,0,0.0
(direct),20190912,1,1,1,0,0,0.0
(direct),20190913,1,0,1,0,0,0.0
(direct),20190914,1,1,1,0,0,0.0
(direct),20190916,2,2,2,1,0,0.0
(direct),20190917,4,4,4,4,0,0.0
(direct),20190918,4,4,4,3,0,0.0
(direct),20190919,5,5,6,4,0,0.0
(direct),20190920,2,1,2,1,0,0.0
(direct),20190921,1,1,1,0,0,0.0
(direct),20190923,2,1,2,1,0,0.0
(direct),20190924,1,0,1,1,0,0.0
(direct),20190925,1,1,1,1,0,0.0
(direct),20190926,2,1,2,1,0,0.0
(direct),20190928,3,1,4,2,0,0.0
(direct),20190930,2,1,2,1,0,0.0
account.squarespace.com,20190902,1,0,1,0,0,0.0
baidu.com,20190902,1,1,1,1,0,0.0
baidu.com,20190919,1,1,1,1,0,0.0
coalicionporelevangelio.org,20190901,10,10,10,7,0,0.0
coalicionporelevangelio.org,20190902,10,8,11,9,0,0.0
coalicionporelevangelio.org,20190903,1,0,1,1,0,0.0
coalicionporelevangelio.org,20190904,1,0,4,4,0,0.0
coalicionporelevangelio.org,20190905,2,0,5,5,0,0.0
coalicionporelevangelio.org,20190913,8,4,8,6,0,0.0
coalicionporelevangelio.org,20190914,5,3,5,5,0,0.0
coalicionporelevangelio.org,20190915,1,1,1,1,0,0.0
coalicionporelevangelio.org,20190916,8,8,8,6,0,0.0
coalicionporelevangelio.org,20190917,2,2,2,2,0,0.0
coalicionporelevangelio.org,20190919,26,21,29,27,0,0.0
coalicionporelevangelio.org,20190920,31,27,34,28,0,0.0
coalicionporelevangelio.org,20190921,11,9,11,10,0,0.0
coalicionporelevangelio.org,20190922,18,14,18,15,0,0.0
coalicionporelevangelio.org,20190923,10,6,12,11,0,0.0
coalicionporelevangelio.org,20190924,3,0,4,3,0,0.0
coalicionporelevangelio.org,20190925,2,0,3,3,0,0.0
coalicionporelevangelio.org,20190926,13,8,16,12,0,0.0
coalicionporelevangelio.org,20190927,10,8,11,9,0,0.0
coalicionporelevangelio.org,20190928,11,7,11,11,0,0.0
coalicionporelevangelio.org,20190929,3,2,3,2,0,0.0
coalicionporelevangelio.org,20190930,4,3,5,2,0,0.0
duckduckgo,20190911,1,1,1,1,0,0.0
facebook.com,20190902,1,0,2,1,0,0.0
facebook.com,20190907,1,0,1,0,0,0.0
facebook.com,20190908,1,0,1,0,0,0.0
facebook.com,20190910,1,1,1,0,0,0.0
facebook.com,20190915,1,0,1,0,0,0.0
facebook.com,20190918,1,1,1,1,0,0.0
facebook.com,20190925,1,0,1,0,0,0.0
facebook.com,20190927,3,2,3,3,0,0.0
facebook.com,20190928,1,1,1,1,0,0.0
facebook.com,20190930,2,1,2,1,0,0.0
google,20190902,1,0,1,0,0,0.0
google,20190903,1,1,1,0,0,0.0
google,20190904,3,3,3,0,0,0.0
google,20190905,3,2,3,0,0,0.0
google,20190906,2,1,3,1,0,0.0
google,20190908,1,1,1,0,0,0.0
google,20190909,1,0,2,0,0,0.0
google,20190910,3,1,4,1,0,0.0
google,20190911,2,1,2,0,0,0.0
google,20190912,1,0,1,0,0,0.0
google,20190913,5,2,5,1,0,0.0
google,20190914,1,0,1,0,0,0.0
google,20190916,5,3,5,1,0,0.0
google,20190917,4,1,5,0,0,0.0
google,20190918,2,0,2,0,0,0.0
google,20190919,3,1,3,1,0,0.0
google,20190921,1,1,1,0,0,0.0
google,20190922,1,0,1,0,0,0.0
google,20190923,1,0,2,1,0,0.0
google,20190925,2,0,2,0,0,0.0
google,20190926,1,0,1,1,0,0.0
google,20190928,2,0,2,2,0,0.0
google,20190929,1,0,1,0,0,0.0
google,20190930,3,0,4,2,0,0.0
haventoday.org,20190906,1,0,1,0,0,0.0
haventoday.org,20190920,1,0,1,1,0,0.0
l.facebook.com,20190902,2,0,2,0,0,0.0
l.facebook.com,20190910,1,0,3,2,0,0.0
l.facebook.com,20190911,1,0,1,0,0,0.0
l.facebook.com,20190918,1,1,1,1,0,0.0
l.facebook.com,20190925,1,1,1,0,0,0.0
l.instagram.com,20190910,1,1,1,0,0,0.0
l.instagram.com,20190914,1,1,1,1,0,0.0
l.instagram.com,20190916,1,1,1,0,0,0.0
l.instagram.com,20190918,1,1,1,0,0,0.0
l.instagram.com,20190921,1,1,1,1,0,0.0
l.instagram.com,20190926,2,2,2,1,0,0.0
l.instagram.com,20190927,1,0,1,1,0,0.0
l.instagram.com,20190929,1,0,1,1,0,0.0
lm.facebook.com,20190904,1,1,1,0,0,0.0
lm.facebook.com,20190905,1,0,1,1,0,0.0
m.facebook.com,20190901,1,0,2,2,0,0.0
m.facebook.com,20190903,2,2,2,0,0,0.0
m.facebook.com,20190904,2,2,3,0,0,0.0
m.facebook.com,20190906,1,1,1,1,0,0.0
m.facebook.com,20190911,1,0,1,0,0,0.0
m.facebook.com,20190912,1,0,1,0,0,0.0
m.facebook.com,20190913,1,1,1,1,0,0.0
m.facebook.com,20190914,1,0,1,1,0,0.0
m.facebook.com,20190916,2,2,2,0,0,0.0
m.facebook.com,20190919,1,1,1,1,0,0.0
m.facebook.com,20190924,1,0,1,0,0,0.0
m.facebook.com,20190926,2,2,2,2,0,0.0
m.facebook.com,20190927,1,0,1,0,0,0.0
m.facebook.com,20190928,1,1,1,0,0,0.0
m.facebook.com,20190930,1,1,1,0,0,0.0
stephen-mccaskell-cxry.squarespace.com,20190902,1,0,1,0,0,0.0
stephen-mccaskell-cxry.squarespace.com,20190917,1,0,2,1,0,0.0
t.co,20190904,1,1,1,0,0,0.0
t.co,20190906,1,1,1,0,0,0.0
xgusd.com,20190915,1,1,1,1,0,0.0
(direct),20191001,5,4,6,4,0,0.0
(direct),20191002,1,1,1,1,0,0.0
(direct),20191003,4,3,4,3,0,0.0
(direct),20191004,4,0,4,3,0,0.0
(direct),20191005,2,2,2,0,0,0.0
(direct),20191007,6,3,6,2,0,0.0
(direct),20191010,1,1,1,1,0,0.0
(direct),20191011,2,2,3,2,0,0.0
(direct),20191012,2,1,2,2,0,0.0
(direct),20191013,2,2,2,2,0,0.0
(direct),20191014,3,1,3,3,0,0.0
(direct),20191015,2,1,2,1,0,0.0
(direct),20191016,3,2,3,1,0,0.0
(direct),20191017,2,1,2,1,0,0.0
(direct),20191018,2,2,2,0,0,0.0
(direct),20191020,1,1,2,0,0,0.0
(direct),20191021,3,1,3,1,0,0.0
(direct),20191022,3,3,3,2,0,0.0
(direct),20191024,2,2,2,1,0,0.0
(direct),20191025,1,1,2,2,0,0.0
(direct),20191026,1,0,2,2,0,0.0
(direct),20191028,2,2,2,2,0,0.0
(direct),20191029,2,1,2,1,0,0.0
(direct),20191030,1,1,2,1,0,0.0
(direct),20191031,4,4,6,4,0,0.0
baidu.com,20191026,1,1,1,1,0,0.0
coalicionporelevangelio.org,20191001,1,0,2,2,0,0.0
coalicionporelevangelio.org,20191002,2,0,4,2,0,0.0
coalicionporelevangelio.org,20191003,17,13,17,14,0,0.0
coalicionporelevangelio.org,20191004,5,2,7,6,0,0.0
coalicionporelevangelio.org,20191005,12,9,12,12,0,0.0
coalicionporelevangelio.org,20191006,13,8,19,16,0,0.0
coalicionporelevangelio.org,20191007,3,0,4,3,0,0.0
coalicionporelevangelio.org,20191008,1,0,1,0,0,0.0
coalicionporelevangelio.org,20191009,1,0,1,1,0,0.0
coalicionporelevangelio.org,20191011,1,0,1,1,0,0.0
coalicionporelevangelio.org,20191014,1,0,1,0,0,0.0
coalicionporelevangelio.org,20191015,1,1,1,1,0,0.0
coalicionporelevangelio.org,20191025,19,13,20,14,0,0.0
coalicionporelevangelio.org,20191026,15,11,16,16,0,0.0
coalicionporelevangelio.org,20191027,24,22,24,16,0,0.0
coalicionporelevangelio.org,20191028,25,22,28,25,0,0.0
coalicionporelevangelio.org,20191029,3,1,3,3,0,0.0
coalicionporelevangelio.org,20191031,1,0,1,1,0,0.0
facebook.com,20191001,1,1,1,1,0,0.0
facebook.com,20191008,1,1,1,1,0,0.0
facebook.com,20191009,1,1,1,1,0,0.0
facebook.com,20191011,1,1,1,1,0,0.0
facebook.com,20191012,2,1,2,1,0,0.0
facebook.com,20191013,2,1,2,1,0,0.0
facebook.com,20191015,1,0,1,0,0,0.0
facebook.com,20191017,1,0,1,0,0,0.0
facebook.com,20191018,2,1,2,1,0,0.0
facebook.com,20191021,1,0,1,0,0,0.0
facebook.com,20191022,1,1,1,1,0,0.0
facebook.com,20191024,2,1,2,1,0,0.0
facebook.com,20191025,1,0,1,0,0,0.0
facebook.com,20191026,1,0,1,0,0,0.0
facebook.com,20191029,1,0,1,0,0,0.0
facebook.com,20191030,1,0,1,1,0,0.0
google,20191002,1,0,1,0,0,0.0
google,20191003,1,0,1,0,0,0.0
google,20191005,4,4,5,1,0,0.0
google,20191006,1,0,1,0,0,0.0
google,20191007,2,0,2,0,0,0.0
google,20191008,2,2,2,0,0,0.0
google,20191010,1,1,1,1,0,0.0
google,20191011,1,0,1,1,0,0.0
google,20191012,1,1,1,0,0,0.0
google,20191014,1,1,1,1,0,0.0
google,20191015,1,1,1,0,0,0.0
google,20191016,1,0,1,0,0,0.0
google,20191017,3,2,3,0,0,0.0
google,20191018,1,0,2,1,0,0.0
google,20191019,2,1,2,1,0,0.0
google,20191020,1,0,1,0,0,0.0
google,20191022,1,0,1,0,0,0.0
google,20191023,3,1,3,0,0,0.0
google,20191025,2,1,2,1,0,0.0
google,20191026,1,1,1,1,0,0.0
google,20191028,3,1,4,0,0,0.0
google,20191030,2,1,2,0,0,0.0
google,20191031,1,1,2,0,0,0.0
l.facebook.com,20191011,1,1,1,1,0,0.0
l.facebook.com,20191015,1,0,1,0,0,0.0
l.facebook.com,20191021,1,1,1,1,0,0.0
l.facebook.com,20191028,1,1,1,0,0,0.0
l.facebook.com,20191031,1,1,1,1,0,0.0
l.instagram.com,20191002,1,1,1,0,0,0.0
l.instagram.com,20191003,1,0,1,1,0,0.0
l.instagram.com,20191008,1,0,1,1,0,0.0
l.instagram.com,20191011,1,0,1,1,0,0.0
l.instagram.com,20191015,1,0,1,1,0,0.0
l.instagram.com,20191016,1,0,1,0,0,0.0
l.instagram.com,20191021,1,0,1,1,0,0.0
l.instagram.com,20191024,2,2,2,1,0,0.0
l.instagram.com,20191029,1,0,1,1,0,0.0
l.instagram.com,20191031,1,0,2,1,0,0.0
lm.facebook.com,20191008,1,0,2,1,0,0.0
m.facebook.com,20191001,1,1,1,1,0,0.0
m.facebook.com,20191003,1,1,1,1,0,0.0
m.facebook.com,20191008,1,1,1,0,0,0.0
m.facebook.com,20191009,1,1,1,1,0,0.0
m.facebook.com,20191010,1,1,1,0,0,0.0
m.facebook.com,20191013,1,1,1,1,0,0.0
m.facebook.com,20191016,1,0,1,0,0,0.0
m.facebook.com,20191020,1,1,1,0,0,0.0
m.facebook.com,20191021,2,2,2,2,0,0.0
m.facebook.com,20191023,1,1,1,0,0,0.0
m.facebook.com,20191030,5,5,5,4,0,0.0
m.facebook.com,20191031,5,5,5,5,0,0.0
podcasts.google.com,20191025,1,0,1,1,0,0.0
podcasts.google.com,20191030,1,0,1,1,0,0.0
t.co,20191001,1,1,1,0,0,0.0
t.co,20191028,1,1,1,1,0,0.0
t.co,20191031,1,1,1,0,0,0.0
walksofitaly.xyz,20191006,1,1,1,1,0,0.0
(direct),20191101,2,2,2,0,0,0.0
(direct),20191102,2,1,2,0,0,0.0
(direct),20191103,2,2,2,0,0,0.0
(direct),20191104,3,1,3,1,0,0.0
(direct),20191105,6,3,6,3,0,0.0
(direct),20191106,3,3,3,2,0,0.0
(direct),20191108,1,1,1,0,0,0.0
(direct),20191109,2,1,2,1,0,0.0
(direct),20191110,1,0,1,0,0,0.0
(direct),20191111,2,1,2,0,0,0.0
(direct),20191112,2,0,3,0,0,0.0
(direct),20191113,3,2,3,2,0,0.0
(direct),20191114,5,5,5,2,0,0.0
(direct),20191115,1,0,1,0,0,0.0
(direct),20191116,2,1,2,1,0,0.0
(direct),20191118,3,2,3,1,0,0.0
(direct),20191119,1,1,1,0,0,0.0
(direct),20191120,1,1,1,1,0,0.0
(direct),20191121,4,2,4,2,0,0.0
(direct),20191122,3,2,3,2,0,0.0
(direct),20191123,3,2,3,1,0,0.0
(direct),20191125,3,2,4,2,0,0.0
(direct),20191127,3,1,3,0,0,0.0
(direct),20191128,2,1,2,0,0,0.0
(direct),20191129,1,1,1,1,0,0.0
(direct),20191130,2,1,2,0,0,0.0
bloghint.top,20191102,1,1,1,1,0,0.0
coalicionporelevangelio.org,20191103,1,0,1,1,0,0.0
coalicionporelevangelio.org,20191104,1,0,1,0,0,0.0
coalicionporelevangelio.org,20191105,9,7,9,8,0,0.0
coalicionporelevangelio.org,20191106,5,5,5,2,0,0.0
coalicionporelevangelio.org,20191113,1,0,1,0,0,0.0
coalicionporelevangelio.org,20191114,1,0,1,0,0,0.0
coalicionporelevangelio.org,20191117,1,0,1,0,0,0.0
coalicionporelevangelio.org,20191122,1,0,1,0,0,0.0
coalicionporelevangelio.org,20191125,1,0,1,1,0,0.0
duckduckgo,20191113,1,1,1,0,0,0.0
facebook.com,20191101,1,0,1,0,0,0.0
facebook.com,20191102,3,2,3,1,0,0.0
facebook.com,20191104,1,0,1,0,0,0.0
facebook.com,20191107,2,2,2,2,0,0.0
facebook.com,20191108,2,1,2,1,0,0.0
facebook.com,20191111,1,0,1,0,0,0.0
facebook.com,20191112,1,0,2,0,0,0.0
facebook.com,20191113,2,2,2,1,0,0.0
facebook.com,20191114,1,0,1,0,0,0.0
facebook.com,20191115,2,1,2,1,0,0.0
facebook.com,20191116,1,1,1,1,0,0.0
facebook.com,20191118,1,1,1,0,0,0.0
facebook.com,20191121,1,0,1,0,0,0.0
facebook.com,20191126,1,0,1,0,0,0.0
facebook.com,20191129,1,1,1,1,0,0.0
facebook.com,20191130,1,1,1,1,0,0.0
google,20191103,1,1,1,0,0,0.0
google,20191104,1,1,1,0,0,0.0
google,20191105,2,1,2,1,0,0.0
google,20191106,2,1,2,0,0,0.0
google,20191111,4,4,6,1,0,0.0
google,20191112,3,1,3,1,0,0.0
google,20191113,1,1,1,0,0,0.0
google,20191116,2,2,2,0,0,0.0
google,20191117,1,1,1,0,0,0.0
google,20191119,1,0,1,1,0,0.0
google,20191120,3,2,3,1,0,0.0
google,20191121,1,1,1,0,0,0.0
google,20191123,2,2,2,1,0,0.0
google,20191126,2,2,2,0,0,0.0
google,20191127,2,2,2,0,0,0.0
google,20191129,1,1,1,0,0,0.0
haventoday.org,20191109,1,1,1,0,0,0.0
islandcremations.com,20191113,2,2,2,1,0,0.0
l.facebook.com,20191106,1,1,1,0,0,0.0
l.facebook.com,20191107,1,1,2,1,0,0.0
l.facebook.com,20191114,1,1,1,0,0,0.0
l.instagram.com,20191111,1,0,1,0,0,0.0
l.instagram.com,20191112,2,0,2,1,0,0.0
l.instagram.com,20191113,1,0,1,1,0,0.0
lm.facebook.com,20191113,1,1,1,0,0,0.0
m.facebook.com,20191105,1,1,1,0,0,0.0
m.facebook.com,20191111,2,2,2,0,0,0.0
m.facebook.com,20191113,9,9,9,7,0,0.0
m.facebook.com,20191114,9,8,9,8,0,0.0
m.facebook.com,20191115,2,2,2,2,0,0.0
m.facebook.com,20191116,1,1,1,0,0,0.0
m.facebook.com,20191117,4,4,4,4,0,0.0
m.facebook.com,20191118,2,2,3,3,0,0.0
m.facebook.com,20191129,1,1,1,0,0,0.0
m.facebook.com,20191130,1,1,1,1,0,0.0
monicablog.xyz,20191119,1,1,1,1,0,0.0
t.co,20191104,1,0,1,0,0,0.0
t.co,20191105,1,0,1,0,0,0.0
t.co,20191112,1,0,1,0,0,0.0
t.co,20191130,1,1,1,0,0,0.0
(direct),20191201,2,1,2,1,0,0.0
(direct),20191202,3,1,3,1,0,0.0
(direct),20191203,1,1,1,0,0,0.0
(direct),20191204,3,2,3,2,0,0.0
(direct),20191205,2,1,2,1,0,0.0
(direct),20191206,4,3,4,3,0,0.0
(direct),20191207,1,1,1,1,0,0.0
(direct),20191208,2,1,3,0,0,0.0
(direct),20191209,3,1,4,1,0,0.0
(direct),20191210,4,3,4,2,0,0.0
(direct),20191211,1,0,2,1,0,0.0
(direct),20191212,2,1,4,0,0,0.0
(direct),20191213,4,2,4,1,0,0.0
(direct),20191214,4,3,4,3,0,0.0
(direct),20191216,4,3,4,3,0,0.0
(direct),20191217,19,19,19,1,0,0.0
(direct),20191218,1,1,1,1,0,0.0
(direct),20191219,3,2,3,1,0,0.0
(direct),20191220,2,2,2,0,0,0.0
(direct),20191221,1,1,1,1,0,0.0
(direct),20191223,1,0,1,1,0,0.0
(direct),20191224,3,2,3,2,0,0.0
(direct),20191225,1,0,1,1,0,0.0
(direct),20191226,2,1,3,1,0,0.0
(direct),20191228,1,1,1,0,0,0.0
(direct),20191230,3,1,3,2,0,0.0
(direct),20191231,2,1,2,1,0,0.0
bing,20191216,1,1,1,1,0,0.0
bing,20191217,1,1,1,1,0,0.0
coalicionporelevangelio.org,20191203,13,10,13,11,0,0.0
coalicionporelevangelio.org,20191204,9,6,12,9,0,0.0
coalicionporelevangelio.org,20191205,13,12,14,11,0,0.0
coalicionporelevangelio.org,20191206,6,4,7,5,0,0.0
coalicionporelevangelio.org,20191207,8,6,8,7,0,0.0
coalicionporelevangelio.org,20191208,5,4,5,5,0,0.0
coalicionporelevangelio.org,20191209,3,3,3,3,0,0.0
coalicionporelevangelio.org,20191211,1,0,1,1,0,0.0
coalicionporelevangelio.org,20191226,1,0,1,1,0,0.0
coalicionporelevangelio.org,20191227,1,0,2,2,0,0.0
facebook.com,20191205,1,1,1,1,0,0.0
facebook.com,20191206,1,1,1,1,0,0.0
facebook.com,20191207,3,3,3,3,0,0.0
facebook.com,20191209,1,0,1,0,0,0.0
facebook.com,20191212,1,0,1,0,0,0.0
facebook.com,20191213,1,1,1,1,0,0.0
facebook.com,20191216,1,1,1,1,0,0.0
facebook.com,20191219,1,0,1,0,0,0.0
facebook.com,20191222,1,1,1,0,0,0.0
facebook.com,20191223,1,0,2,1,0,0.0
facebook.com,20191229,1,1,1,0,0,0.0
google,20191203,2,1,2,1,0,0.0
google,20191204,2,1,2,1,0,0.0
google,20191206,1,1,2,0,0,0.0
google,20191209,1,1,1,0,0,0.0
google,20191210,3,1,3,2,0,0.0
google,20191212,2,2,2,1,0,0.0
google,20191213,3,3,4,2,0,0.0
google,20191214,1,0,1,0,0,0.0
google,20191215,1,0,1,1,0,0.0
google,20191218,1,1,1,1,0,0.0
google,20191221,3,3,3,0,0,0.0
google,20191222,1,1,1,0,0,0.0
google,20191224,1,1,1,0,0,0.0
google,20191225,1,0,1,1,0,0.0
google,20191228,1,1,1,1,0,0.0
google,20191229,2,1,3,1,0,0.0
google,20191230,1,1,2,1,0,0.0
islandcremations.com,20191207,1,1,1,0,0,0.0
islandcremations.com,20191211,1,0,1,0,0,0.0
l.facebook.com,20191208,2,2,2,1,0,0.0
l.facebook.com,20191215,1,1,1,0,0,0.0
l.facebook.com,20191221,1,1,1,0,0,0.0
l.instagram.com,20191216,1,0,1,1,0,0.0
l.instagram.com,20191230,1,0,1,0,0,0.0
l.instagram.com,20191231,1,0,1,1,0,0.0
m.facebook.com,20191202,1,1,1,1,0,0.0
m.facebook.com,20191206,1,1,1,1,0,0.0
m.facebook.com,20191211,1,1,1,1,0,0.0
m.facebook.com,20191213,3,3,3,3,0,0.0
m.facebook.com,20191214,1,1,1,0,0,0.0
m.facebook.com,20191224,2,2,2,1,0,0.0
m.facebook.com,20191228,1,1,1,1,0,0.0
podcasts.google.com,20191222,1,0,1,0,0,0.0
soundcloud.com,20191202,1,0,1,0,0,0.0
soundcloud.com,20191205,1,0,1,0,0,0.0
soundcloud.com,20191210,1,0,1,0,0,0.0
soundcloud.com,20191211,1,0,2,1,0,0.0
soundcloud.com,20191212,1,0,1,0,0,0.0
soundcloud.com,20191216,1,0,1,1,0,0.0
t.co,20191202,2,2,3,0,0,0.0
t.co,20191207,1,1,1,0,0,0.0
t.co,20191212,1,1,1,1,0,0.0
t.co,20191219,1,1,1,1,0,0.0
t.co,20191222,1,0,1,0,0,0.0
tbot.best,20191217,5,5,5,0,0,0.0
thf.fluxx.io,20191230,1,1,1,0,0,0.0
yahoo,20191204,1,1,1,0,0,0.0
