ga:source,ga:date,ga:users,ga:newUsers,ga:sessions,ga:bounces,ga:transactions,ga:transactionRevenue
(direct),20180307,1,1,1,1,0,0.0
(direct),20180308,3,2,4,0,0,0.0
(direct),20180309,5,4,7,2,0,0.0
(direct),20180310,2,2,2,1,0,0.0
(direct),20180311,2,0,2,0,0,0.0
(direct),20180312,4,2,4,0,0,0.0
(direct),20180313,4,2,6,2,0,0.0
(direct),20180314,5,4,5,2,0,0.0
(direct),20180315,4,1,6,2,0,0.0
(direct),20180316,2,1,2,1,0,0.0
(direct),20180317,1,1,1,0,0,0.0
(direct),20180319,1,0,1,1,0,0.0
(direct),20180320,4,2,4,4,0,0.0
(direct),20180321,7,4,7,5,0,0.0
(direct),20180322,6,4,8,4,0,0.0
(direct),20180323,8,6,8,7,0,0.0
(direct),20180324,3,3,3,2,0,0.0
(direct),20180325,1,1,1,0,0,0.0
(direct),20180326,2,2,2,2,0,0.0
(direct),20180327,7,5,7,5,0,0.0
(direct),20180328,7,6,7,5,0,0.0
(direct),20180329,6,5,7,5,0,0.0
(direct),20180330,4,2,5,5,0,0.0
(direct),20180331,2,1,3,3,0,0.0
coalicionporelevangelio.org,20180314,5,5,5,4,0,0.0
coalicionporelevangelio.org,20180315,6,5,6,4,0,0.0
coalicionporelevangelio.org,20180316,5,5,5,5,0,0.0
coalicionporelevangelio.org,20180317,4,4,4,3,0,0.0
coalicionporelevangelio.org,20180318,5,5,6,4,0,0.0
coalicionporelevangelio.org,20180321,4,4,4,3,0,0.0
coalicionporelevangelio.org,20180323,7,7,8,8,0,0.0
coalicionporelevangelio.org,20180324,8,8,8,8,0,0.0
coalicionporelevangelio.org,20180325,5,5,5,3,0,0.0
coalicionporelevangelio.org,20180326,3,2,3,2,0,0.0
coalicionporelevangelio.org,20180327,1,0,1,1,0,0.0
coalicionporelevangelio.org,20180328,7,5,9,7,0,0.0
coalicionporelevangelio.org,20180329,4,3,4,3,0,0.0
coalicionporelevangelio.org,20180330,7,7,7,6,0,0.0
coalicionporelevangelio.org,20180331,1,1,1,1,0,0.0
google,20180308,1,1,1,0,0,0.0
google,20180309,3,3,4,0,0,0.0
google,20180311,1,0,1,1,0,0.0
google,20180312,2,0,2,1,0,0.0
google,20180313,1,1,1,0,0,0.0
google,20180314,1,0,1,0,0,0.0
google,20180315,1,0,1,0,0,0.0
google,20180317,2,1,2,0,0,0.0
google,20180318,1,0,1,1,0,0.0
google,20180319,2,1,3,3,0,0.0
google,20180320,2,2,4,0,0,0.0
google,20180321,2,2,2,0,0,0.0
google,20180323,1,1,1,0,0,0.0
google,20180325,2,1,3,2,0,0.0
google,20180327,3,3,4,1,0,0.0
google,20180328,2,1,2,1,0,0.0
google,20180329,2,1,2,2,0,0.0
google,20180331,1,1,1,0,0,0.0
instagram.com,20180321,1,1,1,1,0,0.0
instagram.com,20180322,8,8,8,8,0,0.0
instagram.com,20180323,7,7,7,7,0,0.0
instagram.com,20180324,6,6,6,6,0,0.0
instagram.com,20180326,1,1,1,1,0,0.0
instagram.com,20180327,2,1,2,2,0,0.0
instagram.com,20180328,1,1,1,1,0,0.0
instagram.com,20180329,2,1,2,2,0,0.0
instagram.com,20180330,4,4,4,4,0,0.0
l.facebook.com,20180320,1,1,1,1,0,0.0
l.facebook.com,20180321,78,78,78,78,0,0.0
l.facebook.com,20180322,4,4,4,4,0,0.0
l.facebook.com,20180329,1,1,1,1,0,0.0
l.facebook.com,20180331,4,4,4,4,0,0.0
lm.facebook.com,20180328,2,2,3,2,0,0.0
m.facebook.com,20180315,1,1,1,1,0,0.0
m.facebook.com,20180317,1,1,1,1,0,0.0
m.facebook.com,20180321,24,24,24,24,0,0.0
m.facebook.com,20180322,2,2,2,2,0,0.0
m.facebook.com,20180323,2,2,2,2,0,0.0
m.facebook.com,20180325,1,1,1,0,0,0.0
m.facebook.com,20180327,1,1,1,1,0,0.0
m.facebook.com,20180331,1,1,1,1,0,0.0
t.co,20180312,4,4,4,4,0,0.0
t.co,20180313,2,2,2,1,0,0.0
t.co,20180315,2,2,2,2,0,0.0
t.co,20180320,1,1,1,0,0,0.0
t.co,20180321,3,3,3,1,0,0.0
t.co,20180322,3,1,3,3,0,0.0
t.co,20180326,2,1,2,1,0,0.0
t.co,20180327,1,0,2,2,0,0.0
t.co,20180330,1,1,1,1,0,0.0
(direct),20180401,1,0,1,1,0,0.0
(direct),20180402,9,7,10,8,0,0.0
(direct),20180403,8,4,10,6,0,0.0
(direct),20180404,3,2,3,3,0,0.0
(direct),20180405,3,2,3,3,0,0.0
(direct),20180406,6,6,6,4,0,0.0
(direct),20180407,1,1,1,1,0,0.0
(direct),20180408,2,2,2,0,0,0.0
(direct),20180409,2,0,2,1,0,0.0
(direct),20180410,3,2,3,2,0,0.0
(direct),20180411,1,1,1,0,0,0.0
(direct),20180412,3,0,3,1,0,0.0
(direct),20180413,2,1,2,1,0,0.0
(direct),20180414,2,0,2,1,0,0.0
(direct),20180415,2,1,2,1,0,0.0
(direct),20180416,11,7,11,5,0,0.0
(direct),20180417,6,2,6,5,0,0.0
(direct),20180418,9,6,10,6,0,0.0
(direct),20180419,4,2,5,3,0,0.0
(direct),20180420,5,3,5,4,0,0.0
(direct),20180421,1,0,1,1,0,0.0
(direct),20180422,1,0,1,1,0,0.0
(direct),20180423,3,2,3,2,0,0.0
(direct),20180424,2,0,2,1,0,0.0
(direct),20180425,4,2,4,2,0,0.0
(direct),20180426,6,3,6,5,0,0.0
(direct),20180428,4,3,4,4,0,0.0
(direct),20180429,1,1,1,0,0,0.0
(direct),20180430,10,6,10,8,0,0.0
account.squarespace.com,20180403,1,0,1,0,0,0.0
account.squarespace.com,20180407,1,0,1,0,0,0.0
account.squarespace.com,20180409,1,0,1,0,0,0.0
account.squarespace.com,20180416,1,0,1,0,0,0.0
account.squarespace.com,20180419,1,0,3,0,0,0.0
account.squarespace.com,20180425,1,0,1,0,0,0.0
account.squarespace.com,20180430,1,0,4,1,0,0.0
coalicionporelevangelio.org,20180401,4,4,4,2,0,0.0
coalicionporelevangelio.org,20180402,4,3,4,3,0,0.0
coalicionporelevangelio.org,20180403,11,10,14,11,0,0.0
coalicionporelevangelio.org,20180404,1,0,1,0,0,0.0
coalicionporelevangelio.org,20180417,13,11,13,9,0,0.0
coalicionporelevangelio.org,20180418,4,2,4,2,0,0.0
coalicionporelevangelio.org,20180426,14,12,14,12,0,0.0
coalicionporelevangelio.org,20180427,3,3,3,3,0,0.0
coalicionporelevangelio.org,20180428,4,4,4,3,0,0.0
coalicionporelevangelio.org,20180429,5,5,5,3,0,0.0
facebook.com,20180402,1,1,1,0,0,0.0
facebook.com,20180405,1,1,1,1,0,0.0
facebook.com,20180411,1,1,1,1,0,0.0
facebook.com,20180417,1,1,1,0,0,0.0
facebook.com,20180420,1,1,2,1,0,0.0
google,20180402,1,0,1,0,0,0.0
google,20180403,1,1,1,0,0,0.0
google,20180405,1,1,2,0,0,0.0
google,20180406,2,1,3,1,0,0.0
google,20180407,2,0,2,1,0,0.0
google,20180408,2,1,2,1,0,0.0
google,20180409,4,1,5,0,0,0.0
google,20180410,3,1,4,2,0,0.0
google,20180411,3,0,5,2,0,0.0
google,20180412,3,2,3,0,0,0.0
google,20180413,1,0,1,0,0,0.0
google,20180414,2,1,2,1,0,0.0
google,20180415,2,1,4,3,0,0.0
google,20180416,1,0,1,1,0,0.0
google,20180417,2,1,2,1,0,0.0
google,20180418,3,2,3,0,0,0.0
google,20180419,2,0,3,1,0,0.0
google,20180420,1,0,1,0,0,0.0
google,20180421,1,0,1,1,0,0.0
google,20180422,2,2,2,0,0,0.0
google,20180423,2,1,2,2,0,0.0
google,20180424,5,3,8,3,0,0.0
google,20180425,3,1,3,1,0,0.0
google,20180426,1,0,1,1,0,0.0
google,20180430,1,0,1,1,0,0.0
heidelblog.net,20180416,1,1,1,0,0,0.0
instagram.com,20180401,2,2,2,1,0,0.0
instagram.com,20180402,2,1,2,1,0,0.0
instagram.com,20180403,4,4,4,4,0,0.0
instagram.com,20180404,1,1,1,1,0,0.0
instagram.com,20180405,3,3,3,3,0,0.0
instagram.com,20180406,1,1,1,1,0,0.0
instagram.com,20180407,1,1,1,1,0,0.0
instagram.com,20180412,4,3,4,4,0,0.0
instagram.com,20180413,1,1,1,1,0,0.0
instagram.com,20180414,1,1,1,1,0,0.0
instagram.com,20180416,2,2,2,2,0,0.0
instagram.com,20180417,7,6,7,6,0,0.0
instagram.com,20180418,11,11,11,10,0,0.0
instagram.com,20180419,7,7,7,6,0,0.0
instagram.com,20180420,4,4,4,4,0,0.0
instagram.com,20180422,1,1,1,1,0,0.0
instagram.com,20180425,1,1,1,1,0,0.0
instagram.com,20180426,1,1,1,0,0,0.0
instagram.com,20180429,1,1,1,1,0,0.0
l.facebook.com,20180401,9,9,9,9,0,0.0
l.facebook.com,20180402,3,3,3,3,0,0.0
l.facebook.com,20180403,4,4,4,4,0,0.0
l.facebook.com,20180406,1,1,1,1,0,0.0
l.facebook.com,20180411,2,2,2,2,0,0.0
l.facebook.com,20180417,1,1,1,0,0,0.0
l.facebook.com,20180418,1,1,1,1,0,0.0
l.facebook.com,20180419,1,1,1,0,0,0.0
l.facebook.com,20180420,1,1,1,1,0,0.0
l.facebook.com,20180421,1,1,1,1,0,0.0
l.facebook.com,20180422,1,1,1,1,0,0.0
l.facebook.com,20180423,1,1,1,1,0,0.0
l.facebook.com,20180424,1,1,1,1,0,0.0
l.facebook.com,20180428,1,1,1,1,0,0.0
l.instagram.com,20180402,1,1,1,0,0,0.0
l.instagram.com,20180404,1,1,1,0,0,0.0
l.instagram.com,20180418,1,0,1,1,0,0.0
l.instagram.com,20180420,1,1,1,1,0,0.0
l.instagram.com,20180430,2,2,2,0,0,0.0
lm.facebook.com,20180406,1,0,1,1,0,0.0
m.facebook.com,20180401,1,1,1,1,0,0.0
m.facebook.com,20180402,1,1,1,1,0,0.0
m.facebook.com,20180403,3,3,3,3,0,0.0
m.facebook.com,20180404,3,2,3,2,0,0.0
m.facebook.com,20180405,2,2,2,2,0,0.0
m.facebook.com,20180406,1,1,1,1,0,0.0
m.facebook.com,20180407,1,1,2,2,0,0.0
m.facebook.com,20180413,2,2,2,2,0,0.0
m.facebook.com,20180414,2,2,2,0,0,0.0
m.facebook.com,20180415,1,1,1,1,0,0.0
m.facebook.com,20180416,6,6,6,5,0,0.0
m.facebook.com,20180417,2,2,2,1,0,0.0
m.facebook.com,20180418,4,4,4,4,0,0.0
m.facebook.com,20180420,1,1,2,1,0,0.0
m.facebook.com,20180421,2,1,2,1,0,0.0
m.facebook.com,20180425,1,1,1,1,0,0.0
m.facebook.com,20180426,1,1,1,1,0,0.0
m.facebook.com,20180430,1,1,1,0,0,0.0
secure.squarespace.com,20180420,2,0,2,1,0,0.0
stephen-mccaskell-cxry.squarespace.com,20180430,1,0,2,0,0,0.0
t.co,20180402,1,0,2,1,0,0.0
t.co,20180403,1,0,2,1,0,0.0
t.co,20180404,1,0,1,0,0,0.0
t.co,20180409,1,1,1,0,0,0.0
t.co,20180410,2,0,2,0,0,0.0
t.co,20180414,1,0,1,0,0,0.0
t.co,20180415,1,1,1,0,0,0.0
t.co,20180416,2,1,2,1,0,0.0
t.co,20180417,1,0,2,1,0,0.0
t.co,20180420,1,0,1,0,0,0.0
t.co,20180428,1,1,1,0,0,0.0
t.co,20180430,1,0,1,1,0,0.0
(direct),20180501,2,1,3,1,0,0.0
(direct),20180502,1,0,1,0,0,0.0
(direct),20180503,2,0,3,2,0,0.0
(direct),20180506,2,1,2,1,0,0.0
(direct),20180507,1,0,1,0,0,0.0
(direct),20180508,7,5,8,5,0,0.0
(direct),20180509,1,0,1,0,0,0.0
(direct),20180510,2,1,2,1,0,0.0
(direct),20180511,1,0,2,1,0,0.0
(direct),20180512,1,0,1,0,0,0.0
(direct),20180514,2,2,2,1,0,0.0
(direct),20180515,1,0,3,3,0,0.0
(direct),20180516,1,1,1,0,0,0.0
(direct),20180517,2,1,2,2,0,0.0
(direct),20180518,3,2,3,1,0,0.0
(direct),20180519,1,1,1,1,0,0.0
(direct),20180520,1,1,1,0,0,0.0
(direct),20180521,17,12,23,13,0,0.0
(direct),20180522,3,1,7,2,0,0.0
(direct),20180523,4,2,5,2,0,0.0
(direct),20180524,5,1,5,2,0,0.0
(direct),20180525,22,22,22,19,0,0.0
(direct),20180526,1,1,1,1,0,0.0
(direct),20180527,4,2,4,4,0,0.0
(direct),20180528,4,3,4,1,0,0.0
(direct),20180529,3,1,3,1,0,0.0
(direct),20180530,4,2,4,2,0,0.0
(direct),20180531,2,0,4,1,0,0.0
account.squarespace.com,20180506,1,0,1,0,0,0.0
account.squarespace.com,20180508,1,0,1,0,0,0.0
account.squarespace.com,20180514,1,0,1,0,0,0.0
account.squarespace.com,20180519,1,0,1,0,0,0.0
account.squarespace.com,20180521,1,0,2,0,0,0.0
account.squarespace.com,20180523,1,0,1,0,0,0.0
account.squarespace.com,20180528,1,0,1,0,0,0.0
bing,20180515,1,1,1,0,0,0.0
bing,20180518,1,1,1,0,0,0.0
coalicionporelevangelio.org,20180508,12,10,13,9,0,0.0
coalicionporelevangelio.org,20180509,12,10,12,7,0,0.0
coalicionporelevangelio.org,20180510,11,11,11,7,0,0.0
coalicionporelevangelio.org,20180513,1,0,1,1,0,0.0
coalicionporelevangelio.org,20180517,9,6,10,8,0,0.0
coalicionporelevangelio.org,20180518,5,4,5,3,0,0.0
coalicionporelevangelio.org,20180519,5,5,5,5,0,0.0
coalicionporelevangelio.org,20180520,4,4,4,3,0,0.0
coalicionporelevangelio.org,20180521,3,3,4,3,0,0.0
coalicionporelevangelio.org,20180522,4,0,5,4,0,0.0
coalicionporelevangelio.org,20180523,2,0,2,2,0,0.0
coalicionporelevangelio.org,20180525,1,0,1,1,0,0.0
coalicionporelevangelio.org,20180530,10,8,10,8,0,0.0
coalicionporelevangelio.org,20180531,11,9,12,10,0,0.0
Cuba Email Blast May 2018,20180524,1,1,1,0,0,0.0
Cuba Email Blast May 2018,20180526,1,1,2,2,0,0.0
Cuba Email Blast May 2018,20180527,1,0,1,0,0,0.0
facebook.com,20180504,2,2,3,2,0,0.0
facebook.com,20180507,1,0,1,0,0,0.0
facebook.com,20180508,1,0,1,0,0,0.0
facebook.com,20180514,1,0,1,1,0,0.0
facebook.com,20180516,1,0,2,0,0,0.0
facebook.com,20180517,1,1,1,1,0,0.0
facebook.com,20180520,2,1,3,2,0,0.0
facebook.com,20180521,4,2,4,1,0,0.0
facebook.com,20180524,1,0,1,0,0,0.0
facebook.com,20180525,1,0,1,0,0,0.0
facebook.com,20180527,1,1,1,1,0,0.0
facebook.com,20180528,3,3,3,2,0,0.0
google,20180501,1,1,1,0,0,0.0
google,20180504,2,1,2,1,0,0.0
google,20180505,1,1,1,1,0,0.0
google,20180506,2,1,2,1,0,0.0
google,20180507,2,2,2,0,0,0.0
google,20180508,2,2,2,1,0,0.0
google,20180509,1,0,1,1,0,0.0
google,20180510,3,2,3,1,0,0.0
google,20180511,2,2,2,0,0,0.0
google,20180512,1,0,1,1,0,0.0
google,20180513,1,1,1,0,0,0.0
google,20180514,5,4,6,2,0,0.0
google,20180515,1,1,2,1,0,0.0
google,20180517,4,3,4,2,0,0.0
google,20180518,3,1,4,1,0,0.0
google,20180520,2,0,2,2,0,0.0
google,20180521,4,4,9,2,0,0.0
google,20180522,5,4,7,2,0,0.0
google,20180523,5,4,5,0,0,0.0
google,20180524,11,10,12,4,0,0.0
google,20180525,12,10,18,6,0,0.0
google,20180526,5,3,5,3,0,0.0
google,20180527,1,0,1,1,0,0.0
google,20180528,2,1,2,1,0,0.0
google,20180529,2,0,2,2,0,0.0
google,20180530,3,0,4,2,0,0.0
google,20180531,3,1,3,3,0,0.0
haventoday.org,20180523,1,0,1,1,0,0.0
haventoday.org,20180524,3,3,3,0,0,0.0
haventoday.org,20180529,1,1,1,0,0,0.0
instagram.com,20180509,1,1,1,1,0,0.0
instagram.com,20180530,2,2,2,2,0,0.0
instagram.com,20180531,2,2,2,2,0,0.0
l.facebook.com,20180506,1,1,1,1,0,0.0
l.facebook.com,20180507,2,2,2,2,0,0.0
l.facebook.com,20180508,9,9,9,9,0,0.0
l.facebook.com,20180509,3,3,3,3,0,0.0
l.facebook.com,20180517,1,1,1,1,0,0.0
l.facebook.com,20180520,1,1,1,1,0,0.0
l.facebook.com,20180522,1,0,1,1,0,0.0
l.instagram.com,20180506,1,1,1,0,0,0.0
l.instagram.com,20180508,1,1,1,0,0,0.0
l.instagram.com,20180522,1,1,1,0,0,0.0
l.instagram.com,20180528,1,1,1,0,0,0.0
lm.facebook.com,20180508,1,0,1,0,0,0.0
lm.facebook.com,20180509,1,0,1,1,0,0.0
m.facebook.com,20180504,2,2,2,1,0,0.0
m.facebook.com,20180507,1,1,1,1,0,0.0
m.facebook.com,20180508,2,2,2,2,0,0.0
m.facebook.com,20180514,1,1,1,0,0,0.0
m.facebook.com,20180520,1,1,1,1,0,0.0
m.facebook.com,20180521,5,4,5,5,0,0.0
m.facebook.com,20180522,1,1,1,0,0,0.0
m.facebook.com,20180523,1,1,1,1,0,0.0
m.facebook.com,20180524,1,1,1,1,0,0.0
m.facebook.com,20180525,3,3,3,2,0,0.0
m.facebook.com,20180528,1,1,1,1,0,0.0
m.facebook.com,20180529,1,0,1,0,0,0.0
moodyradio.org,20180520,1,0,1,0,0,0.0
moodyradio.org,20180521,2,2,2,0,0,0.0
moodyradio.org,20180522,1,1,2,1,0,0.0
secure.squarespace.com,20180524,1,0,1,0,0,0.0
t.co,20180502,2,2,2,1,0,0.0
t.co,20180504,1,1,1,1,0,0.0
t.co,20180509,1,1,1,0,0,0.0
t.co,20180517,1,1,1,1,0,0.0
t.co,20180518,1,1,1,1,0,0.0
t.co,20180521,4,3,4,4,0,0.0
t.co,20180531,4,4,4,3,0,0.0
t.e2ma.net,20180525,1,0,1,1,0,0.0
twitter.com,20180522,1,1,1,1,0,0.0
yahoo,20180516,1,1,1,0,0,0.0
yahoo,20180529,1,0,1,0,0,0.0
(direct),20180601,3,1,3,2,0,0.0
(direct),20180602,4,3,4,3,0,0.0
(direct),20180604,1,1,4,1,0,0.0
(direct),20180605,1,0,2,0,0,0.0
(direct),20180606,1,1,3,2,0,0.0
(direct),20180607,4,2,5,1,0,0.0
(direct),20180608,3,0,3,2,0,0.0
(direct),20180609,3,2,3,1,0,0.0
(direct),20180610,2,0,4,3,0,0.0
(direct),20180611,6,4,7,2,0,0.0
(direct),20180612,5,2,6,3,0,0.0
(direct),20180613,4,1,4,2,0,0.0
(direct),20180614,1,0,1,0,0,0.0
(direct),20180615,7,2,9,5,0,0.0
(direct),20180616,1,0,1,1,0,0.0
(direct),20180617,1,0,1,0,0,0.0
(direct),20180618,2,1,2,1,0,0.0
(direct),20180619,2,1,2,0,0,0.0
(direct),20180620,1,0,2,0,0,0.0
(direct),20180621,4,2,4,2,0,0.0
(direct),20180623,2,2,2,0,0,0.0
(direct),20180624,5,3,6,1,0,0.0
(direct),20180625,3,1,3,2,0,0.0
(direct),20180626,1,0,1,1,0,0.0
(direct),20180627,3,1,3,2,0,0.0
(direct),20180628,2,0,2,0,0,0.0
(direct),20180629,6,2,6,4,0,0.0
account.squarespace.com,20180602,1,0,1,0,0,0.0
account.squarespace.com,20180611,1,0,2,1,0,0.0
account.squarespace.com,20180612,1,0,1,0,0,0.0
account.squarespace.com,20180618,1,0,1,0,0,0.0
account.squarespace.com,20180621,1,0,1,0,0,0.0
account.squarespace.com,20180624,1,0,1,0,0,0.0
coalicionporelevangelio.org,20180601,5,4,5,4,0,0.0
coalicionporelevangelio.org,20180608,11,8,11,11,0,0.0
coalicionporelevangelio.org,20180609,15,13,17,15,0,0.0
coalicionporelevangelio.org,20180610,6,6,6,4,0,0.0
coalicionporelevangelio.org,20180611,8,7,8,6,0,0.0
coalicionporelevangelio.org,20180612,8,7,8,5,0,0.0
coalicionporelevangelio.org,20180613,1,1,1,1,0,0.0
coalicionporelevangelio.org,20180621,8,8,8,6,0,0.0
coalicionporelevangelio.org,20180622,7,6,7,7,0,0.0
coalicionporelevangelio.org,20180623,2,2,2,1,0,0.0
coalicionporelevangelio.org,20180624,10,10,11,10,0,0.0
coalicionporelevangelio.org,20180625,11,8,11,7,0,0.0
coalicionporelevangelio.org,20180627,12,10,12,10,0,0.0
coalicionporelevangelio.org,20180628,12,11,13,13,0,0.0
coalicionporelevangelio.org,20180629,3,1,3,3,0,0.0
crossman66.wordpress.com,20180625,1,1,2,2,0,0.0
facebook.com,20180608,1,1,1,0,0,0.0
facebook.com,20180618,1,0,1,1,0,0.0
google,20180601,1,0,1,1,0,0.0
google,20180602,3,1,4,2,0,0.0
google,20180603,4,2,4,2,0,0.0
google,20180604,1,0,1,1,0,0.0
google,20180607,1,0,1,1,0,0.0
google,20180610,1,0,1,1,0,0.0
google,20180611,2,1,5,4,0,0.0
google,20180612,2,1,3,2,0,0.0
google,20180614,2,0,2,1,0,0.0
google,20180615,1,0,1,1,0,0.0
google,20180616,1,0,1,1,0,0.0
google,20180617,2,0,2,2,0,0.0
google,20180618,2,1,2,1,0,0.0
google,20180620,2,1,3,1,0,0.0
google,20180624,1,0,1,1,0,0.0
google,20180626,1,1,1,0,0,0.0
google,20180627,2,1,3,2,0,0.0
google,20180628,1,0,1,1,0,0.0
google,20180630,1,1,1,0,0,0.0
instagram.com,20180601,2,2,2,2,0,0.0
instagram.com,20180602,1,1,1,1,0,0.0
instagram.com,20180605,2,2,2,2,0,0.0
instagram.com,20180607,2,2,2,2,0,0.0
instagram.com,20180608,1,1,1,1,0,0.0
instagram.com,20180609,1,1,1,1,0,0.0
l.facebook.com,20180604,2,2,2,2,0,0.0
l.facebook.com,20180605,1,1,1,1,0,0.0
l.facebook.com,20180620,1,1,1,1,0,0.0
l.facebook.com,20180625,10,10,10,10,0,0.0
l.facebook.com,20180629,1,1,1,1,0,0.0
l.instagram.com,20180609,1,1,1,0,0,0.0
l.instagram.com,20180629,1,1,1,0,0,0.0
m.facebook.com,20180604,1,1,1,1,0,0.0
m.facebook.com,20180606,3,3,3,3,0,0.0
m.facebook.com,20180609,2,1,2,1,0,0.0
m.facebook.com,20180625,2,2,2,2,0,0.0
t.co,20180611,1,1,1,1,0,0.0
t.co,20180619,1,1,1,0,0,0.0
t.co,20180620,1,1,1,1,0,0.0
t.co,20180621,1,0,2,2,0,0.0
t.co,20180622,1,0,1,1,0,0.0
t.co,20180624,1,0,1,0,0,0.0
t.co,20180628,1,1,1,1,0,0.0
t.co,20180629,1,0,1,1,0,0.0
(direct),20180701,4,3,4,2,0,0.0
(direct),20180702,2,0,2,1,0,0.0
(direct),20180703,2,1,2,1,0,0.0
(direct),20180705,2,1,5,1,0,0.0
(direct),20180706,3,1,3,2,0,0.0
(direct),20180707,1,0,1,1,0,0.0
(direct),20180708,3,2,3,2,0,0.0
(direct),20180709,5,3,5,2,0,0.0
(direct),20180711,1,1,1,1,0,0.0
(direct),20180712,1,1,1,1,0,0.0
(direct),20180713,3,1,3,3,0,0.0
(direct),20180714,3,1,5,3,0,0.0
(direct),20180715,3,2,3,2,0,0.0
(direct),20180716,5,2,6,3,0,0.0
(direct),20180717,2,1,2,0,0,0.0
(direct),20180718,3,2,4,0,0,0.0
(direct),20180719,2,0,2,1,0,0.0
(direct),20180720,2,1,2,1,0,0.0
(direct),20180721,5,4,5,5,0,0.0
(direct),20180722,5,4,5,4,0,0.0
(direct),20180723,4,4,4,4,0,0.0
(direct),20180724,5,4,5,3,0,0.0
(direct),20180725,4,3,4,3,0,0.0
(direct),20180726,4,3,6,3,0,0.0
(direct),20180727,2,2,2,2,0,0.0
(direct),20180728,3,3,3,3,0,0.0
(direct),20180729,5,5,5,4,0,0.0
(direct),20180730,8,8,8,8,0,0.0
(direct),20180731,5,5,5,2,0,0.0
account.squarespace.com,20180717,1,0,1,0,0,0.0
account.squarespace.com,20180723,1,0,1,0,0,0.0
account.squarespace.com,20180729,1,0,1,0,0,0.0
coalicionporelevangelio.org,20180701,1,1,1,1,0,0.0
coalicionporelevangelio.org,20180711,1,1,1,1,0,0.0
coalicionporelevangelio.org,20180712,15,12,15,13,0,0.0
coalicionporelevangelio.org,20180713,12,10,14,9,0,0.0
coalicionporelevangelio.org,20180714,5,5,5,4,0,0.0
coalicionporelevangelio.org,20180715,3,2,3,2,0,0.0
coalicionporelevangelio.org,20180718,9,9,9,7,0,0.0
coalicionporelevangelio.org,20180719,4,3,4,2,0,0.0
coalicionporelevangelio.org,20180720,5,5,5,5,0,0.0
coalicionporelevangelio.org,20180721,1,1,1,1,0,0.0
coalicionporelevangelio.org,20180722,3,3,3,3,0,0.0
coalicionporelevangelio.org,20180723,1,1,1,1,0,0.0
facebook.com,20180701,1,0,1,0,0,0.0
facebook.com,20180706,1,0,1,1,0,0.0
facebook.com,20180716,1,0,1,1,0,0.0
google,20180702,1,0,1,1,0,0.0
google,20180703,1,0,1,0,0,0.0
google,20180706,1,1,1,1,0,0.0
google,20180707,1,0,1,1,0,0.0
google,20180708,3,1,5,1,0,0.0
google,20180709,2,0,2,2,0,0.0
google,20180710,2,1,2,2,0,0.0
google,20180711,2,1,2,2,0,0.0
google,20180713,1,1,1,1,0,0.0
google,20180714,1,0,1,1,0,0.0
google,20180715,1,0,2,0,0,0.0
google,20180716,2,2,2,1,0,0.0
google,20180717,2,2,3,1,0,0.0
google,20180718,1,0,1,1,0,0.0
google,20180719,2,1,2,1,0,0.0
google,20180721,2,1,2,1,0,0.0
google,20180723,1,1,1,1,0,0.0
google,20180724,1,1,2,0,0,0.0
google,20180725,1,1,1,0,0,0.0
google,20180726,1,0,1,0,0,0.0
google,20180727,1,1,1,0,0,0.0
google,20180730,1,0,1,0,0,0.0
instagram.com,20180730,1,1,1,1,0,0.0
instagram.com,20180731,1,1,1,1,0,0.0
l.facebook.com,20180703,1,1,1,1,0,0.0
l.facebook.com,20180711,2,2,2,2,0,0.0
l.facebook.com,20180715,1,1,1,1,0,0.0
l.facebook.com,20180722,1,1,1,1,0,0.0
l.facebook.com,20180723,1,1,1,1,0,0.0
l.facebook.com,20180728,1,1,1,1,0,0.0
l.facebook.com,20180731,1,1,1,1,0,0.0
l.instagram.com,20180702,1,1,1,0,0,0.0
l.instagram.com,20180705,1,1,1,1,0,0.0
l.instagram.com,20180715,3,3,3,0,0,0.0
l.instagram.com,20180716,1,1,1,1,0,0.0
l.instagram.com,20180717,1,1,1,0,0,0.0
l.instagram.com,20180718,1,1,1,0,0,0.0
l.instagram.com,20180723,1,1,1,0,0,0.0
m.facebook.com,20180701,1,1,1,1,0,0.0
m.facebook.com,20180703,2,2,2,1,0,0.0
m.facebook.com,20180711,1,0,1,1,0,0.0
m.facebook.com,20180717,1,1,1,1,0,0.0
m.facebook.com,20180730,1,1,1,1,0,0.0
t.co,20180702,2,1,2,1,0,0.0
t.co,20180721,1,0,1,1,0,0.0
t.co,20180726,1,1,1,1,0,0.0
t.co,20180730,1,1,1,1,0,0.0
twr360.org,20180724,1,0,2,1,0,0.0
twr360.org,20180725,1,0,2,1,0,0.0
twr360.org,20180731,1,0,1,0,0,0.0
visitorjam.com,20180711,21,21,21,21,0,0.0
yahoo,20180706,1,1,1,1,0,0.0
(direct),20180801,9,6,9,6,0,0.0
(direct),20180802,4,3,5,4,0,0.0
(direct),20180803,2,2,2,2,0,0.0
(direct),20180804,1,1,1,1,0,0.0
(direct),20180805,5,5,5,4,0,0.0
(direct),20180806,6,5,6,5,0,0.0
(direct),20180807,7,6,7,5,0,0.0
(direct),20180808,6,5,6,5,0,0.0
(direct),20180809,3,2,4,2,0,0.0
(direct),20180810,3,1,5,2,0,0.0
(direct),20180811,5,3,5,4,0,0.0
(direct),20180812,1,1,1,1,0,0.0
(direct),20180813,6,2,6,2,0,0.0
(direct),20180814,1,0,1,1,0,0.0
(direct),20180815,2,0,3,1,0,0.0
(direct),20180816,4,3,4,4,0,0.0
(direct),20180817,2,1,2,2,0,0.0
(direct),20180818,1,0,1,0,0,0.0
(direct),20180819,2,1,2,1,0,0.0
(direct),20180820,3,1,4,1,0,0.0
(direct),20180821,3,2,6,5,0,0.0
(direct),20180822,2,1,4,2,0,0.0
(direct),20180823,3,1,5,3,0,0.0
(direct),20180824,5,4,7,4,0,0.0
(direct),20180825,5,3,5,4,0,0.0
(direct),20180826,3,2,6,3,0,0.0
(direct),20180827,3,0,6,4,0,0.0
(direct),20180828,5,1,6,3,0,0.0
(direct),20180829,3,1,6,4,0,0.0
(direct),20180830,4,3,7,6,0,0.0
(direct),20180831,3,1,8,4,0,0.0
account.squarespace.com,20180806,1,0,1,0,0,0.0
account.squarespace.com,20180807,1,0,1,0,0,0.0
account.squarespace.com,20180820,1,0,2,0,0,0.0
coalicionporelevangelio.org,20180803,4,2,4,4,0,0.0
coalicionporelevangelio.org,20180804,4,4,5,3,0,0.0
coalicionporelevangelio.org,20180805,4,2,4,4,0,0.0
coalicionporelevangelio.org,20180806,4,4,4,2,0,0.0
coalicionporelevangelio.org,20180824,12,11,13,11,0,0.0
coalicionporelevangelio.org,20180825,5,4,7,5,0,0.0
coalicionporelevangelio.org,20180826,6,5,6,4,0,0.0
coalicionporelevangelio.org,20180827,2,1,3,3,0,0.0
coalicionporelevangelio.org,20180829,1,0,1,1,0,0.0
facebook.com,20180805,1,1,1,0,0,0.0
facebook.com,20180811,1,1,1,1,0,0.0
facebook.com,20180814,1,1,1,1,0,0.0
facebook.com,20180817,1,1,1,1,0,0.0
facebook.com,20180826,1,1,1,0,0,0.0
facebook.com,20180829,2,2,2,2,0,0.0
facebook.com,20180830,1,1,1,0,0,0.0
google,20180801,1,1,1,0,0,0.0
google,20180802,2,2,2,1,0,0.0
google,20180803,2,0,2,1,0,0.0
google,20180804,1,1,1,1,0,0.0
google,20180808,1,1,1,0,0,0.0
google,20180809,2,2,3,1,0,0.0
google,20180810,3,2,3,1,0,0.0
google,20180811,2,1,3,1,0,0.0
google,20180812,1,1,1,0,0,0.0
google,20180813,2,1,2,0,0,0.0
google,20180814,1,0,1,1,0,0.0
google,20180815,2,1,2,1,0,0.0
google,20180816,1,0,1,1,0,0.0
google,20180817,2,1,3,3,0,0.0
google,20180820,2,1,2,1,0,0.0
google,20180822,1,1,1,0,0,0.0
google,20180823,2,2,2,0,0,0.0
google,20180826,2,1,2,0,0,0.0
google,20180827,1,1,1,0,0,0.0
google,20180828,4,3,4,2,0,0.0
google,20180830,1,1,1,1,0,0.0
google,20180831,2,2,2,1,0,0.0
instagram.com,20180802,1,1,1,1,0,0.0
instagram.com,20180803,1,1,1,1,0,0.0
instagram.com,20180807,1,1,1,1,0,0.0
l.facebook.com,20180803,1,1,1,1,0,0.0
l.facebook.com,20180804,1,1,1,1,0,0.0
l.facebook.com,20180809,1,1,1,1,0,0.0
l.facebook.com,20180816,1,1,1,0,0,0.0
l.facebook.com,20180831,1,1,1,0,0,0.0
l.instagram.com,20180815,1,1,1,0,0,0.0
l.instagram.com,20180817,1,1,1,0,0,0.0
m.facebook.com,20180802,1,1,1,1,0,0.0
m.facebook.com,20180804,1,1,1,1,0,0.0
m.facebook.com,20180806,1,1,1,1,0,0.0
m.facebook.com,20180812,1,1,1,1,0,0.0
m.facebook.com,20180817,1,0,1,0,0,0.0
m.facebook.com,20180820,1,1,1,0,0,0.0
m.facebook.com,20180821,1,1,1,0,0,0.0
m.facebook.com,20180822,1,1,1,1,0,0.0
m.facebook.com,20180823,3,2,3,3,0,0.0
m.facebook.com,20180825,1,1,1,0,0,0.0
m.facebook.com,20180828,1,1,1,1,0,0.0
stephen-mccaskell-cxry.squarespace.com,20180820,1,0,4,1,0,0.0
stephen-mccaskell-cxry.squarespace.com,20180823,1,0,1,0,0,0.0
stephen-mccaskell-cxry.squarespace.com,20180824,1,0,1,1,0,0.0
stephen-mccaskell-cxry.squarespace.com,20180825,1,0,1,0,0,0.0
stephen-mccaskell-cxry.squarespace.com,20180830,1,0,1,0,0,0.0
t.co,20180813,1,1,1,0,0,0.0
t.co,20180814,1,0,1,0,0,0.0
t.co,20180828,1,1,1,1,0,0.0
t.co,20180829,1,1,1,1,0,0.0
twr360.org,20180820,1,0,3,0,0,0.0
twr360.org,20180822,1,0,1,0,0,0.0
twr360.org,20180823,1,0,1,0,0,0.0
twr360.org,20180826,1,0,1,0,0,0.0
(direct),20180901,2,1,4,3,0,0.0
(direct),20180902,4,2,7,4,0,0.0
(direct),20180903,6,4,9,6,0,0.0
(direct),20180904,3,0,5,3,0,0.0
(direct),20180905,4,1,5,4,0,0.0
(direct),20180906,1,0,2,2,0,0.0
(direct),20180907,2,1,2,2,0,0.0
(direct),20180908,4,3,9,8,0,0.0
(direct),20180909,3,2,5,5,0,0.0
(direct),20180910,6,3,9,5,0,0.0
(direct),20180911,4,2,8,6,0,0.0
(direct),20180912,1,0,3,3,0,0.0
(direct),20180913,4,2,7,4,0,0.0
(direct),20180914,4,2,5,3,0,0.0
(direct),20180915,2,1,2,2,0,0.0
(direct),20180916,2,1,2,1,0,0.0
(direct),20180917,5,3,5,3,0,0.0
(direct),20180918,2,1,2,0,0,0.0
(direct),20180919,3,2,4,1,0,0.0
(direct),20180921,4,3,4,0,0,0.0
(direct),20180922,1,1,1,0,0,0.0
(direct),20180923,2,1,2,1,0,0.0
(direct),20180924,2,1,3,1,0,0.0
(direct),20180925,4,2,4,1,0,0.0
(direct),20180926,5,2,6,5,0,0.0
(direct),20180927,3,2,4,3,0,0.0
(direct),20180928,2,1,2,0,0,0.0
(direct),20180929,1,1,1,0,0,0.0
(direct),20180930,1,1,1,1,0,0.0
bing,20180909,1,1,1,0,0,0.0
bing,20180910,1,1,1,0,0,0.0
bing,20180923,1,1,2,0,0,0.0
bing,20180925,1,0,2,1,0,0.0
bing,20180929,1,0,1,0,0,0.0
coalicionporelevangelio.org,20180901,1,0,4,3,0,0.0
coalicionporelevangelio.org,20180902,1,0,2,2,0,0.0
coalicionporelevangelio.org,20180903,1,0,1,1,0,0.0
coalicionporelevangelio.org,20180905,1,0,1,1,0,0.0
coalicionporelevangelio.org,20180907,22,16,24,17,0,0.0
coalicionporelevangelio.org,20180908,17,17,17,13,0,0.0
coalicionporelevangelio.org,20180909,9,7,10,9,0,0.0
coalicionporelevangelio.org,20180910,11,9,11,8,0,0.0
coalicionporelevangelio.org,20180911,4,3,5,5,0,0.0
coalicionporelevangelio.org,20180912,2,1,2,2,0,0.0
coalicionporelevangelio.org,20180913,21,17,22,18,0,0.0
coalicionporelevangelio.org,20180914,10,8,10,10,0,0.0
coalicionporelevangelio.org,20180915,9,9,9,6,0,0.0
coalicionporelevangelio.org,20180916,9,8,9,9,0,0.0
coalicionporelevangelio.org,20180917,11,9,11,9,0,0.0
coalicionporelevangelio.org,20180921,8,3,8,7,0,0.0
coalicionporelevangelio.org,20180922,8,8,8,7,0,0.0
coalicionporelevangelio.org,20180923,9,8,9,8,0,0.0
coalicionporelevangelio.org,20180924,8,6,9,8,0,0.0
coalicionporelevangelio.org,20180925,1,1,1,1,0,0.0
coalicionporelevangelio.org,20180926,1,1,1,0,0,0.0
coalicionporelevangelio.org,20180928,5,4,5,5,0,0.0
coalicionporelevangelio.org,20180929,4,4,4,4,0,0.0
coalicionporelevangelio.org,20180930,2,2,2,2,0,0.0
facebook.com,20180903,1,1,1,1,0,0.0
facebook.com,20180909,1,1,1,1,0,0.0
facebook.com,20180924,2,2,2,0,0,0.0
facebook.com,20180925,1,1,1,0,0,0.0
facebook.com,20180930,1,0,1,0,0,0.0
google,20180904,2,1,2,0,0,0.0
google,20180905,1,1,1,0,0,0.0
google,20180906,1,1,1,1,0,0.0
google,20180907,1,1,1,1,0,0.0
google,20180908,2,2,2,0,0,0.0
google,20180910,2,1,2,0,0,0.0
google,20180911,3,2,4,1,0,0.0
google,20180912,2,0,2,2,0,0.0
google,20180913,2,1,2,0,0,0.0
google,20180914,3,0,4,2,0,0.0
google,20180915,2,0,2,0,0,0.0
google,20180916,1,1,1,0,0,0.0
google,20180917,2,1,6,4,0,0.0
google,20180918,2,2,3,0,0,0.0
google,20180919,1,1,1,0,0,0.0
google,20180920,1,1,1,0,0,0.0
google,20180921,3,1,4,3,0,0.0
google,20180922,2,0,2,2,0,0.0
google,20180923,1,0,1,0,0,0.0
google,20180924,1,1,1,0,0,0.0
google,20180925,4,3,5,0,0,0.0
google,20180926,1,1,1,1,0,0.0
google,20180927,1,0,1,1,0,0.0
google,20180928,1,1,1,0,0,0.0
google,20180930,2,0,2,2,0,0.0
l.instagram.com,20180911,1,1,1,0,0,0.0
l.instagram.com,20180926,1,1,1,0,0,0.0
lm.facebook.com,20180903,1,1,1,0,0,0.0
lm.facebook.com,20180910,1,0,1,1,0,0.0
m.facebook.com,20180914,1,1,1,0,0,0.0
m.facebook.com,20180917,1,1,1,0,0,0.0
m.facebook.com,20180918,1,1,1,1,0,0.0
m.facebook.com,20180924,1,1,1,0,0,0.0
m.facebook.com,20180925,1,1,1,0,0,0.0
m.facebook.com,20180928,2,2,2,1,0,0.0
stephen-mccaskell-cxry.squarespace.com,20180917,1,0,1,1,0,0.0
stephen-mccaskell-cxry.squarespace.com,20180930,1,0,1,0,0,0.0
twr.org,20180911,1,1,1,0,0,0.0
youtube.com,20180909,1,1,1,0,0,0.0
youtube.com,20180910,1,0,2,2,0,0.0
(direct),20181001,2,1,4,0,0,0.0
(direct),20181002,2,1,2,1,0,0.0
(direct),20181003,2,1,2,1,0,0.0
(direct),20181004,1,0,1,0,0,0.0
(direct),20181005,2,1,2,1,0,0.0
(direct),20181006,2,0,2,1,0,0.0
(direct),20181007,2,1,2,2,0,0.0
(direct),20181008,4,1,4,2,0,0.0
(direct),20181009,3,2,4,1,0,0.0
(direct),20181010,6,4,6,4,0,0.0
(direct),20181012,3,1,6,4,0,0.0
(direct),20181013,1,1,1,1,0,0.0
(direct),20181014,1,1,1,0,0,0.0
(direct),20181015,6,4,8,2,0,0.0
(direct),20181016,6,2,9,6,0,0.0
(direct),20181017,4,1,5,2,0,0.0
(direct),20181018,2,2,2,2,0,0.0
(direct),20181019,6,4,6,5,0,0.0
(direct),20181020,2,2,2,2,0,0.0
(direct),20181021,6,5,6,3,0,0.0
(direct),20181022,6,6,6,2,0,0.0
(direct),20181023,7,3,9,7,0,0.0
(direct),20181024,4,1,4,1,0,0.0
(direct),20181025,4,3,4,1,0,0.0
(direct),20181026,14,13,14,9,0,0.0
(direct),20181027,2,2,2,1,0,0.0
(direct),20181028,7,5,8,5,0,0.0
(direct),20181029,6,3,6,4,0,0.0
(direct),20181030,3,1,3,2,0,0.0
(direct),20181031,2,1,4,3,0,0.0
bing,20181025,1,1,1,1,0,0.0
bing,20181030,1,1,1,1,0,0.0
coalicionporelevangelio.org,20181001,2,2,2,2,0,0.0
coalicionporelevangelio.org,20181012,7,7,7,5,0,0.0
coalicionporelevangelio.org,20181013,2,2,2,2,0,0.0
coalicionporelevangelio.org,20181014,4,4,4,4,0,0.0
coalicionporelevangelio.org,20181015,6,5,6,5,0,0.0
coalicionporelevangelio.org,20181019,4,2,5,5,0,0.0
coalicionporelevangelio.org,20181020,8,6,8,7,0,0.0
coalicionporelevangelio.org,20181021,5,3,5,5,0,0.0
coalicionporelevangelio.org,20181026,18,11,19,16,0,0.0
coalicionporelevangelio.org,20181027,12,7,12,10,0,0.0
coalicionporelevangelio.org,20181028,13,9,14,11,0,0.0
coalicionporelevangelio.org,20181029,15,12,15,8,0,0.0
coalicionporelevangelio.org,20181030,1,0,1,1,0,0.0
duckduckgo.com,20181022,1,0,1,0,0,0.0
facebook.com,20181002,1,0,1,0,0,0.0
facebook.com,20181005,1,1,1,0,0,0.0
facebook.com,20181007,2,2,2,0,0,0.0
facebook.com,20181012,1,1,1,1,0,0.0
facebook.com,20181017,1,1,2,2,0,0.0
facebook.com,20181018,2,2,2,2,0,0.0
facebook.com,20181024,1,1,1,0,0,0.0
facebook.com,20181027,1,0,1,0,0,0.0
facebook.com,20181031,1,0,1,0,0,0.0
google,20181001,2,1,3,2,0,0.0
google,20181009,1,1,2,0,0,0.0
google,20181011,2,1,2,1,0,0.0
google,20181012,1,0,1,1,0,0.0
google,20181014,2,0,2,2,0,0.0
google,20181015,1,0,1,0,0,0.0
google,20181018,1,1,1,0,0,0.0
google,20181019,1,0,1,1,0,0.0
google,20181020,2,2,2,0,0,0.0
google,20181021,2,1,2,1,0,0.0
google,20181022,12,11,14,3,0,0.0
google,20181023,8,8,11,4,0,0.0
google,20181024,6,4,6,2,0,0.0
google,20181025,12,10,17,5,0,0.0
google,20181026,11,7,13,2,0,0.0
google,20181027,3,2,3,0,0,0.0
google,20181028,3,2,3,1,0,0.0
google,20181029,1,0,1,0,0,0.0
google,20181030,2,1,2,1,0,0.0
google,20181031,1,0,1,0,0,0.0
l.facebook.com,20181016,1,1,1,0,0,0.0
l.facebook.com,20181025,1,1,1,0,0,0.0
l.facebook.com,20181031,2,1,2,0,0,0.0
l.instagram.com,20181015,1,1,1,1,0,0.0
l.instagram.com,20181020,1,1,1,1,0,0.0
l.instagram.com,20181021,2,2,2,0,0,0.0
l.instagram.com,20181022,1,1,1,0,0,0.0
l.instagram.com,20181031,2,2,2,2,0,0.0
lm.facebook.com,20181002,1,1,1,1,0,0.0
lm.facebook.com,20181025,1,1,1,0,0,0.0
m.facebook.com,20181003,1,1,1,1,0,0.0
m.facebook.com,20181009,1,1,1,0,0,0.0
m.facebook.com,20181022,2,2,2,2,0,0.0
m.facebook.com,20181023,2,1,3,1,0,0.0
m.facebook.com,20181024,1,1,2,1,0,0.0
m.facebook.com,20181027,1,1,1,1,0,0.0
m.facebook.com,20181029,1,1,1,0,0,0.0
soundcloud.com,20181023,1,0,1,0,0,0.0
stephen-mccaskell-cxry.squarespace.com,20181009,1,0,2,1,0,0.0
stephen-mccaskell-cxry.squarespace.com,20181011,1,0,1,0,0,0.0
stephen-mccaskell-cxry.squarespace.com,20181023,1,0,1,0,0,0.0
t.co,20181002,1,1,1,0,0,0.0
t.co,20181007,1,0,1,0,0,0.0
t.co,20181020,1,1,1,0,0,0.0
t.co,20181025,1,0,1,0,0,0.0
t.co,20181029,1,1,1,0,0,0.0
t.co,20181030,1,1,1,0,0,0.0
t.e2ma.net,20181012,1,1,1,1,0,0.0
yahoo,20181023,1,1,1,0,0,0.0
(direct),20181101,3,1,4,2,0,0.0
(direct),20181102,3,1,4,1,0,0.0
(direct),20181103,5,4,5,3,0,0.0
(direct),20181104,5,3,5,4,0,0.0
(direct),20181105,3,3,3,1,0,0.0
(direct),20181106,6,6,6,3,0,0.0
(direct),20181107,1,0,1,1,0,0.0
(direct),20181108,3,3,3,3,0,0.0
(direct),20181109,2,1,2,2,0,0.0
(direct),20181110,2,1,2,1,0,0.0
(direct),20181111,22,21,22,20,0,0.0
(direct),20181112,7,4,7,3,0,0.0
(direct),20181113,5,1,5,5,0,0.0
(direct),20181114,2,1,2,1,0,0.0
(direct),20181115,2,2,2,1,0,0.0
(direct),20181117,3,2,3,1,0,0.0
(direct),20181118,2,1,2,1,0,0.0
(direct),20181119,6,2,6,5,0,0.0
(direct),20181120,4,2,4,2,0,0.0
(direct),20181121,3,2,6,4,0,0.0
(direct),20181122,3,1,4,3,0,0.0
(direct),20181123,4,2,4,2,0,0.0
(direct),20181124,4,3,4,4,0,0.0
(direct),20181125,1,1,1,1,0,0.0
(direct),20181126,5,3,5,1,0,0.0
(direct),20181127,2,2,2,0,0,0.0
(direct),20181128,1,0,1,1,0,0.0
(direct),20181129,3,3,3,3,0,0.0
(direct),20181130,1,0,1,0,0,0.0
coalicionporelevangelio.org,20181102,18,15,19,16,0,0.0
coalicionporelevangelio.org,20181103,14,11,16,12,0,0.0
coalicionporelevangelio.org,20181104,11,8,11,9,0,0.0
coalicionporelevangelio.org,20181105,10,8,10,6,0,0.0
coalicionporelevangelio.org,20181106,7,6,7,5,0,0.0
coalicionporelevangelio.org,20181108,19,15,20,17,0,0.0
coalicionporelevangelio.org,20181109,16,14,16,9,0,0.0
coalicionporelevangelio.org,20181110,9,9,9,8,0,0.0
coalicionporelevangelio.org,20181111,13,13,15,14,0,0.0
coalicionporelevangelio.org,20181112,2,1,2,2,0,0.0
coalicionporelevangelio.org,20181113,1,1,1,1,0,0.0
coalicionporelevangelio.org,20181121,24,20,24,23,0,0.0
coalicionporelevangelio.org,20181122,12,10,12,10,0,0.0
coalicionporelevangelio.org,20181123,2,1,2,0,0,0.0
coalicionporelevangelio.org,20181124,1,1,1,1,0,0.0
coalicionporelevangelio.org,20181129,12,8,13,12,0,0.0
coalicionporelevangelio.org,20181130,11,11,11,8,0,0.0
facebook.com,20181102,2,2,2,2,0,0.0
facebook.com,20181113,1,1,1,1,0,0.0
facebook.com,20181115,1,1,1,0,0,0.0
facebook.com,20181120,1,1,1,0,0,0.0
facebook.com,20181123,2,2,2,1,0,0.0
facebook.com,20181126,1,0,1,0,0,0.0
google,20181101,5,2,6,3,0,0.0
google,20181102,4,2,4,0,0,0.0
google,20181103,3,3,3,1,0,0.0
google,20181104,3,1,3,1,0,0.0
google,20181105,3,1,3,0,0,0.0
google,20181106,2,1,2,0,0,0.0
google,20181107,1,0,1,1,0,0.0
google,20181108,4,3,4,1,0,0.0
google,20181109,2,1,2,2,0,0.0
google,20181110,3,2,3,0,0,0.0
google,20181111,1,1,2,1,0,0.0
google,20181112,6,3,12,3,0,0.0
google,20181113,4,4,6,2,0,0.0
google,20181114,1,0,1,1,0,0.0
google,20181115,2,0,3,1,0,0.0
google,20181116,1,0,1,1,0,0.0
google,20181117,1,0,1,0,0,0.0
google,20181118,2,0,3,0,0,0.0
google,20181119,3,1,3,2,0,0.0
google,20181120,2,0,3,2,0,0.0
google,20181121,3,1,3,1,0,0.0
google,20181122,3,1,3,0,0,0.0
google,20181123,2,0,2,1,0,0.0
google,20181124,1,0,2,1,0,0.0
google,20181125,1,1,1,0,0,0.0
google,20181126,3,0,3,1,0,0.0
google,20181127,2,0,2,0,0,0.0
google,20181128,3,1,4,0,0,0.0
google,20181129,4,1,5,0,0,0.0
google,20181130,2,1,2,0,0,0.0
keep.google.com,20181106,1,0,1,0,0,0.0
keep.google.com,20181109,1,0,1,1,0,0.0
l.facebook.com,20181110,1,0,1,1,0,0.0
l.facebook.com,20181113,1,0,1,1,0,0.0
l.facebook.com,20181114,1,1,2,2,0,0.0
l.facebook.com,20181119,1,0,2,2,0,0.0
l.facebook.com,20181120,1,0,1,1,0,0.0
l.facebook.com,20181121,1,1,1,0,0,0.0
l.facebook.com,20181128,1,0,1,1,0,0.0
l.instagram.com,20181105,1,1,1,0,0,0.0
l.instagram.com,20181107,2,2,2,2,0,0.0
l.instagram.com,20181108,2,2,2,1,0,0.0
l.instagram.com,20181110,1,1,1,1,0,0.0
l.instagram.com,20181111,1,1,1,0,0,0.0
l.instagram.com,20181112,2,2,2,0,0,0.0
l.instagram.com,20181119,1,1,1,0,0,0.0
l.instagram.com,20181123,1,1,1,1,0,0.0
l.instagram.com,20181130,1,1,1,0,0,0.0
lm.facebook.com,20181108,1,1,1,0,0,0.0
m.facebook.com,20181113,1,1,1,0,0,0.0
m.facebook.com,20181114,1,1,1,1,0,0.0
m.facebook.com,20181115,2,2,2,2,0,0.0
m.facebook.com,20181130,1,1,1,0,0,0.0
soundcloud.com,20181115,1,0,1,0,0,0.0
soundcloud.com,20181119,1,0,1,0,0,0.0
soundcloud.com,20181120,1,0,1,1,0,0.0
soundcloud.com,20181127,1,0,1,0,0,0.0
t.co,20181105,1,1,1,1,0,0.0
t.co,20181115,1,1,1,0,0,0.0
t.co,20181127,1,0,1,1,0,0.0
t.co,20181128,1,1,1,0,0,0.0
t.co,20181129,1,0,3,1,0,0.0
t.co,20181130,1,0,1,0,0,0.0
(direct),20181201,2,1,3,2,0,0.0
(direct),20181203,1,0,1,0,0,0.0
(direct),20181204,2,0,3,3,0,0.0
(direct),20181205,3,1,3,2,0,0.0
(direct),20181206,5,2,5,3,0,0.0
(direct),20181207,1,0,1,0,0,0.0
(direct),20181208,1,0,1,1,0,0.0
(direct),20181209,1,0,1,1,0,0.0
(direct),20181210,1,0,1,1,0,0.0
(direct),20181211,2,2,2,1,0,0.0
(direct),20181212,2,1,4,2,0,0.0
(direct),20181213,1,0,1,1,0,0.0
(direct),20181214,5,4,5,4,0,0.0
(direct),20181215,1,0,3,1,0,0.0
(direct),20181216,1,0,1,1,0,0.0
(direct),20181217,1,1,1,0,0,0.0
(direct),20181218,2,1,2,1,0,0.0
(direct),20181219,3,1,3,2,0,0.0
(direct),20181220,1,1,1,1,0,0.0
(direct),20181221,2,0,2,1,0,0.0
(direct),20181222,1,1,1,0,0,0.0
(direct),20181223,1,0,2,1,0,0.0
(direct),20181224,1,1,1,1,0,0.0
(direct),20181225,1,0,1,1,0,0.0
(direct),20181228,2,2,2,0,0,0.0
(direct),20181230,3,2,3,1,0,0.0
(direct),20181231,1,0,1,0,0,0.0
coalicionporelevangelio.org,20181201,8,7,9,6,0,0.0
coalicionporelevangelio.org,20181202,4,3,4,3,0,0.0
coalicionporelevangelio.org,20181203,2,1,2,2,0,0.0
coalicionporelevangelio.org,20181204,1,0,1,1,0,0.0
coalicionporelevangelio.org,20181208,1,0,1,1,0,0.0
facebook.com,20181206,2,1,2,1,0,0.0
facebook.com,20181216,1,0,1,0,0,0.0
facebook.com,20181218,1,0,1,0,0,0.0
facebook.com,20181222,1,1,1,1,0,0.0
facebook.com,20181223,2,2,2,2,0,0.0
facebook.com,20181227,1,1,1,0,0,0.0
google,20181201,1,0,1,0,0,0.0
google,20181203,2,1,2,2,0,0.0
google,20181204,1,1,1,0,0,0.0
google,20181205,1,0,1,0,0,0.0
google,20181206,3,0,4,0,0,0.0
google,20181207,3,1,3,1,0,0.0
google,20181208,1,0,1,0,0,0.0
google,20181210,3,0,3,0,0,0.0
google,20181211,3,2,3,1,0,0.0
google,20181213,1,0,2,1,0,0.0
google,20181214,2,0,2,0,0,0.0
google,20181215,2,0,2,0,0,0.0
google,20181217,1,0,2,1,0,0.0
google,20181218,3,1,4,1,0,0.0
google,20181220,2,0,2,0,0,0.0
google,20181221,3,0,3,0,0,0.0
google,20181222,4,2,4,1,0,0.0
google,20181223,1,0,1,1,0,0.0
google,20181224,2,0,4,1,0,0.0
google,20181225,2,2,2,1,0,0.0
google,20181227,1,0,1,0,0,0.0
google,20181229,3,2,5,2,0,0.0
google,20181231,2,0,2,0,0,0.0
l.facebook.com,20181205,1,0,1,1,0,0.0
l.facebook.com,20181218,1,0,1,1,0,0.0
l.instagram.com,20181204,1,1,1,0,0,0.0
l.instagram.com,20181206,1,1,1,0,0,0.0
l.instagram.com,20181209,1,0,2,1,0,0.0
l.instagram.com,20181214,1,0,1,1,0,0.0
l.instagram.com,20181230,1,1,1,0,0,0.0
lm.facebook.com,20181214,1,1,1,0,0,0.0
lm.facebook.com,20181219,1,1,1,0,0,0.0
lm.facebook.com,20181223,1,1,1,0,0,0.0
m.facebook.com,20181220,1,0,1,0,0,0.0
m.facebook.com,20181223,1,1,1,1,0,0.0
m.facebook.com,20181229,1,1,1,1,0,0.0
search.mysearch.com,20181206,1,1,1,0,0,0.0
soundcloud.com,20181203,1,0,1,0,0,0.0
soundcloud.com,20181206,1,0,1,1,0,0.0
soundcloud.com,20181212,1,0,2,1,0,0.0
soundcloud.com,20181213,1,0,2,1,0,0.0
soundcloud.com,20181214,1,0,2,0,0,0.0
soundcloud.com,20181217,1,0,1,0,0,0.0
soundcloud.com,20181218,1,0,1,0,0,0.0
soundcloud.com,20181219,1,0,1,1,0,0.0
soundcloud.com,20181226,1,0,1,0,0,0.0
soundcloud.com,20181227,1,0,1,1,0,0.0
t.co,20181202,1,0,1,0,0,0.0
t.co,20181203,1,0,1,0,0,0.0
t.co,20181204,1,0,1,0,0,0.0
t.co,20181205,1,0,1,0,0,0.0
t.co,20181206,1,0,1,1,0,0.0
t.co,20181210,1,1,1,0,0,0.0
t.co,20181213,2,2,2,0,0,0.0
yahoo,20181209,1,1,1,0,0,0.0
