ga:source,ga:date,ga:users,ga:newUsers,ga:sessions,ga:bounces,ga:transactions,ga:transactionRevenue
(direct),20190105,2,2,2,2,0,0.0
bing,20190105,1,1,1,1,0,0.0
bing,20190106,1,1,1,0,0,0.0
duckduckgo.com,20190101,1,1,1,0,0,0.0
facebook.com,20190102,1,1,1,1,0,0.0
facebook.com,20190104,2,2,2,2,0,0.0
facebook.com,20190105,1,0,1,1,0,0.0
google,20190101,1,1,1,1,0,0.0
google,20190102,3,3,3,2,0,0.0
google,20190104,2,2,2,0,0,0.0
google,20190105,1,1,1,1,0,0.0
google,20190106,4,4,6,5,0,0.0
haventoday.org,20190101,1,1,1,1,0,0.0
haventoday.org,20190102,2,2,3,0,0,0.0
haventoday.org,20190106,1,1,1,1,0,0.0
haventoday.org,20190107,2,1,2,1,0,0.0
m.facebook.com,20190104,4,4,4,3,0,0.0
m.facebook.com,20190105,1,1,1,1,0,0.0
m.facebook.com,20190106,1,1,1,1,0,0.0
yahoo,20190101,1,1,1,1,0,0.0
yahoo,20190105,1,1,1,0,0,0.0
(direct),20190221,3,3,3,3,0,0.0
500-good-starts.xyz,20190417,1,1,1,1,0,0.0
check-pro1.xyz,20190505,3,3,3,3,0,0.0
enter-url-1.xyz,20190509,1,1,1,1,0,0.0
free-stat1.xyz,20190513,1,1,1,1,0,0.0
great-n1.xyz,20190501,2,2,2,2,0,0.0
